/*
 Navicat Premium Data Transfer

 Source Server         : 192.168.2.5
 Source Server Type    : MySQL
 Source Server Version : 50724
 Source Host           : 192.168.2.5:3306
 Source Schema         : flowable-huangxj

 Target Server Type    : MySQL
 Target Server Version : 50724
 File Encoding         : 65001

 Date: 07/04/2022 16:51:32
*/

SET NAMES utf8mb4;
SET FOREIGN_KEY_CHECKS = 0;

-- ----------------------------
-- Table structure for act_evt_log
-- ----------------------------
DROP TABLE IF EXISTS `act_evt_log`;
CREATE TABLE `act_evt_log`  (
  `LOG_NR_` bigint(20) NOT NULL AUTO_INCREMENT,
  `TYPE_` varchar(64) CHARACTER SET utf8 COLLATE utf8_bin DEFAULT NULL,
  `PROC_DEF_ID_` varchar(64) CHARACTER SET utf8 COLLATE utf8_bin DEFAULT NULL,
  `PROC_INST_ID_` varchar(64) CHARACTER SET utf8 COLLATE utf8_bin DEFAULT NULL,
  `EXECUTION_ID_` varchar(64) CHARACTER SET utf8 COLLATE utf8_bin DEFAULT NULL,
  `TASK_ID_` varchar(64) CHARACTER SET utf8 COLLATE utf8_bin DEFAULT NULL,
  `TIME_STAMP_` timestamp(3) NOT NULL DEFAULT CURRENT_TIMESTAMP(3),
  `USER_ID_` varchar(255) CHARACTER SET utf8 COLLATE utf8_bin DEFAULT NULL,
  `DATA_` longblob,
  `LOCK_OWNER_` varchar(255) CHARACTER SET utf8 COLLATE utf8_bin DEFAULT NULL,
  `LOCK_TIME_` timestamp(3) DEFAULT NULL,
  `IS_PROCESSED_` tinyint(4) DEFAULT 0,
  PRIMARY KEY (`LOG_NR_`) USING BTREE
) ENGINE = InnoDB AUTO_INCREMENT = 1 CHARACTER SET = utf8 COLLATE = utf8_bin ROW_FORMAT = Dynamic;

-- ----------------------------
-- Table structure for act_ge_bytearray
-- ----------------------------
DROP TABLE IF EXISTS `act_ge_bytearray`;
CREATE TABLE `act_ge_bytearray`  (
  `ID_` varchar(64) CHARACTER SET utf8 COLLATE utf8_bin NOT NULL,
  `REV_` int(11) DEFAULT NULL,
  `NAME_` varchar(255) CHARACTER SET utf8 COLLATE utf8_bin DEFAULT NULL,
  `DEPLOYMENT_ID_` varchar(64) CHARACTER SET utf8 COLLATE utf8_bin DEFAULT NULL,
  `BYTES_` longblob,
  `GENERATED_` tinyint(4) DEFAULT NULL,
  PRIMARY KEY (`ID_`) USING BTREE,
  INDEX `ACT_FK_BYTEARR_DEPL`(`DEPLOYMENT_ID_`) USING BTREE,
  CONSTRAINT `ACT_FK_BYTEARR_DEPL` FOREIGN KEY (`DEPLOYMENT_ID_`) REFERENCES `act_re_deployment` (`ID_`) ON DELETE RESTRICT ON UPDATE RESTRICT
) ENGINE = InnoDB CHARACTER SET = utf8 COLLATE = utf8_bin ROW_FORMAT = Dynamic;

-- ----------------------------
-- Records of act_ge_bytearray
-- ----------------------------
INSERT INTO `act_ge_bytearray` VALUES ('0282c2b8-ab50-11ec-9ff3-120ba98bd27c', 1, 'Process_98.bpmn20.xml', '02829ba7-ab50-11ec-9ff3-120ba98bd27c', 0x3C3F786D6C2076657273696F6E3D22312E302220656E636F64696E673D225554462D38223F3E0A3C62706D6E323A646566696E6974696F6E7320786D6C6E733A7873693D22687474703A2F2F7777772E77332E6F72672F323030312F584D4C536368656D612D696E7374616E63652220786D6C6E733A62706D6E323D22687474703A2F2F7777772E6F6D672E6F72672F737065632F42504D4E2F32303130303532342F4D4F44454C2220786D6C6E733A62706D6E64693D22687474703A2F2F7777772E6F6D672E6F72672F737065632F42504D4E2F32303130303532342F44492220786D6C6E733A64633D22687474703A2F2F7777772E6F6D672E6F72672F737065632F44442F32303130303532342F44432220786D6C6E733A64693D22687474703A2F2F7777772E6F6D672E6F72672F737065632F44442F32303130303532342F44492220786D6C6E733A666C6F7761626C653D22687474703A2F2F666C6F7761626C652E6F72672F62706D6E222069643D226469616772616D5F50726F636573735F393822207461726765744E616D6573706163653D22687474703A2F2F666C6F7761626C652E6F72672F62706D6E223E3C62706D6E323A70726F636573732069643D2250726F636573735F393822206E616D653D22E8AFB7E581872220697345786563757461626C653D2274727565223E3C62706D6E323A73746172744576656E742069643D224576656E745F30307734783078223E3C62706D6E323A6F7574676F696E673E466C6F775F313763356931633C2F62706D6E323A6F7574676F696E673E3C2F62706D6E323A73746172744576656E743E3C62706D6E323A757365725461736B2069643D2241637469766974795F3163737531637A22206E616D653D22E4B880E7BAA7E5AEA1E689B92220666C6F7761626C653A61737369676E65653D2261646D696E223E3C62706D6E323A696E636F6D696E673E466C6F775F313763356931633C2F62706D6E323A696E636F6D696E673E3C62706D6E323A6F7574676F696E673E466C6F775F31366A707972763C2F62706D6E323A6F7574676F696E673E3C2F62706D6E323A757365725461736B3E3C62706D6E323A73657175656E6365466C6F772069643D22466C6F775F313763356931632220736F757263655265663D224576656E745F3030773478307822207461726765745265663D2241637469766974795F3163737531637A22202F3E3C62706D6E323A757365725461736B2069643D2241637469766974795F3076393370643522206E616D653D22E4BA8CE7BAA7E5AEA1E689B92220666C6F7761626C653A61737369676E65653D223133353730393133383134223E3C62706D6E323A696E636F6D696E673E466C6F775F31366A707972763C2F62706D6E323A696E636F6D696E673E3C62706D6E323A6F7574676F696E673E466C6F775F313331636E77663C2F62706D6E323A6F7574676F696E673E3C2F62706D6E323A757365725461736B3E3C62706D6E323A73657175656E6365466C6F772069643D22466C6F775F31366A707972762220736F757263655265663D2241637469766974795F3163737531637A22207461726765745265663D2241637469766974795F3076393370643522202F3E3C62706D6E323A656E644576656E742069643D224576656E745F3033393874646E223E3C62706D6E323A696E636F6D696E673E466C6F775F313331636E77663C2F62706D6E323A696E636F6D696E673E3C2F62706D6E323A656E644576656E743E3C62706D6E323A73657175656E6365466C6F772069643D22466C6F775F313331636E77662220736F757263655265663D2241637469766974795F3076393370643522207461726765745265663D224576656E745F3033393874646E22202F3E3C2F62706D6E323A70726F636573733E3C62706D6E64693A42504D4E4469616772616D2069643D2242504D4E4469616772616D5F31223E3C62706D6E64693A42504D4E506C616E652069643D2242504D4E506C616E655F31222062706D6E456C656D656E743D2250726F636573735F3938223E3C62706D6E64693A42504D4E456467652069643D22466C6F775F313763356931635F6469222062706D6E456C656D656E743D22466C6F775F31376335693163223E3C64693A776179706F696E7420783D223336382220793D2233373022202F3E3C64693A776179706F696E7420783D223432302220793D2233373022202F3E3C2F62706D6E64693A42504D4E456467653E3C62706D6E64693A42504D4E456467652069643D22466C6F775F31366A707972765F6469222062706D6E456C656D656E743D22466C6F775F31366A70797276223E3C64693A776179706F696E7420783D223532302220793D2233373022202F3E3C64693A776179706F696E7420783D223538302220793D2233373022202F3E3C2F62706D6E64693A42504D4E456467653E3C62706D6E64693A42504D4E456467652069643D22466C6F775F313331636E77665F6469222062706D6E456C656D656E743D22466C6F775F313331636E7766223E3C64693A776179706F696E7420783D223638302220793D2233373022202F3E3C64693A776179706F696E7420783D223734322220793D2233373022202F3E3C2F62706D6E64693A42504D4E456467653E3C62706D6E64693A42504D4E53686170652069643D224576656E745F303077347830785F6469222062706D6E456C656D656E743D224576656E745F30307734783078223E3C64633A426F756E647320783D223333322220793D22333532222077696474683D22333622206865696768743D22333622202F3E3C2F62706D6E64693A42504D4E53686170653E3C62706D6E64693A42504D4E53686170652069643D2241637469766974795F3163737531637A5F6469222062706D6E456C656D656E743D2241637469766974795F3163737531637A223E3C64633A426F756E647320783D223432302220793D22333330222077696474683D2231303022206865696768743D22383022202F3E3C62706D6E64693A42504D4E4C6162656C202F3E3C2F62706D6E64693A42504D4E53686170653E3C62706D6E64693A42504D4E53686170652069643D2241637469766974795F307639337064355F6469222062706D6E456C656D656E743D2241637469766974795F30763933706435223E3C64633A426F756E647320783D223538302220793D22333330222077696474683D2231303022206865696768743D22383022202F3E3C62706D6E64693A42504D4E4C6162656C202F3E3C2F62706D6E64693A42504D4E53686170653E3C62706D6E64693A42504D4E53686170652069643D224576656E745F3033393874646E5F6469222062706D6E456C656D656E743D224576656E745F3033393874646E223E3C64633A426F756E647320783D223734322220793D22333532222077696474683D22333622206865696768743D22333622202F3E3C2F62706D6E64693A42504D4E53686170653E3C2F62706D6E64693A42504D4E506C616E653E3C2F62706D6E64693A42504D4E4469616772616D3E3C2F62706D6E323A646566696E6974696F6E733E, 0);
INSERT INTO `act_ge_bytearray` VALUES ('03a0b5d9-ab50-11ec-9ff3-120ba98bd27c', 1, 'Process_98.Process_98.png', '02829ba7-ab50-11ec-9ff3-120ba98bd27c', 0x89504E470D0A1A0A0000000D4948445200000314000001A40806000000A8D663CD0000132D4944415478DAEDDD5D6C56759E07702F348EC9247AA1714D265193B9980B13E7628D9BB81A2FD6642E2651132BF629089620AB928AF84234A00BBEBB58472A312A11D63171092BE036C659CA4B0B618AC1101604C9B22802A5526471A90C43A99E3DBF273DDD43A1BCB67D5EFAF924BFF4A14F294DF9E59CEFFF7FFEFF732EBA0800000000000000000000000000000000000000000000000000000000000000000000000000000000000000000000000000000000000000000000000000000000000000000000000000000000000000000000000000000000000000000000000000000000000000000000000000000000000000000000000000000000000000000000000000000000000000000000000000000000000000000000000000000000000000000000000000000000000000000000000000000000000000000000000000000000000000000000000000000000000000000000000000000000000000000000000000000000000000000000000000000000000000000000000000000000000000000000000000000000000000000000000000000000000000000000000000000000000000000000000000000000000000000000000000000000000000000000000000000000000000000000000000000000000000000000000000000000000000000000000000000000000000000000000000000000000000000000000000000000000000000000000000000000000000000000000000000000000000000000000000000000000000000000000000000000000000000000000000000000000000000000000000000000000000000000000000000000000000000000000000000000000000000000000000000000000000000000000000000000000000000000000000000000000000000000000000000000000000000000000000000000000000000000000000000000000000000000000000000000000000000000000000000000000000000000000000000000000000000000000000000000000000000000000000000000000000000000000000000000000000000000000000000000000000000000000000000000000000000000000000000000000000000000000000000000000000000000000000000000000000000000000000000000000000000000000000000000000000000000000000000000000000000000000000000000000000000000000000000000000000000000000000000000000000000000000000000000000000000000000000000000000000000000000000000000000000000000000000000000000000000000000000000000000000000000000000000000000000000000000000000000000000000000000000000000000000000000000000000000000000000000000000000000000000000000000000000000000000000000000000000000000000000000000000000000000000000000000000000000000000000000000000000000000000000000000000000000000000000000000000000000000000000000000000000000000000000000000000000000000000000000000000000000000000000000000000184149925CFCF5D75F2F5EBF7EFD4F2B57AE4C5A5A5AD408D78A152B92356BD67C9FD658FDA71FF41F00505122CCAD5DBB36E9EAEA4A8E1D3BA64A54070E1C48DADADAFE370D77F7E83FA5FF00808A1133C3C25CD984BA632D2D2D5FE93FA5FF00808A11CB4C84A9F2A934D01DD77F4AFF01001523D6500B526515E812FDA7F41F00507581EEC71F3A93AF372C48B6AE985DAC781D9F13C2043AFDA7FF0000038AD356F7A18EE4CBFF9899FCE7A74F9E50F1B9784F1013E8F49FFE03000C2806AD3D5BFFFDA43097D5DEADCD829840A7FFF41F00604031787DB5FAD541035DBC27880974FA4FFF0100061483D6972DFF3468A08BF70431814EFFE93F00C08042A013E8F49FFE33A00000863ED0C55D75060B74F19E2026D0E93FFD070018500C5A3BD6BD3568A08BF70431814EFFE93F00C08062D03AD8B139F972F973272F37493F17EF0962029DFED37F008001C569EB9B2F3E3829D0C5E78430814EFFE93F00C080E2F4F5D7BF263BFEFCF6C9CB4DD2CFC57B829840A7FFF41F00604031E8538AFF6B5DD3A06BD8E33D4F2B16E8F49FFE03000C284E9A15EEDCB12AD9F2A767060D7359C5D7C4D79A2D16E8F49FFE03000C28CE382B6CB658A0D37FFA0F0060D0407736B3C2A79B2D16CC043AFDA7FF0080511CE8CE37CC6525980974FA4FFF0100A338D029814EFFE93F063761C2842BEEBBEFBE7BD26A4AAB3DADCEB4925CC59FDBC78C19F35E6D6DEDD8B4AEF45B03A8207BF7EEBD71E9D2A57F98376FDE973366CCE89E3265CA4F757575FD07FA499326F53CFEF8E30767CD9AB566CE9C39FF989E187E614021480974FA4F19509C493A40F87D7A1E694E0708BD03061067ACF4EFB4A475D7EDB7DF7EB1DF2440194A92E4E2F6F6F6A7E6CE9DDB990E1892975F7E3959B26449B269D3A6A4A3A323E9EDED4D32070F1E4C366FDE9C2C5BB62C79EBADB7927440D1FBE4934FFEB9BEBEFE46030A25D0E93FFDC740E980E06FD3C1C0FA731D440C521BD2EFF53BBF558032D2D6D656FFC61B6F743FFCF0C3C9E2C58B93CECECEE45C1C3A74A878127DE491478E373434AC4B0FF6D709744AA0D37FFA8FB89A9086FF974F754562FAF4E9C573CEBA75EB92DDBB7727478F1E2D9E537A7A7A8A7F5EBF7E7D71626BE6CC99830D2C9A46FB157280928BAB128B162DDA525F5F9F7CF4D147FD07F3F3155731E2AAC5B871E38E4F9C3871BA40A7043AFDA7FF46AFBABABA5F0DBC2A919E1F92050B169CF3C4D5AE5DBB92F9F3E7C715F181838A2DF1EFF86D0394407A30BFAEA9A9A96BEAD4A9C503F5508AEFF7D8638F1D9D3469D287A361F648A013E8F49F32A038513A90F84DA150D8970FFFB194B6ABABEB82CE2FB1E476F6ECD90307157B46DB957180B2184CC412A7B88C1CCB9586435CED78F1C5178F4C9C38F1B36ADF4027D00974FA4F1950FCBFB862901F4CC45589D6D6D613F6E25DA8B56BD716BFAF41054009C432A7B8321183890B5DE274364BA05E78E185C3E9417FBE40A7043AFDA7FFAA5FDF9E89FE654E7187C0EDDBB70FCB3926F6580C5802B5A5A6A6E697CEF400C32CF64CC432A7C3870F272321062D0D0D0D87D393CA53029D12E8F49FFEAB6EB1013B7F6562B80613F94145FEB6E6B151DB991E6018AD59B366526CC01EEA3D1367B3A7223DE01FADA9A9F9B540A7043AFDA7FFAA53DFAD61FBEFE614CB9C46422C7F1AF0BC0AB79405180EB1D4E9F5D75FFF31EEE6540A4B962CF9211D542C11E89440A7FFF45F75CA2F758A0DD843B967E24C066CD4DEE0E17700C3201E5A17CF9918EE7D13A7DB4F515F5FBFBF5028FC56A053029DFED37FD5A5EF09D8FD4B9D2EF46E4EE773F7A7FC7E8A78A2B6333FC0106B6C6CEC8C07089552737373DC85E38F029D12E8F49FFEAB2EE9B1BD390BF3F19C8952F8F0C30FF3038A16677E8021B477EFDE1B274D9A74CE0F121A6A718BDA42A1F03FD5F66C0A814EA0D37F6A340F28D263FA15F9BD13A53AD7C45591FC06EDF467BA52020018224B972EFDC36BAFBD969483A79F7E7A435C1AAF84DF5BCC70A5F5F7029D40A7FFD4681D509C4D1FA6E1FD9E2CC44F9F3EBDA4E798B8257A6E4031560200182273E7CEDDBA64C992B218502C5CB8704BA5DCD62F7FE93C1D04FD9D4027D0E93F35DA061467D387714CCFBEAED44B6BE35C97FD2CE9CFFB9E0400304466CC98D1BD69D3A6B218506CDCB871477AA06FAFA41369AE3E3BD54C9D4027D0E93F55ED038AD3F5611CD3B3F7D7AD5B57D2734C3C9722F7B3B64B00004364CA94293F957AFF44E6FBEFBFFF313DC87756E889B47FA62E7F4215E8043AFDA746D180E2A43E8C637AF6F9DDBB7797F41CD3D1D191FF393B25008021129BD446F27EE0671207FA4A3E91E667EA6209804027D0E93F35DA0614F93ECCFFB9A7A7A7A4E797F8F7F33F8F04003084278472721627A88A2A81AEBCAADAFA4BFFE9BF4AAA723BC7480000D57985A2BB0AAE5014EF54953D89B512025D7B7B7BFCCE933D7BF624E9CF5DACFBEFBF3FF9E4934F8A9FFFE69B6F06FDBBF1FE9C39734EFBFDE36B9E78E289E2EB458B16151FA0987D3EEE0D6F8658FFE9BFEAEDC3FCE74BF5F05457280086D9430F3D74AC5CF650ECDFBFFFCB0ADE43714290CB5442A08B60D5D4D4547CDDDDDD5DFCF3CE9D3B8B4F978DD711C2B2AF6D6B6B2B06BD2CF05D73CD35C9ADB7DE5A7C1DF5F1C71F27D75F7FFD49DF7FFEFCF9FDAF3FF8E083FED7F9EF2DD0E93FFD577D7D98DF43B16BD72E7B2800AAD1534F3DF55DB9DCE5A9BDBDBDB502EFF2D45E5B5B7BD7C0205729816EEDDAB5C9A79F7EDA1FB0BEF8E28BFE59E1FCCC6E3E9CE54358FCF9F9E79FEFFFF325975C12CF1329BE8EEF91CD32DF76DB6DC52017AFB76FDFDEFF77376FDE5CFCF8E69B6F0A7455D07F31037DF3CD37172B427F56D10771CBD0F8BF8E4181FEABBA01C5A07DE82E4F00A3C0ECD9B39797CB73281A1B1B9B2BE83914A79C11AEA401452C31C9666CAFBAEAAA64DAB469FD416BF5EAD5C58FF3E6CD3B61C637669057AE5CD93F231C5F535F5F5F7C7DF7DD7717C3E3A966A0F333C4575F7D75B27CF9F2E2EBF8DEF98029D0557EFF1D397244FF8D9E01C519FB30FF1C8A180C7A0E0540157AF5D5571F983367CECFE530A0983C797273A53C29FB6C8D64A03B70E0C0096BD0075684AE98898D2015A12CFECEB66DDB8AB386F1B96C86397B3F02DFB5D75E9BDC71C71D2705B4986DCE5EC7F78DD79F7DF65972F9E5979F32D0C50C7136FB1C6BE6072E7511E82ABFFFCEA7F45FF5F3A46C805160C28409BFA8AFAFEF89F5CA257E0645EC9F38103F8F4037FCB3C359C55AF50856870E1D4AF6EDDBD7BF04E4965B6E1974E36AF6FEC019E258CF7EE79D77F67F5D7CAF58B2125FF3EEBBEF9E320C5AC33EBA0714FA6F549C63AE488FEDC7B3201FFFE7A5D0D5D595140A859F73038A2B25008021347DFAF4D5CDCDCD251D50343535FD4B7A90FFA34037B2838F085559C88A40176BD0B3E526F1B9575E79E59433BE6713E8BEFBEEBBFEC098CD220F0C745980DCBB77AF40A7FFF45F954A8FEDCD59907FE79D774A728E898169FEC17BCEFC00432C3D21DFF8E0830FF696EA967EBDBDBD7BD203FC7F170A85DF0A74235FF1FF7EC30D37241B376E2C86AB6FBFFDB6FFF5A99684C4D2927CB8CBC25A6C768D252C675AC31E212EBFF936025E762B4F814EFFE9BFEA134B59B3303F6EDCB8E2D582911457E0C78F1F9FBF3A7197333FC03078F4D147DB4AB539FBA5975E5A981EE4170B74A5596E72D965971543DC457DCB4BB2CDB20B172E2C7E7CFFFDF74F7BCBCF2CD00DACD8409BDD0634BE57F6F551D95AF9E79E7BAEF831BB338F4057B9FD77367B781A1B1BFBF748E8BFD1257FB7A7D9B3678FE8F38FE2DFCBDFDAF64C373300E03CD5D4D4FCCD030F3C706CA4EF13BE6DDBB6B6F400DF9DFEFBBF16E84A33A8888F975E7A697176377EDE9B6EBAA9FFFD6C26373E9E6BA08B8AE7025C3460236CF6BA14654031FC571BF49FFE3B957BEFBDF71FF2CFAC686D6D1D91734CDC9A38FFEFD6D6D6FECE191F6018150A8586A953A7FE65A4963E1D3972646BFA6F6E4D0FF24F08744AA0D37FFAAFBAA5C7FA7FCE827D5D5D5D31EC0FF77327C68E1DFB736E40D1E44C0F3002264E9CF8C1AC59B3867D50D1DBDBBBABBEBE7E557A807F5BA053029DFED37FD52F961AE5973EC5A062B81E76178389F1E3C7FF941B4C6CA9A9A9F9A5B33CC0081DF0D3A0FFC9B3CF3E7B78B806157165221DB8AC8E7D13D5769B58814EA0D37F4AFF0D2E1D44FC2A3DF6EFC80F2A62F9D350EEA9882B1F03AE4CEC49EB3A677880111E54140A85771A1A1A0E0FF59E8AD833D1B7CCE9ED6A1F4C0874029DFE530614278B709F1F54641BB52FF4EE4F7137A7011BB00D26004A6DCC983153EAEAEA7E5CB468D1A19E9E9E0BBE356CDFDD9CBAAB79CF844027D0E93FA5FFCEACEF4A457B3EFCC72D65172C58907476769EF343EBE20E61F95BC366CB9C0C2600CA40DCFDA9B6B6F6DFD203F50F8B172FDE79F0E0C1E3E7FA04EC78685DFA3DB6C712A7F4E36F043A25D0E93FFD475C0D1F3366CC1B030601C57AE699678A4F328F3D1671A53C9BD48A8F1D1D1DC53D12CB962D4B66CE9C79C213B0F31BB0ED99002833E941FF86B4DE4B0FDC87A74D9BB669FEFCF99B3EFFFCF39DFBF6ED3B921B3F74C700A2BDBDBDB5B1B1B179F2E4C9F174D403E920E2A36A7C689D4027D0E93FA5FF2E5CDF2D65DB4F35B0388FDAE0D6B000652EF63DF41DFCE3F67FB1B1FA9BB48EE70EE69D7D2786A6783AEA68D82721D00974FA4FE9BF2199B88A276A370F38A79C55A58388967802B687D60120D029814EFFE93F135757A4838BFB6262AA6F82AA73C000A238711557CDD341C4D8589AEBB7068040A7043AFDA7FF0000043A814EFF29FD07000874029DFE53FA0F0010E8940185FF77FD070008744AA0D37FFA0F0030A050029DFED37F0000029D40A7FF94FE0300043A814EFF29FD070008744AA0D37FFA0F0010E89440A7FFF41F00804027D0E93FA5FF0000814EA0D37F4AFF0100029D32A050FA0F0010E89440A7FFF41F006040A1043AFDA7FF0000043A814EFF29FD07000874029DFE53FA0F00285F2B57AE14A4CAA78EA681EEB8FE53FA0F00A8186BD6ACE9ECEAEA12A6CAA03A3A3AFE350D745FE93FA5FF00808AB16AD5AA3B5B5B5B7FD8BF7FFF5F84AAD2CD0C47985BB162C5B769DDA3FF94FE03002A4A1A227EDFD2D2B221963BC41A6A35E215BFF7AF466B98D37FFA0F000000000000000000000000000000000000000000000000000000380FFF0789F0D390A93060C90000000049454E44AE426082, 1);
INSERT INTO `act_ge_bytearray` VALUES ('060230cf-b648-11ec-bb8d-120ba98bd27c', 1, 'var-gh81mehfdg78e', NULL, 0xACED00057372001E636F6D2E616C69626162612E666173746A736F6E2E4A534F4E417272617900000000000000010200014C00046C6973747400104C6A6176612F7574696C2F4C6973743B7870737200136A6176612E7574696C2E41727261794C6973747881D21D99C7619D03000149000473697A657870000000017704000000017400013178, NULL);
INSERT INTO `act_ge_bytearray` VALUES ('0604c8e1-b648-11ec-bb8d-120ba98bd27c', 1, 'hist.var-gh81mehfdg78e', NULL, 0xACED00057372001E636F6D2E616C69626162612E666173746A736F6E2E4A534F4E417272617900000000000000010200014C00046C6973747400104C6A6176612F7574696C2F4C6973743B7870737200136A6176612E7574696C2E41727261794C6973747881D21D99C7619D03000149000473697A657870000000017704000000017400013178, NULL);
INSERT INTO `act_ge_bytearray` VALUES ('0f22229d-ab19-11ec-8eaa-120ba98bd27c', 1, 'hist.var-gh81mehfdg78e', NULL, 0xACED00057372001E636F6D2E616C69626162612E666173746A736F6E2E4A534F4E417272617900000000000000010200014C00046C6973747400104C6A6176612F7574696C2F4C6973743B7870737200136A6176612E7574696C2E41727261794C6973747881D21D99C7619D03000149000473697A657870000000017704000000017400013178, NULL);
INSERT INTO `act_ge_bytearray` VALUES ('0f4e0f4e-ab50-11ec-9ff3-120ba98bd27c', 1, 'hist.var-gh81mehfdg78e', NULL, 0xACED00057372001E636F6D2E616C69626162612E666173746A736F6E2E4A534F4E417272617900000000000000010200014C00046C6973747400104C6A6176612F7574696C2F4C6973743B7870737200136A6176612E7574696C2E41727261794C6973747881D21D99C7619D03000149000473697A657870000000017704000000017400013178, NULL);
INSERT INTO `act_ge_bytearray` VALUES ('0faa73cd-aa74-11ec-94d9-120ba98bd27c', 1, 'hist.var-gh81mehfdg78e', NULL, 0xACED00057372001E636F6D2E616C69626162612E666173746A736F6E2E4A534F4E417272617900000000000000010200014C00046C6973747400104C6A6176612F7574696C2F4C6973743B7870737200136A6176612E7574696C2E41727261794C6973747881D21D99C7619D03000149000473697A657870000000017704000000017400013178, NULL);
INSERT INTO `act_ge_bytearray` VALUES ('1a2be348-ac1f-11ec-aa4c-120ba98bd27c', 1, 'hist.var-gh81mehfdg78e', NULL, 0xACED00057372001E636F6D2E616C69626162612E666173746A736F6E2E4A534F4E417272617900000000000000010200014C00046C6973747400104C6A6176612F7574696C2F4C6973743B7870737200136A6176612E7574696C2E41727261794C6973747881D21D99C7619D03000149000473697A657870000000017704000000017400013178, NULL);
INSERT INTO `act_ge_bytearray` VALUES ('3e2fb5a0-abe4-11ec-8fbe-120ba98bd27c', 1, 'hist.var-gh81mehfdg78e', NULL, 0xACED00057372001E636F6D2E616C69626162612E666173746A736F6E2E4A534F4E417272617900000000000000010200014C00046C6973747400104C6A6176612F7574696C2F4C6973743B7870737200136A6176612E7574696C2E41727261794C6973747881D21D99C7619D03000149000473697A657870000000017704000000017400013178, NULL);
INSERT INTO `act_ge_bytearray` VALUES ('43080ce3-ab5a-11ec-b0a4-120ba98bd27c', 1, 'hist.var-gh81mehfdg78e', NULL, 0xACED00057372001E636F6D2E616C69626162612E666173746A736F6E2E4A534F4E417272617900000000000000010200014C00046C6973747400104C6A6176612F7574696C2F4C6973743B7870737200136A6176612E7574696C2E41727261794C6973747881D21D99C7619D03000149000473697A657870000000017704000000017400013278, NULL);
INSERT INTO `act_ge_bytearray` VALUES ('43d9c09c-abe4-11ec-8fbe-120ba98bd27c', 1, 'hist.var-gh81mehfdg78e', NULL, 0xACED00057372001E636F6D2E616C69626162612E666173746A736F6E2E4A534F4E417272617900000000000000010200014C00046C6973747400104C6A6176612F7574696C2F4C6973743B7870737200136A6176612E7574696C2E41727261794C6973747881D21D99C7619D03000149000473697A657870000000017704000000017400013178, NULL);
INSERT INTO `act_ge_bytearray` VALUES ('55cde85d-abe9-11ec-a020-120ba98bd27c', 1, 'hist.var-gh81mehfdg78e', NULL, 0xACED00057372001E636F6D2E616C69626162612E666173746A736F6E2E4A534F4E417272617900000000000000010200014C00046C6973747400104C6A6176612F7574696C2F4C6973743B7870737200136A6176612E7574696C2E41727261794C6973747881D21D99C7619D03000149000473697A657870000000017704000000017400013178, NULL);
INSERT INTO `act_ge_bytearray` VALUES ('6160ae5b-b644-11ec-bb8d-120ba98bd27c', 1, 'Process_98.bpmn20.xml', '6160874a-b644-11ec-bb8d-120ba98bd27c', 0x3C3F786D6C2076657273696F6E3D22312E302220656E636F64696E673D225554462D38223F3E0A3C62706D6E323A646566696E6974696F6E7320786D6C6E733A7873693D22687474703A2F2F7777772E77332E6F72672F323030312F584D4C536368656D612D696E7374616E63652220786D6C6E733A62706D6E323D22687474703A2F2F7777772E6F6D672E6F72672F737065632F42504D4E2F32303130303532342F4D4F44454C2220786D6C6E733A62706D6E64693D22687474703A2F2F7777772E6F6D672E6F72672F737065632F42504D4E2F32303130303532342F44492220786D6C6E733A64633D22687474703A2F2F7777772E6F6D672E6F72672F737065632F44442F32303130303532342F44432220786D6C6E733A64693D22687474703A2F2F7777772E6F6D672E6F72672F737065632F44442F32303130303532342F44492220786D6C6E733A666C6F7761626C653D22687474703A2F2F666C6F7761626C652E6F72672F62706D6E222069643D226469616772616D5F50726F636573735F393822207461726765744E616D6573706163653D22687474703A2F2F666C6F7761626C652E6F72672F62706D6E223E3C62706D6E323A70726F636573732069643D2250726F636573735F393822206E616D653D22E8AFB7E581872220697345786563757461626C653D2274727565223E3C62706D6E323A73746172744576656E742069643D224576656E745F316A78356A3773223E3C62706D6E323A6F7574676F696E673E466C6F775F3030776E7671373C2F62706D6E323A6F7574676F696E673E3C2F62706D6E323A73746172744576656E743E3C62706D6E323A757365725461736B2069643D2241637469766974795F316F786B76373822206E616D653D22E4B880E7BAA7E5AEA1E689B92220666C6F7761626C653A61737369676E65653D2261646D696E2220666C6F7761626C653A61737369676E65654E616D653D223133353730393133383134223E3C62706D6E323A657874656E73696F6E456C656D656E74733E3C666C6F7761626C653A70726F706572746965733E3C666C6F7761626C653A70726F7065727479206E616D653D2261222076616C75653D226875616E67786A22202F3E3C2F666C6F7761626C653A70726F706572746965733E3C2F62706D6E323A657874656E73696F6E456C656D656E74733E3C62706D6E323A696E636F6D696E673E466C6F775F3030776E7671373C2F62706D6E323A696E636F6D696E673E3C62706D6E323A6F7574676F696E673E466C6F775F31796A6C3436303C2F62706D6E323A6F7574676F696E673E3C2F62706D6E323A757365725461736B3E3C62706D6E323A73657175656E6365466C6F772069643D22466C6F775F3030776E7671372220736F757263655265663D224576656E745F316A78356A377322207461726765745265663D2241637469766974795F316F786B76373822202F3E3C62706D6E323A757365725461736B2069643D2241637469766974795F316F3670326A3922206E616D653D22E4BA8CE7BAA7E5AEA1E689B92220666C6F7761626C653A61737369676E65653D2261646D696E223E3C62706D6E323A696E636F6D696E673E466C6F775F31796A6C3436303C2F62706D6E323A696E636F6D696E673E3C62706D6E323A6F7574676F696E673E466C6F775F31776D753077313C2F62706D6E323A6F7574676F696E673E3C2F62706D6E323A757365725461736B3E3C62706D6E323A73657175656E6365466C6F772069643D22466C6F775F31796A6C3436302220736F757263655265663D2241637469766974795F316F786B76373822207461726765745265663D2241637469766974795F316F3670326A3922202F3E3C62706D6E323A656E644576656E742069643D224576656E745F3168766B6E7061223E3C62706D6E323A696E636F6D696E673E466C6F775F31776D753077313C2F62706D6E323A696E636F6D696E673E3C2F62706D6E323A656E644576656E743E3C62706D6E323A73657175656E6365466C6F772069643D22466C6F775F31776D753077312220736F757263655265663D2241637469766974795F316F3670326A3922207461726765745265663D224576656E745F3168766B6E706122202F3E3C2F62706D6E323A70726F636573733E3C62706D6E64693A42504D4E4469616772616D2069643D2242504D4E4469616772616D5F31223E3C62706D6E64693A42504D4E506C616E652069643D2242504D4E506C616E655F31222062706D6E456C656D656E743D2250726F636573735F3938223E3C62706D6E64693A42504D4E456467652069643D22466C6F775F31776D753077315F6469222062706D6E456C656D656E743D22466C6F775F31776D75307731223E3C64693A776179706F696E7420783D223639302220793D2233323022202F3E3C64693A776179706F696E7420783D223736322220793D2233323022202F3E3C2F62706D6E64693A42504D4E456467653E3C62706D6E64693A42504D4E456467652069643D22466C6F775F31796A6C3436305F6469222062706D6E456C656D656E743D22466C6F775F31796A6C343630223E3C64693A776179706F696E7420783D223532302220793D2233323022202F3E3C64693A776179706F696E7420783D223539302220793D2233323022202F3E3C2F62706D6E64693A42504D4E456467653E3C62706D6E64693A42504D4E456467652069643D22466C6F775F3030776E7671375F6469222062706D6E456C656D656E743D22466C6F775F3030776E767137223E3C64693A776179706F696E7420783D223336382220793D2233323022202F3E3C64693A776179706F696E7420783D223432302220793D2233323022202F3E3C2F62706D6E64693A42504D4E456467653E3C62706D6E64693A42504D4E53686170652069643D224576656E745F316A78356A37735F6469222062706D6E456C656D656E743D224576656E745F316A78356A3773223E3C64633A426F756E647320783D223333322220793D22333032222077696474683D22333622206865696768743D22333622202F3E3C2F62706D6E64693A42504D4E53686170653E3C62706D6E64693A42504D4E53686170652069643D2241637469766974795F316F786B7637385F6469222062706D6E456C656D656E743D2241637469766974795F316F786B763738223E3C64633A426F756E647320783D223432302220793D22323830222077696474683D2231303022206865696768743D22383022202F3E3C62706D6E64693A42504D4E4C6162656C202F3E3C2F62706D6E64693A42504D4E53686170653E3C62706D6E64693A42504D4E53686170652069643D2241637469766974795F316F3670326A395F6469222062706D6E456C656D656E743D2241637469766974795F316F3670326A39223E3C64633A426F756E647320783D223539302220793D22323830222077696474683D2231303022206865696768743D22383022202F3E3C62706D6E64693A42504D4E4C6162656C202F3E3C2F62706D6E64693A42504D4E53686170653E3C62706D6E64693A42504D4E53686170652069643D224576656E745F3168766B6E70615F6469222062706D6E456C656D656E743D224576656E745F3168766B6E7061223E3C64633A426F756E647320783D223736322220793D22333032222077696474683D22333622206865696768743D22333622202F3E3C2F62706D6E64693A42504D4E53686170653E3C2F62706D6E64693A42504D4E506C616E653E3C2F62706D6E64693A42504D4E4469616772616D3E3C2F62706D6E323A646566696E6974696F6E733E, 0);
INSERT INTO `act_ge_bytearray` VALUES ('629f6fec-b644-11ec-bb8d-120ba98bd27c', 1, 'Process_98.Process_98.png', '6160874a-b644-11ec-bb8d-120ba98bd27c', 0x89504E470D0A1A0A0000000D49484452000003280000017208060000001E7EFE49000012C44944415478DAEDDD5D6C55E59A07702F341E9393E885C63139899A9C8B7361E2B918E3248EC68B3139172751132BB605C112645482881F44033AE0B783F548254625C2784C9C8611701AE38C0569219C6230840141328E8A40A914191C2A0729D535EBD9E96A1685420BFBABEDEF973CE966EFB2DB743F59EBFFAEF5BE6B9D771E0000000000000000000000000000000000000000000000000000000000000000000000000000000000000000000000000000000000000000000000000000000000000000000000000000000000000000000000000000000000000000000000000000000000000000000000000000000000000000000000000000000000000000000000000000000000000000000000000000000000000000000000000000000000000000000000000000000000000000000000000000000000000000000000000000000000000000000000000000000000000000000000000000000000000000000000000000000000000000000000000000000000000000000000000000000000000000000000000000000000000000000000000000000000000000000000000000000000000000000000000000000000000000000000000000000000000000000000000000000000000000000000000000000000000000000000000000000000000000000000000000000000000000000000000000000000000000000000000000000000000000000000000000000000000000000000000000000000000000000000000000000000000000000000000000000000000000000000000000000000000000000000000000000000000000000000000000000000000000000000000000000000000000000000000000000000000000000000000000000000000000000000000000000000000000000000000000000000000000000000000000000000000000000000000000000000000000000000000000000000000000000000000000000000000000000000000000000000000000000000000000000000000000000000000000000000000000000000000000000000000000000000000000000000000000000000000000000000000000000000000000000000000000000000000000000000000000000000000000000000000000000000000000000000000000000000000000000000000000000000000000000000000000000000000000000000000000000000000000000000000000000000000000000000000000000000000000000000000000000000000000000000000000000000000000000000000000000000000000000000000000000000000000000000000000000000000000000000000000000000000000000000000000000000000000000000000000000000000000000000000000000000000000306249929CFFF5D75F2FDFB871E3CF6BD6AC495A5B5B55996BF5EAD5C9BA75EBBE4F6BA28ED4A7FA140018D722F4AD5FBF3EE9EEEE4E8E1D3BA62A54070E1C48DADBDBFF2F0D8177E84A7DAA4F0180712B8E480B7D5513FE8EB5B6B67EA12BF5A93E0500C6AD982E2374554FA5C1EFB8AED4A7FA140018B7626EB9C05555C12FD195FA549F020082DF19EAC71FBA92AF372D4DB6AF5E50A8781CCF096B829F3ED5A70000650D7E3D873A93CFFF735EF25F1F3E7A42C573F19AC026F8E9537D0A0050B6E0B767FBBF9F14FAB2DABBBD456013FCF4A93E0500285FF0FB62ED8B4306BF784D6013FCF4A93E0500285BF0FBBCF59F860C7EF19AC026F8E9537D0A0020F8097EFA549FEA530060FC05BFB81AD250C12F5E13D8043F7DAA4F0100CA16FCBEDCF0DA90C12F5E13D8043F7DAA4F0100CA16FC0E766E4D3EFFF8A993A7CDA4CFC56B029BE0A74FF5290040D9825FD4379FBD7352F08BE78435C14F9FEA530080F206BF9F7E4ABEFCCBEB274F9B499F8BD70436C14F9FEA530080B204BFB803F77F6F681A726E7FBCE62EDD829F3ED5A70000A50D7E3FFD94747DF949B2ED3F9E1832F46515DF13DFEB28B5E0A74FF5290040D183DF998E463B4A2DF8E9537DAA2B0180B205BFE11C8D3EDD516A014EF0D3A7FA1400A068C1EF6C435F56029CE0A74FF5290040D1829F12FCF4A9D2A7E53365CA944BEEBAEBAE3BD26A4AAB23ADAEB4925CC5BF3B264C98F0566D6DEDC4B42EF557031845F6EEDD7BEDCA952BFFB478F1E2CFE7CE9DDB3363C68C9FEBEBEB0736F4D3A64DEB7DF8E1870FCE9F3F7FDDC2850BFF31DD31FC4AF013B8043F7DAAF469B9A5038E3FA6FBA59674C0D137684072C64AFF4F6B5AB7DD7CF3CDE7FB4B0254A12449CEEFE8E8786CD1A2455DE9002479FEF9E793152B56245BB66C493A3B3B93BEBEBE2473F0E0C164EBD6ADC9AA55AB92D75E7B2D4907287D8F3EFAE85F1A1A1AAE15FC94E0A74F953E2DB57480F1B7E9E062E348072543D4A6F4BDFEE0AF0A5045DADBDB1B5E79E5959EFBEFBF3F59BE7C79D2D5D5958CC4A143870A3BDB071E78E0F8CC993337A41BFBAB043F25F8E953A54F8B2DCE76A48389E74F75C664CE9C39857DD8860D1B92DDBB7727478F1E2DECA37A7B7B0BFFDEB87163E1C0DBBC79F3861AA8348DF71901001517674D9A9B9BB735343424EFBDF7DEC0C6FC6CC5599638AB3269D2A4E353A74E9D23F829C14F9F2A7D5A2CF5F5F5BF197CD624DDDF244B972E1DF181B55DBB76254B962C891900830729DBE2E7F86B035440BA31BFAAA9A9A97BD6AC59850D7531C5FB3DF4D04347A74D9BF6EE78381A25F8097EFA54E9D3D24A0726BFABABABDB971F4CC454E4EEEEEE73DA5FC594E5050B160C1EA4EC196F330100AA62701253BAE234774CCF2A85381BF3ECB3CF1E993A75EA47637D01A2E027F8E953A54F4B27CE68E4072771D6A4ADADED84B591E76AFDFAF585F7354801A88098D615674E627072AE53BA8633E5EB99679E399C6EF497087E4AF0D3A74A9F8E54FF9A9381695D7145C99D3B7796649F156B54064DF9DA565353F36B9F024089C59A9398D675F8F0E1A41C62103473E6CCC3E94EE531C14F097EFA54E9D3918805F1F93327A51A9CE40729F9CBEAC7C2799F024009AD5BB76E5A2C882FF69A93E1AC494937F8476B6A6A7E2BF829C14F9F2A7D3A1CFD97121EB85A574CEB2A8798EE35E87E292E410C500A31B5EBE5975FFE31AED655092B56ACF8211DA4AC10FC94E0A74F953E1D8EFCD4AE58105FCC3527673268E1FC263773042881B80963DCE7A4D4EB4E4EB71EA5A1A1617F5D5DDDEF053F25F8E9537DAA4F4FA7FF0EF10353BBCEF56A5D677375AFFC7A94B8E3BC4F05A0C81A1B1BBBE2065695D4D2D2125745F9B3E0A7043F7DAA4FF5E9E9A4FB8A966C7010F739A98477DF7D373F4069F5A90014D1DEBD7BAF9D366DDA886F64556C7149E3BABABAFF1D6BF74611FC043F7DAAF469F1A4FB884BF26B4F2AB5EF8AB336F905F3E9EF74A94F07A04856AE5CF9A7975E7A29A9068F3FFEF8A638753F1AFE6E71C42CADBF17FC043F7DAAF469F9FA351D0CDC910D0AE6CC9953D17D565C923F37409928510014C9A2458BB6AF58B1A22A0628CB962DDB365A2EDB983FB59F0EAAFE4EF013FCF4A9D2A7A5EFD7D84764DF57E9A9C9B1EFCC7E97F4F77D4BA2002892B973E7F66CD9B2A52A06289B376FFE32DDD0778CA61D69AE3E3AD5913FC14FF0D3A74A9F16AF5F631F91BDBE61C3868AEEB3E2BE28B9DFB543A2002892193366FC5CE9F52799EFBFFFFEC77423DF354A77A40347FEF23B54C14FF0D3A74A9F16AF5F631F913DBF7BF7EE8AEEB33A3B3BF3BF679744015024B1C8AF9CD78F3F93D8D08FE61D69FEC85F4C5110FC043F7DAAF469F1FA35FFEFDEDEDE8AEEAFE2E7E77F1F8902A0883B846A328C1DD4A82AC1AFBA6AACF5973ED5A7E3B9AA6D9F2551008CCD33283D63E00C4AE14A64D99D854743F0EBE8E888BF79B267CF9E24FDBD0B75F7DD77271F7CF041E1F96FBEF966C8FF1BAF2F5CB8F0B4EF1FDFF3C8238F141E373737176E089A3D1FF71270645A9FEA53675086DBAFF9E72B7573616750004AECBEFBEE3B562D6B50F6EFDFFFF9285E837242E0CB8C86E01701ACA9A9A9F0B8A7A7A7F0EFAFBEFAAA70B7E4781C612DFBDEF6F6F64220CC82E115575C91DC78E38D85C751EFBFFF7E72F5D5579FF4FE4B962C1978FCCE3BEF0C3CCEBFB7E0A74FF5A901CA99FA35BF0665D7AE5DD6A0008C458F3DF6D877D57215AF8E8E8EB6517815AF8EDADADADB0607BED112FCD6AF5F9F7CF8E1870341ECB3CF3E1B381A9D3FA29C0F71F9B016FF7EFAE9A707FE7DC10517C4FD6C0A8FE33DB2A3DB37DD745321F0C5E39D3B770EFCDFAD5BB716BEBEFAEAAB82DF38EAD338F27DFDF5D7172A06115945BFC4A563A3276290A14FC7ED0065C87E75152F807160C182051F57CB7D501A1B1B5B46D17D504E79247A340D5062AA4C76A4F8B2CB2E4B66CF9E3D10C8D6AE5D5BF8BA78F1E2138E34C791EB356BD60C1C898EEF696868283CBEFDF6DB0B21F35447BEF347A62FBFFCF2E4E38F3F2E3C8EF7CE0751C16FFCF4E9912347F4A93E1D71BFE6EF83128350F7410118835E7CF1C57B162E5CF84B350C50A64F9FDE325AEE243F5CE50C7E070E1C38616EFEE08A70164780237045788BFFB363C78EC251C8782E3BB29DBD1EC1F0CA2BAF4C6EB9E59693825C1CE5CE1EC7FBC6E38F3EFA28B9F8E28B4F19FCE2C87476D43BD6120C9EB223F88D9F3E3D9BD2A7E40628EE240F30D64D9932E5570D0D0DBD318FBBC2F74089F52707E2F711FC4A7F543AAB98C31F01ECD0A143C9BE7DFB06A6B2DC70C30D432E10CE5E1F7C643AE6F9DF7AEBAD03DF17EF15536FE27BDE7CF3CD53864673FB0D50F4A93E1DE13EEB92745F713C1B18446F5442777777525757F74B6E8072A94F07A088E6CC99B3B6A5A5A5A20394A6A6A67F4937F27F16FCCA3B9889F09585B1087E31373F9B3613CFBDF0C20BA73CD23C9CE0F7DD77DF0D04CBECE8F5E0E09705CDBD7BF70A7EFA549FEAD36149F7152DD9C0E08D37DEA8C83E2B06C4F91B49FA54008A2CDD715F7BEFBDF7F655EA928D7D7D7D7BD20DFCFFD4D5D5FD5EF02B7FC5E77ECD35D7249B376F2E84B06FBFFD76E0F1A9A6B6C414997C08CC425D2C2A8EA938679ADB1F612FBFC8398260764957C14F9FEA537D7A263115381B1C4C9A34A97036A39C62C6C1E4C993F3674F6EF3A90094C0830F3ED85EA9C5F2CF3DF7DCB27423BF5CF0ABCCB4998B2EBAA810F6CEEB9F26932D4A5EB66C59E1EBDB6FBF7DDA4BBF66C16F70C542E5EC72B0F15ED9F747656B089E7AEAA9C2D7EC8A4A82DFD8EFD3E1AC956A6C6C1C5863A24F3995FCD5BC162C5850D6FB79C5CFCB5F0AF94C17A100E02CD5D4D4FCCD3DF7DC73ACDCD795DFB163477BBA81EF497FFE6F05BFCA0C52E2EB85175E5838AA1CBFEF75D75D37F07A760439BE8E34F845C5FD26CE1BB4E0387B5C8912FCAAA34F477A26429F32D89D77DEF90FF97BA6B4B5B595659F1597BCCEFFDCDADADA3FF834004AA8AEAE6EE6AC59B3FE5AAEA95E478E1CD99EFECCEDE946FE11C14F097EFA54E9D39148F71DFF9C0D14EAEBEB0B838752DFF764E2C489BFE406284D3E058032983A75EA3BF3E7CF2FF920A5AFAF6F574343C327E906FE75C14F097EFA54E9D3918AA955F9A95E314829D5CD1B63703279F2E49F7383936D353535BFF629009469839F0E1C3E78F2C9270F976A9012674ED281D0DA587732D62E2B2CF8097EFA54E9D3F2490725BF49F7255FE6072931DDAB986B52E2CCCCA033277BD2BACA5F1FA0CC8394BABABA3766CE9C79B8D86B5262CD49FFB4AED7C7FAE044F013FCF4A9D2A7A5178385FC20255B387FAE57F78AAB750D5A106F7002506913264C98515F5FFF637373F3A1DEDEDE73BE9470FFD5BA7AC6F29A13C14FF0D3A74A9F965FFF99948EFC60222E41BC74E9D2A4ABAB6BC437618C2BC5E52F259C4DEB323801A8027175AFDADADA7F4B37D43F2C5FBEFCAB83070F1E1FE91DE2E3268CE97BEC8C295DE9D7DF097E4AF0D3A74A9F165B9CFD9F3061C22B830615857AE2892792E6E6E6C21A959819901D748BAF9D9D9D853526AB56AD4AE6CD9B77C21DE2F30BE2AD3901A832E946FF9AB4DE4A37DC8767CF9EBD65C992255B3EFDF4D3AFF6EDDB7724371EE98901494747475B636363CBF4E9D3E36EBF07D241C97B63F1268C829FE0A74F953EAD3EFD9720EE38D540E52C6A934B090354B95837D2BFF18FCB3BC642F76FD23A9EDB9877F5EF189AE26EBFE3619D89E027F8E953A54FABF2C05ADC71BE65D03E6A58950E4A5AE30EF16EC20880E0A7043F7DAA4FF569B10FAC5D920E56EE8A0367FD07D0BA060D480A07D66296403A289918539BFDD50010FC94E0A74F953E0500043FC10F7DAA4F0100C14F097EFA54E9530040F013FC74A53ED5A70080E0A7043F7DAAF4290020F829C14F9FEA530000C14FF0D3A74A9F0200829F12FCF4A93E050010FC043F7DAAF4290020F829C14F9FEA530000C14FF0D3A74A9F0200829F12FCF4A93E050010FC043F7DAAF4290020F829C14F9FEA530000C14FF0D3A74A9F0200829F12FCF4A93ED5A70080E027F8E953A54F0180B16ECD9A350257F5D4D134F81DD795FA549F0200E3D6BA75EBBABABBBB85AE2AA8CECECE7F4D83DF17BA529FEA530060DCFAE4934F6E6D6B6BFB61FFFEFD7F15BE2A77443A42DFEAD5ABBF4DEB0E5DA94FF5290030AEA561E38FADADAD9B62DA46CC2D5765AFF8BB7F21F4E9537D0A0000000000000000000000000000000000000000000000000000000045F0FFD8B8FC1CBE323BFB0000000049454E44AE426082, 1);
INSERT INTO `act_ge_bytearray` VALUES ('632ecfec-abe7-11ec-aff9-120ba98bd27c', 1, 'Process_98.bpmn20.xml', '632ecfeb-abe7-11ec-aff9-120ba98bd27c', 0x3C3F786D6C2076657273696F6E3D22312E302220656E636F64696E673D225554462D38223F3E0A3C62706D6E323A646566696E6974696F6E7320786D6C6E733A7873693D22687474703A2F2F7777772E77332E6F72672F323030312F584D4C536368656D612D696E7374616E63652220786D6C6E733A62706D6E323D22687474703A2F2F7777772E6F6D672E6F72672F737065632F42504D4E2F32303130303532342F4D4F44454C2220786D6C6E733A62706D6E64693D22687474703A2F2F7777772E6F6D672E6F72672F737065632F42504D4E2F32303130303532342F44492220786D6C6E733A64633D22687474703A2F2F7777772E6F6D672E6F72672F737065632F44442F32303130303532342F44432220786D6C6E733A64693D22687474703A2F2F7777772E6F6D672E6F72672F737065632F44442F32303130303532342F44492220786D6C6E733A666C6F7761626C653D22687474703A2F2F666C6F7761626C652E6F72672F62706D6E222069643D226469616772616D5F50726F636573735F393822207461726765744E616D6573706163653D22687474703A2F2F666C6F7761626C652E6F72672F62706D6E223E3C62706D6E323A70726F636573732069643D2250726F636573735F393822206E616D653D22E8AFB7E581872220697345786563757461626C653D2274727565223E3C62706D6E323A73746172744576656E742069643D224576656E745F316A78356A3773223E3C62706D6E323A6F7574676F696E673E466C6F775F3030776E7671373C2F62706D6E323A6F7574676F696E673E3C2F62706D6E323A73746172744576656E743E3C62706D6E323A757365725461736B2069643D2241637469766974795F316F786B76373822206E616D653D22E4B880E7BAA7E5AEA1E689B92220666C6F7761626C653A61737369676E65653D2261646D696E2220666C6F7761626C653A61737369676E65654E616D653D223133353730393133383134223E3C62706D6E323A657874656E73696F6E456C656D656E74733E3C666C6F7761626C653A70726F706572746965733E3C666C6F7761626C653A70726F7065727479206E616D653D2261222076616C75653D226875616E67786A22202F3E3C2F666C6F7761626C653A70726F706572746965733E3C2F62706D6E323A657874656E73696F6E456C656D656E74733E3C62706D6E323A696E636F6D696E673E466C6F775F3030776E7671373C2F62706D6E323A696E636F6D696E673E3C62706D6E323A6F7574676F696E673E466C6F775F31796A6C3436303C2F62706D6E323A6F7574676F696E673E3C2F62706D6E323A757365725461736B3E3C62706D6E323A73657175656E6365466C6F772069643D22466C6F775F3030776E7671372220736F757263655265663D224576656E745F316A78356A377322207461726765745265663D2241637469766974795F316F786B76373822202F3E3C62706D6E323A757365725461736B2069643D2241637469766974795F316F3670326A3922206E616D653D22E4BA8CE7BAA7E5AEA1E689B92220666C6F7761626C653A61737369676E65653D223133353730393133383134223E3C62706D6E323A696E636F6D696E673E466C6F775F31796A6C3436303C2F62706D6E323A696E636F6D696E673E3C62706D6E323A6F7574676F696E673E466C6F775F31776D753077313C2F62706D6E323A6F7574676F696E673E3C2F62706D6E323A757365725461736B3E3C62706D6E323A73657175656E6365466C6F772069643D22466C6F775F31796A6C3436302220736F757263655265663D2241637469766974795F316F786B76373822207461726765745265663D2241637469766974795F316F3670326A3922202F3E3C62706D6E323A656E644576656E742069643D224576656E745F3168766B6E7061223E3C62706D6E323A696E636F6D696E673E466C6F775F31776D753077313C2F62706D6E323A696E636F6D696E673E3C2F62706D6E323A656E644576656E743E3C62706D6E323A73657175656E6365466C6F772069643D22466C6F775F31776D753077312220736F757263655265663D2241637469766974795F316F3670326A3922207461726765745265663D224576656E745F3168766B6E706122202F3E3C2F62706D6E323A70726F636573733E3C62706D6E64693A42504D4E4469616772616D2069643D2242504D4E4469616772616D5F31223E3C62706D6E64693A42504D4E506C616E652069643D2242504D4E506C616E655F31222062706D6E456C656D656E743D2250726F636573735F3938223E3C62706D6E64693A42504D4E456467652069643D22466C6F775F3030776E7671375F6469222062706D6E456C656D656E743D22466C6F775F3030776E767137223E3C64693A776179706F696E7420783D223336382220793D2233323022202F3E3C64693A776179706F696E7420783D223432302220793D2233323022202F3E3C2F62706D6E64693A42504D4E456467653E3C62706D6E64693A42504D4E456467652069643D22466C6F775F31796A6C3436305F6469222062706D6E456C656D656E743D22466C6F775F31796A6C343630223E3C64693A776179706F696E7420783D223532302220793D2233323022202F3E3C64693A776179706F696E7420783D223539302220793D2233323022202F3E3C2F62706D6E64693A42504D4E456467653E3C62706D6E64693A42504D4E456467652069643D22466C6F775F31776D753077315F6469222062706D6E456C656D656E743D22466C6F775F31776D75307731223E3C64693A776179706F696E7420783D223639302220793D2233323022202F3E3C64693A776179706F696E7420783D223736322220793D2233323022202F3E3C2F62706D6E64693A42504D4E456467653E3C62706D6E64693A42504D4E53686170652069643D224576656E745F316A78356A37735F6469222062706D6E456C656D656E743D224576656E745F316A78356A3773223E3C64633A426F756E647320783D223333322220793D22333032222077696474683D22333622206865696768743D22333622202F3E3C2F62706D6E64693A42504D4E53686170653E3C62706D6E64693A42504D4E53686170652069643D2241637469766974795F316F786B7637385F6469222062706D6E456C656D656E743D2241637469766974795F316F786B763738223E3C64633A426F756E647320783D223432302220793D22323830222077696474683D2231303022206865696768743D22383022202F3E3C62706D6E64693A42504D4E4C6162656C202F3E3C2F62706D6E64693A42504D4E53686170653E3C62706D6E64693A42504D4E53686170652069643D2241637469766974795F316F3670326A395F6469222062706D6E456C656D656E743D2241637469766974795F316F3670326A39223E3C64633A426F756E647320783D223539302220793D22323830222077696474683D2231303022206865696768743D22383022202F3E3C62706D6E64693A42504D4E4C6162656C202F3E3C2F62706D6E64693A42504D4E53686170653E3C62706D6E64693A42504D4E53686170652069643D224576656E745F3168766B6E70615F6469222062706D6E456C656D656E743D224576656E745F3168766B6E7061223E3C64633A426F756E647320783D223736322220793D22333032222077696474683D22333622206865696768743D22333622202F3E3C2F62706D6E64693A42504D4E53686170653E3C2F62706D6E64693A42504D4E506C616E653E3C2F62706D6E64693A42504D4E4469616772616D3E3C2F62706D6E323A646566696E6974696F6E733E, 0);
INSERT INTO `act_ge_bytearray` VALUES ('641e38fd-abe7-11ec-aff9-120ba98bd27c', 1, 'Process_98.Process_98.png', '632ecfeb-abe7-11ec-aff9-120ba98bd27c', 0x89504E470D0A1A0A0000000D49484452000003280000017208060000001E7EFE49000012C44944415478DAEDDD5D6C55E59A07702F341E9393E885C63139899A9C8B7361E2B918E3248EC68B3139172751132BB605C112645482881F44033AE0B783F548254625C2784C9C8611701AE38C0569219C6230840141328E8A40A914191C2A0729D535EBD9E96A1685420BFBABEDEF973CE966EFB2DB743F59EBFFAEF5BE6B9D771E0000000000000000000000000000000000000000000000000000000000000000000000000000000000000000000000000000000000000000000000000000000000000000000000000000000000000000000000000000000000000000000000000000000000000000000000000000000000000000000000000000000000000000000000000000000000000000000000000000000000000000000000000000000000000000000000000000000000000000000000000000000000000000000000000000000000000000000000000000000000000000000000000000000000000000000000000000000000000000000000000000000000000000000000000000000000000000000000000000000000000000000000000000000000000000000000000000000000000000000000000000000000000000000000000000000000000000000000000000000000000000000000000000000000000000000000000000000000000000000000000000000000000000000000000000000000000000000000000000000000000000000000000000000000000000000000000000000000000000000000000000000000000000000000000000000000000000000000000000000000000000000000000000000000000000000000000000000000000000000000000000000000000000000000000000000000000000000000000000000000000000000000000000000000000000000000000000000000000000000000000000000000000000000000000000000000000000000000000000000000000000000000000000000000000000000000000000000000000000000000000000000000000000000000000000000000000000000000000000000000000000000000000000000000000000000000000000000000000000000000000000000000000000000000000000000000000000000000000000000000000000000000000000000000000000000000000000000000000000000000000000000000000000000000000000000000000000000000000000000000000000000000000000000000000000000000000000000000000000000000000000000000000000000000000000000000000000000000000000000000000000000000000000000000000000000000000000000000000000000000000000000000000000000000000000000000000000000000000000000000000000000000000000306249929CFFF5D75F2FDFB871E3CF6BD6AC495A5B5B55996BF5EAD5C9BA75EBBE4F6BA28ED4A7FA140018D722F4AD5FBF3EE9EEEE4E8E1D3BA62A54070E1C48DADBDBFF2F0D8177E84A7DAA4F0180712B8E480B7D5513FE8EB5B6B67EA12BF5A93E0500C6AD982E2374554FA5C1EFB8AED4A7FA140018B7626EB9C05555C12FD195FA549F020082DF19EAC71FBA92AF372D4DB6AF5E50A8781CCF096B829F3ED5A70000650D7E3D873A93CFFF735EF25F1F3E7A42C573F19AC026F8E9537D0A0050B6E0B767FBBF9F14FAB2DABBBD456013FCF4A93E0500285FF0FB62ED8B4306BF784D6013FCF4A93E0500285BF0FBBCF59F860C7EF19AC026F8E9537D0A0020F8097EFA549FEA530060FC05BFB81AD250C12F5E13D8043F7DAA4F0100CA16FCBEDCF0DA90C12F5E13D8043F7DAA4F0100CA16FC0E766E4D3EFFF8A993A7CDA4CFC56B029BE0A74FF5290040D9825FD4379FBD7352F08BE78435C14F9FEA530080F206BF9F7E4ABEFCCBEB274F9B499F8BD70436C14F9FEA530080B204BFB803F77F6F681A726E7FBCE62EDD829F3ED5A70000A50D7E3FFD94747DF949B2ED3F9E1832F46515DF13DFEB28B5E0A74FF5290040D183DF998E463B4A2DF8E9537DAA2B0180B205BFE11C8D3EDD516A014EF0D3A7FA1400A068C1EF6C435F56029CE0A74FF5290040D1829F12FCF4A9D2A7E53365CA944BEEBAEBAE3BD26A4AAB23ADAEB4925CC5BF3B264C98F0566D6DEDC4B42EF557031845F6EEDD7BEDCA952BFFB478F1E2CFE7CE9DDB3363C68C9FEBEBEB0736F4D3A64DEB7DF8E1870FCE9F3F7FDDC2850BFF31DD31FC4AF013B8043F7DAAF469B9A5038E3FA6FBA59674C0D137684072C64AFF4F6B5AB7DD7CF3CDE7FB4B0254A12449CEEFE8E8786CD1A2455DE9002479FEF9E793152B56245BB66C493A3B3B93BEBEBE2473F0E0C164EBD6ADC9AA55AB92D75E7B2D4907287D8F3EFAE85F1A1A1AAE15FC94E0A74F953E2DB57480F1B7E9E062E348072543D4A6F4BDFEE0AF0A5045DADBDB1B5E79E5959EFBEFBF3F59BE7C79D2D5D5958CC4A143870A3BDB071E78E0F8CC993337A41BFBAB043F25F8E953A54F8B2DCE76A48389E74F75C664CE9C39857DD8860D1B92DDBB7727478F1E2DECA37A7B7B0BFFDEB87163E1C0DBBC79F3861AA8348DF71901001517674D9A9B9BB735343424EFBDF7DEC0C6FC6CC5599638AB3269D2A4E353A74E9D23F829C14F9F2A7D5A2CF5F5F5BF197CD624DDDF244B972E1DF181B55DBB76254B962C891900830729DBE2E7F86B035440BA31BFAAA9A9A97BD6AC59850D7531C5FB3DF4D04347A74D9BF6EE78381A25F8097EFA54E9D3D24A0726BFABABABDB971F4CC454E4EEEEEE73DA5FC594E5050B160C1EA4EC196F330100AA62701253BAE234774CCF2A85381BF3ECB3CF1E993A75EA47637D01A2E027F8E953A54F4B27CE68E4072771D6A4ADADED84B591E76AFDFAF585F7354801A88098D615674E627072AE53BA8633E5EB99679E399C6EF497087E4AF0D3A74A9F8E54FF9A9381695D7145C99D3B7796649F156B54064DF9DA565353F36B9F024089C59A9398D675F8F0E1A41C62103473E6CCC3E94EE531C14F097EFA54E9D3918805F1F93327A51A9CE40729F9CBEAC7C2799F024009AD5BB76E5A2C882FF69A93E1AC494937F8476B6A6A7E2BF829C14F9F2A7D3A1CFD97121EB85A574CEB2A8798EE35E87E292E410C500A31B5EBE5975FFE31AED655092B56ACF8211DA4AC10FC94E0A74F953E1D8EFCD4AE58105FCC3527673268E1FC263773042881B80963DCE7A4D4EB4E4EB71EA5A1A1617F5D5DDDEF053F25F8E9537DAA4F4FA7FF0EF10353BBCEF56A5D677375AFFC7A94B8E3BC4F05A0C81A1B1BBBE2065695D4D2D2125745F9B3E0A7043F7DAA4FF5E9E9A4FB8A966C7010F739A98477DF7D373F4069F5A90014D1DEBD7BAF9D366DDA886F64556C7149E3BABABAFF1D6BF74611FC043F7DAAF469F1A4FB884BF26B4F2AB5EF8AB336F905F3E9EF74A94F07A04856AE5CF9A7975E7A29A9068F3FFEF8A638753F1AFE6E71C42CADBF17FC043F7DAAF469F9FA351D0CDC910D0AE6CC9953D17D565C923F37409928510014C9A2458BB6AF58B1A22A0628CB962DDB365A2EDB983FB59F0EAAFE4EF013FCF4A9D2A7A5EFD7D84764DF57E9A9C9B1EFCC7E97F4F77D4BA2002892B973E7F66CD9B2A52A06289B376FFE32DDD0778CA61D69AE3E3AD5913FC14FF0D3A74A9F16AF5F631F91BDBE61C3868AEEB3E2BE28B9DFB543A2002892193366FC5CE9F52799EFBFFFFEC77423DF354A77A40347FEF23B54C14FF0D3A74A9F16AF5F631F913DBF7BF7EE8AEEB33A3B3BF3BF679744015024B1C8AF9CD78F3F93D8D08FE61D69FEC85F4C5110FC043F7DAAF469F1FA35FFEFDEDEDE8AEEAFE2E7E77F1F8902A0883B846A328C1DD4A82AC1AFBA6AACF5973ED5A7E3B9AA6D9F2551008CCD33283D63E00C4AE14A64D99D854743F0EBE8E888BF79B267CF9E24FDBD0B75F7DD77271F7CF041E1F96FBEF966C8FF1BAF2F5CB8F0B4EF1FDFF3C8238F141E373737176E089A3D1FF71270645A9FEA53675086DBAFF9E72B7573616750004AECBEFBEE3B562D6B50F6EFDFFFF9285E837242E0CB8C86E01701ACA9A9A9F0B8A7A7A7F0EFAFBEFAAA70B7E4781C612DFBDEF6F6F64220CC82E115575C91DC78E38D85C751EFBFFF7E72F5D5579FF4FE4B962C1978FCCE3BEF0C3CCEBFB7E0A74FF5A901CA99FA35BF0665D7AE5DD6A0008C458F3DF6D877D57215AF8E8E8EB6517815AF8EDADADADB0607BED112FCD6AF5F9F7CF8E1870341ECB3CF3E1B381A9D3FA29C0F71F9B016FF7EFAE9A707FE7DC10517C4FD6C0A8FE33DB2A3DB37DD745321F0C5E39D3B770EFCDFAD5BB716BEBEFAEAAB82DF38EAD338F27DFDF5D7172A06115945BFC4A563A3276290A14FC7ED0065C87E75152F807160C182051F57CB7D501A1B1B5B46D17D504E79247A340D5062AA4C76A4F8B2CB2E4B66CF9E3D10C8D6AE5D5BF8BA78F1E2138E34C791EB356BD60C1C898EEF696868283CBEFDF6DB0B21F35447BEF347A62FBFFCF2E4E38F3F2E3C8EF7CE0751C16FFCF4E9912347F4A93E1D71BFE6EF83128350F7410118835E7CF1C57B162E5CF84B350C50A64F9FDE325AEE243F5CE50C7E070E1C38616EFEE08A70164780237045788BFFB363C78EC251C8782E3BB29DBD1EC1F0CA2BAF4C6EB9E59693825C1CE5CE1EC7FBC6E38F3EFA28B9F8E28B4F19FCE2C87476D43BD6120C9EB223F88D9F3E3D9BD2A7E40628EE240F30D64D9932E5570D0D0DBD318FBBC2F74089F52707E2F711FC4A7F543AAB98C31F01ECD0A143C9BE7DFB06A6B2DC70C30D432E10CE5E1F7C643AE6F9DF7AEBAD03DF17EF15536FE27BDE7CF3CD53864673FB0D50F4A93E1DE13EEB92745F713C1B18446F5442777777525757F74B6E8072A94F07A088E6CC99B3B6A5A5A5A20394A6A6A67F4937F27F16FCCA3B9889F09585B1087E31373F9B3613CFBDF0C20BA73CD23C9CE0F7DD77DF0D04CBECE8F5E0E09705CDBD7BF70A7EFA549FEAD36149F7152DD9C0E08D37DEA8C83E2B06C4F91B49FA54008A2CDD715F7BEFBDF7F655EA928D7D7D7D7BD20DFCFFD4D5D5FD5EF02B7FC5E77ECD35D7249B376F2E84B06FBFFD76E0F1A9A6B6C414997C08CC425D2C2A8EA938679ADB1F612FBFC8398260764957C14F9FEA537D7A263115381B1C4C9A34A97036A39C62C6C1E4C993F3674F6EF3A90094C0830F3ED85EA9C5F2CF3DF7DCB27423BF5CF0ABCCB4998B2EBAA810F6CEEB9F26932D4A5EB66C59E1EBDB6FBF7DDA4BBF66C16F70C542E5EC72B0F15ED9F747656B089E7AEAA9C2D7EC8A4A82DFD8EFD3E1AC956A6C6C1C5863A24F3995FCD5BC162C5850D6FB79C5CFCB5F0AF94C17A100E02CD5D4D4FCCD3DF7DC73ACDCD795DFB163477BBA81EF497FFE6F05BFCA0C52E2EB85175E5838AA1CBFEF75D75D37F07A760439BE8E34F845C5FD26CE1BB4E0387B5C8912FCAAA34F477A26429F32D89D77DEF90FF97BA6B4B5B595659F1597BCCEFFDCDADADA3FF834004AA8AEAE6EE6AC59B3FE5AAEA95E478E1CD99EFECCEDE946FE11C14F097EFA54E9D39148F71DFF9C0D14EAEBEB0B838752DFF764E2C489BFE406284D3E058032983A75EA3BF3E7CF2FF920A5AFAF6F574343C327E906FE75C14F097EFA54E9D3918AA955F9A95E314829D5CD1B63703279F2E49F7383936D353535BFF629009469839F0E1C3E78F2C9270F976A9012674ED281D0DA587732D62E2B2CF8097EFA54E9D3F2490725BF49F7255FE6072931DDAB986B52E2CCCCA033277BD2BACA5F1FA0CC8394BABABA3766CE9C79B8D86B5262CD49FFB4AED7C7FAE044F013FCF4A9D2A7A5178385FC20255B387FAE57F78AAB750D5A106F7002506913264C98515F5FFF637373F3A1DEDEDE73BE9470FFD5BA7AC6F29A13C14FF0D3A74A9F965FFF99948EFC60222E41BC74E9D2A4ABAB6BC437618C2BC5E52F259C4DEB323801A8027175AFDADADA7F4B37D43F2C5FBEFCAB83070F1E1FE91DE2E3268CE97BEC8C295DE9D7DF097E4AF0D3A74A9F165B9CFD9F3061C22B830615857AE2892792E6E6E6C21A959819901D748BAF9D9D9D853526AB56AD4AE6CD9B77C21DE2F30BE2AD3901A832E946FF9AB4DE4A37DC8767CF9EBD65C992255B3EFDF4D3AFF6EDDB7724371EE98901494747475B636363CBF4E9D3E36EBF07D241C97B63F1268C829FE0A74F953EAD3EFD9720EE38D540E52C6A934B090354B95837D2BFF18FCB3BC642F76FD23A9EDB9877F5EF189AE26EBFE3619D89E027F8E953A54FABF2C05ADC71BE65D03E6A58950E4A5AE30EF16EC20880E0A7043F7DAA4FF569B10FAC5D920E56EE8A0367FD07D0BA060D480A07D66296403A289918539BFDD50010FC94E0A74F953E0500043FC10F7DAA4F0100C14F097EFA54E9530040F013FC74A53ED5A70080E0A7043F7DAAF4290020F829C14F9FEA530000C14FF0D3A74A9F0200829F12FCF4A93E050010FC043F7DAAF4290020F829C14F9FEA530000C14FF0D3A74A9F0200829F12FCF4A93E050010FC043F7DAAF4290020F829C14F9FEA530000C14FF0D3A74A9F0200829F12FCF4A93ED5A70080E027F8E953A54F0180B16ECD9A350257F5D4D134F81DD795FA549F0200E3D6BA75EBBABABBBB85AE2AA8CECECE7F4D83DF17BA529FEA530060DCFAE4934F6E6D6B6BFB61FFFEFD7F15BE2A77443A42DFEAD5ABBF4DEB0E5DA94FF5290030AEA561E38FADADAD9B62DA46CC2D5765AFF8BB7F21F4E9537D0A0000000000000000000000000000000000000000000000000000000045F0FFD8B8FC1CBE323BFB0000000049454E44AE426082, 1);
INSERT INTO `act_ge_bytearray` VALUES ('6c8a9842-abe7-11ec-aff9-120ba98bd27c', 1, 'hist.var-gh81mehfdg78e', NULL, 0xACED00057372001E636F6D2E616C69626162612E666173746A736F6E2E4A534F4E417272617900000000000000010200014C00046C6973747400104C6A6176612F7574696C2F4C6973743B7870737200136A6176612E7574696C2E41727261794C6973747881D21D99C7619D03000149000473697A657870000000017704000000017400013178, NULL);
INSERT INTO `act_ge_bytearray` VALUES ('751fc300-ab4d-11ec-bb42-120ba98bd27c', 1, 'Process_96.bpmn20.xml', '751fc2ff-ab4d-11ec-bb42-120ba98bd27c', 0x3C3F786D6C2076657273696F6E3D22312E302220656E636F64696E673D225554462D38223F3E0A3C62706D6E323A646566696E6974696F6E7320786D6C6E733A7873693D22687474703A2F2F7777772E77332E6F72672F323030312F584D4C536368656D612D696E7374616E63652220786D6C6E733A62706D6E323D22687474703A2F2F7777772E6F6D672E6F72672F737065632F42504D4E2F32303130303532342F4D4F44454C2220786D6C6E733A62706D6E64693D22687474703A2F2F7777772E6F6D672E6F72672F737065632F42504D4E2F32303130303532342F44492220786D6C6E733A64633D22687474703A2F2F7777772E6F6D672E6F72672F737065632F44442F32303130303532342F44432220786D6C6E733A64693D22687474703A2F2F7777772E6F6D672E6F72672F737065632F44442F32303130303532342F44492220786D6C6E733A666C6F7761626C653D22687474703A2F2F666C6F7761626C652E6F72672F62706D6E222069643D226469616772616D5F50726F636573735F3136343831313036343438373122207461726765744E616D6573706163653D22687474703A2F2F666C6F7761626C652E6F72672F62706D6E223E3C62706D6E323A70726F636573732069643D2250726F636573735F3136343831313036343438373122206E616D653D22E4B89AE58AA1E6B581E7A88B5F313634383131303634343837312220697345786563757461626C653D2274727565223E3C62706D6E323A73746172744576656E742069643D224576656E745F3077656372686C223E3C62706D6E323A6F7574676F696E673E466C6F775F3038306E736F653C2F62706D6E323A6F7574676F696E673E3C2F62706D6E323A73746172744576656E743E3C62706D6E323A757365725461736B2069643D2241637469766974795F3071726473616922206E616D653D22E4B880E7BAA7E5AEA1E689B92220666C6F7761626C653A61737369676E65653D2261646D696E223E3C62706D6E323A696E636F6D696E673E466C6F775F3038306E736F653C2F62706D6E323A696E636F6D696E673E3C62706D6E323A6F7574676F696E673E466C6F775F313361636366783C2F62706D6E323A6F7574676F696E673E3C2F62706D6E323A757365725461736B3E3C62706D6E323A73657175656E6365466C6F772069643D22466C6F775F3038306E736F652220736F757263655265663D224576656E745F3077656372686C22207461726765745265663D2241637469766974795F3071726473616922202F3E3C62706D6E323A757365725461736B2069643D2241637469766974795F307A693434346822206E616D653D22E4BA8CE7BAA7E5AEA1E689B92220666C6F7761626C653A61737369676E65653D223133353730393133383134223E3C62706D6E323A696E636F6D696E673E466C6F775F313361636366783C2F62706D6E323A696E636F6D696E673E3C62706D6E323A6F7574676F696E673E466C6F775F303639773876773C2F62706D6E323A6F7574676F696E673E3C2F62706D6E323A757365725461736B3E3C62706D6E323A73657175656E6365466C6F772069643D22466C6F775F313361636366782220736F757263655265663D2241637469766974795F3071726473616922207461726765745265663D2241637469766974795F307A693434346822202F3E3C62706D6E323A656E644576656E742069643D224576656E745F313131737A3336223E3C62706D6E323A696E636F6D696E673E466C6F775F303639773876773C2F62706D6E323A696E636F6D696E673E3C2F62706D6E323A656E644576656E743E3C62706D6E323A73657175656E6365466C6F772069643D22466C6F775F303639773876772220736F757263655265663D2241637469766974795F307A693434346822207461726765745265663D224576656E745F313131737A333622202F3E3C2F62706D6E323A70726F636573733E3C62706D6E64693A42504D4E4469616772616D2069643D2242504D4E4469616772616D5F31223E3C62706D6E64693A42504D4E506C616E652069643D2242504D4E506C616E655F31222062706D6E456C656D656E743D2250726F636573735F31363438313130363434383731223E3C62706D6E64693A42504D4E456467652069643D22466C6F775F303639773876775F6469222062706D6E456C656D656E743D22466C6F775F30363977387677223E3C64693A776179706F696E7420783D223639302220793D2233393022202F3E3C64693A776179706F696E7420783D223735322220793D2233393022202F3E3C2F62706D6E64693A42504D4E456467653E3C62706D6E64693A42504D4E456467652069643D22466C6F775F313361636366785F6469222062706D6E456C656D656E743D22466C6F775F31336163636678223E3C64693A776179706F696E7420783D223533302220793D2233393022202F3E3C64693A776179706F696E7420783D223539302220793D2233393022202F3E3C2F62706D6E64693A42504D4E456467653E3C62706D6E64693A42504D4E456467652069643D22466C6F775F3038306E736F655F6469222062706D6E456C656D656E743D22466C6F775F3038306E736F65223E3C64693A776179706F696E7420783D223337382220793D2233393022202F3E3C64693A776179706F696E7420783D223433302220793D2233393022202F3E3C2F62706D6E64693A42504D4E456467653E3C62706D6E64693A42504D4E53686170652069643D224576656E745F3077656372686C5F6469222062706D6E456C656D656E743D224576656E745F3077656372686C223E3C64633A426F756E647320783D223334322220793D22333732222077696474683D22333622206865696768743D22333622202F3E3C2F62706D6E64693A42504D4E53686170653E3C62706D6E64693A42504D4E53686170652069643D2241637469766974795F307172647361695F6469222062706D6E456C656D656E743D2241637469766974795F30717264736169223E3C64633A426F756E647320783D223433302220793D22333530222077696474683D2231303022206865696768743D22383022202F3E3C62706D6E64693A42504D4E4C6162656C202F3E3C2F62706D6E64693A42504D4E53686170653E3C62706D6E64693A42504D4E53686170652069643D2241637469766974795F307A69343434685F6469222062706D6E456C656D656E743D2241637469766974795F307A6934343468223E3C64633A426F756E647320783D223539302220793D22333530222077696474683D2231303022206865696768743D22383022202F3E3C62706D6E64693A42504D4E4C6162656C202F3E3C2F62706D6E64693A42504D4E53686170653E3C62706D6E64693A42504D4E53686170652069643D224576656E745F313131737A33365F6469222062706D6E456C656D656E743D224576656E745F313131737A3336223E3C64633A426F756E647320783D223735322220793D22333732222077696474683D22333622206865696768743D22333622202F3E3C2F62706D6E64693A42504D4E53686170653E3C2F62706D6E64693A42504D4E506C616E653E3C2F62706D6E64693A42504D4E4469616772616D3E3C2F62706D6E323A646566696E6974696F6E733E, 0);
INSERT INTO `act_ge_bytearray` VALUES ('763d6801-ab4d-11ec-bb42-120ba98bd27c', 1, 'Process_96.Process_1648110644871.png', '751fc2ff-ab4d-11ec-bb42-120ba98bd27c', 0x89504E470D0A1A0A0000000D494844520000031E000001B80806000000CBE031E40000137C4944415478DAEDDD6F6C55659E07705F681C9349F485C63599444DE6C5BC30715EAC711357E38B35991793A88915DB826009B22A414485684007FCEF621DA9C4A84458C7C425AC80DB18672D480B618AC1101604C93A2A02A5526471A90C52AA67CFEFA6E7EEA1505A28EDFDD3CF27F9A5B7BDE5B629BFDCE7FB9CF33CE79C771E000000000000000000000000000000000000000000000000000000000000000000000000000000000000000000000000000000000000000000000000000000000000000000000000000000000000000000000000000000000000000000000000000000000000000000000000000000000000000000000000000000000000000000000000000000000000000000000000000000000000000000000000000000000000000000000000000000000000000000000000000000000000000000000000000000000000000000000000000000000000000000000000000000000000000000000000000000000000000000000000000000000000000000000000000000000000000000000000000000000000000000000000000000000000000000000000000000000000000000000000000000000000000000000000000000000000000000000000000000000000000000000000000000000000000000000000000000000000000000000000000000000000000000000000000000000000000000000000000000000000000000000000000000000000000000000000000000000000000000000000000000000000000000000000000000000000000000000000000000000000000000000000000000000000000000000000000000000000000000000000000000000000000000000000000000000000000000000000000000000000000000000000000000000000000000000000000000000000000000000000000000000000000000000000000000000000000000000000000000000000000000000000000000000000000000000000000000000000000000000000000000000000000000000000000000000000000000000000000000000000000000000000000000000000000000000000000000000000000000000000000000000000000000000000000000000000000000000000000000000000000000000000000000000000000000000000000000000000000000000000000000000000000000000000000000000000000000000000000000000000000000000000000000000000000000000000000000000000000000000000000000000000000000000000000000000000000000000000000000000000000000000000000000000000000000000000000000000000000000000000000000000000000000000000000000000000000000000000000000000000000000000000000000000000000000000000000000000000000000000000000000000000000000000000000000000000000000000000000000000000000000000000000000000000000000000000000000000000000000000000000000000000000000000000000000000000000000000000000000000000000000000000000000000000000000000000000000000000000000000000000000000000000000000000000000000000000000000000000000000000000000000000000000000000000000000000000000000000000000000000000000000C5B9224E77FF5D557CB376EDCF8D39A356B9296961635CAB57AF5EA64DDBA75DFA5355EFFE907FD070054A5087DEBD7AF4FBABABA9263C78EA912D581030792B6B6B6FF4D43E01DFA4FE93F00A0EAC49166A1AF6CC2DFB1969696CFF59FD27F0040D589E52D4257F9541AFC8EEB3FA5FF0080AA136BBC05AEB20A7E89FE53FA0F0018B3C1EF87EF3B93AF362D49B6AF9E5FA8781C5F13D6043FFDA7FF0000CE49F0EB3ED4917CF69F7393FFFAE0D1132ABE16CF096C829FFED37F0000C30E7E7BB6FFC749A12FABBDDB9B0536C14FFFE93F0080E107BFCFD7BE3060F08BE70436C14FFFE93F00806107BFCF5AFE3060F08BE70436C14FFFE93F0000C14FF0D37F4AFF0100E51FFCE22A420305BF784E6013FCF49FFE03001876F0FB62C3AB0306BF784E6013FCF49FFE03001876F03BD8B135F9ECA3274F5EE6927E2D9E13D8043FFDA7FF0000861DFCA2BEFEF4ED93825F7C4D5813FCF49FFE03003837C1EFC71F932FFEF2DAC9CB5CD2AFC573029BE0A7FFF41F00C0B0825FDC19FABF37340DB8C63E9E73F768C14FFFE93F0080B30B7E3FFE98747EF171B2EDCF8F0F18FAB28AEF89EF75F459F0D37FFA0F0060C8C16FB0A3CC8E3E0B7EFA4FFF01000C3BF80DE528F3E98E3E0B70829FFED37F00008306BFB30D7D590970829FFED37F000083063F25F8E93FFDC7C0264D9A74C95D77DD75475A4D69B5A7D5995692ABF8BC7DDCB8716FD6D6D68E4FEB527F35802AB477EFDE6B57AE5CF9C7458B167D3667CE9CEE69D3A6FD545F5F5F1C10A64C99D2F3F0C30F1F9C376FDEBA050B16FC733A80FCC2C443E012FCF49F32F1184C3A91F87D3A8E34A71389DE7E138D412BFD372D69DD76F3CD379FEF2F0950C1922439BFBDBD7DD6C2850B3BD38945F2DC73CF252B56AC48B66CD99274747424BDBDBD49E6E0C183C9D6AD5B9355AB5625AFBEFA6A924E3C7A1F7DF4D1BF3434345C6BE2A1043FFDA7FFE82F9D38FC7D3A69D878A6938D016A53FA5ABFF35705A8406D6D6D0D2FBFFC72F7FDF7DF9F2C5FBE3CE9ECEC4CCEC4A143870A83ED030F3C707CFAF4E91BD241E12AC14F097EFA4FFF116727D249C273A73AC3317BF6ECC298B361C38664F7EEDDC9D1A3470B634A4F4F4FE1F38D1B37160E80CD9D3B77A00948D3583FE30E5031E22CC7B265CBB635343424EFBEFB6EF14DFF6CC55991380B3261C284E393274F9E2DF829C14FFFE9BFB1ABBEBEFE57FDCF72A4E343B264C992333EC0B56BD7AE64F1E2C57186BDFFE4635BFC1C7F6D803296BEE95FD5D4D4D43563C68CC21BFAB914AFF7D0430F1D9D3265CA3B63E16894E027F8E93F65E271A274C2F19BBABABA7DF949422CE1EDEAEA1AD6F8124B7DE7CF9FDF7FF2B167AC9D6907A8A849472CAD8AD3D7B14C6A24C4D993679E79E6C8E4C9933FACF68D80829FE0A7FF9489C7FF8B3310F949479CE5686D6D3D61AFE070AD5FBFBEF0BA261F00652C9657C5998E98740C7769D550965E3DFDF4D387D3C161B1E0A7043FFDA7FFAA5FDF9E8EE2F2AAB822E2CE9D3B47648C893D20FD965E6DABA9A9F9A5911EA04CC49E8E585E75F8F0E16434C4E466FAF4E987D3C16796E0A7043FFDA7FFAA5B6C24CF9FE918A949477EF291BFDC7B6C3837D203948175EBD64D898DE4E77A4FC750F67CA403C3D19A9A9A5F0B7E4AF0D37FFAAF3AF55D32B778F5AA585E351A62D955BFFB7DB8D42E4029C512AB975E7AE987B87A5529AC58B1E2FB74F2B142F053829FFED37FD529BFC42A36929FCB3D1D83E9B7E17C939B0C029450DC1C30EED331D2FB3A4EB7DFA3A1A1617F5D5DDD6F053F25F8E93FFD575DFAEE485E5C6235DCAB579DCDD5AEF2FB3DE20EE7467E8012696C6CEC8C1B3595527373735C75E44F829F12FCF49FFEAB2EE97B7B7316FAE33E1DA5F0CE3BEFE4271E2D467E8012D8BB77EFB553A64C39E31B369D6B71E9DEBABABAFFA9B67B7B087E829FFE536379E291BEA75F92DFDB51AAB126CEB2E4379AA7BFD3A51200C0285BB972E51F5F7CF1C5A41C3CF6D8639BE2947C25FCDDE288595AFF28F8097EFA4F8DD589C750FA300DF97764617FF6ECD9251D63E252F1B989C778090060942D5CB870FB8A152BCA62E2B174E9D26D9572B9C3FC29FB74B2F40F829FE0A7FFD4589B780CA50FE33D3DFBBE522FE98DB12EFB5DD2DFF74D09006094CD9933A77BCB962D6531F1D8BC79F317E980D05E49036EAE3E3CD5913FC14FF0D37FAADA271EA7EBC3784FCF9EDFB0614349C798B8AF47EE776D97000046D9B469D37E2AF5FE8ECC77DF7DF7433A187456E8805B3CF2971F78053FC14FFFA93134F138A90FE33D3DFBFAEEDDBB4B3AC6747474E47FCF4E09006094C566BBD1BC9EFA606240A8E401377FE42F961E087E829FFE53636DE291EFC3FCE73D3D3D251D5FE2E7E77F1F0900A00403473919C240565125F89557555B7FE93FFD5749556E638C040030B6CF787457C1198FC295B9B23BE35642F06B6F6F8FBF79B267CF9E24FDBD0B75F7DD7727EFBFFF7EE1EB5F7FFDF580FF369E5FB060C1695F3FBEE791471E293C5EB66C59E14695D9D7E3DAFA8E38EB3FFD57BD7D98FF7AA96E52EB8C074099B8EFBEFB8E95CB1E8FFDFBF77F56C17B3C4E087C994A087E11C09A9A9A0A8FBBBBBB0B9F7FF9E59785BBFDC6E3086BD9F7B6B5B5150261160CAFB8E28AE4C61B6F2C3C8E7AEFBDF792ABAFBEFAA4D75FBC7871F1F1DB6FBF5D7C9C7F6DC14FFFE9BFEAEBC3FC1E8F5DBB76D9E3013096CD9A35EBDB72B9AA557B7B7B6B055ED5AABDB6B6F6B6FE81AF5282DFFAF5EB930F3EF8A018C43EFDF4D3E251E6FC91E27C88CB87B5F8FCA9A79E2A7E7EC10517C4FD580A8FE335B2A3D637DD745321F0C5E39D3B7716FFEDD6AD5B0B1F5F79E515C1AF0AFA2F8E685F7FFDF5858AC94156D1077129D5F8BF8EC983FEABBA89C7807DE8AA560014CD9F3FFFA372B98F476363637305DDC7E39447982B69E2114B5BB223C0975D76593273E6CC62205BBB766DE1E3A2458B4E38821C47A4D7AC59533CC21CDFD3D0D050787CFBEDB71742E6A98E68E78F385F7EF9E5C9471F7D54781CAF9D0FA2825FE5F7DF912347F4DFD899780CDA87F9FB78C4A4D17D3C00C6B0175E78E19E050B16FC5C0E138FA953A73657CA9DCB876A3483DF8103074E5823DFBF229CC591DD085C11DEE2DFECD8B1A3701432BE961DB1CE9E8F6078E5955726B7DC72CB49412E8E5E678FE375E3F1871F7E985C7CF1C5A70C7E71C4393B9A1D6BFAFB2FB111FC2ABFFFCEA6F45FF573E772008A264D9AF48B8686869E584F5DE27B78C4FE8E03F1FB087E237FB439AB584B1F01ECD0A143C9BE7DFB8A4B4F6EB8E1860137E066CFF73FE21CEBED6FBDF5D6E2F7C56BC55299F89E37DE78E394A1D11AFBB13DF1D07F63628CB9247D6F3F9E05FEF83F2F85AEAEAEA4AEAEEEE7DCC4E3520900A00466CF9EBDB6B9B9B9A4138FA6A6A67F4D07833F097EA33B4989F09585B1087EB1463E5BE6125F7BFEF9E74F79047928C1EFDB6FBF2D06CBECA874FFE09705CDBD7BF70A7EFA4FFF55A9F4BDBD390BFCAFBFFE7A49C69898C0E66F7068E407289174E0BEF6DE7BEFED2DD5A50E7B7B7BF7A403C15FEBEAEA7E2BF88D7EC5FFFB35D75C936CDEBCB910C2BEF9E69BE2E3532D4589252DF9109885BAD8B41B4B67065B631F612FBF89388260768953C14FFFE9BFEA134B68B3D03F61C284C2D987D11467F4274E9C983FDB719B911FA0841E7CF0C1B6526D327FF6D96797A683C172C1AF34CB5C2EBAE8A242D83BAF6F594BB6E977E9D2A5858F6FBDF5D6692F859A05BFFE151B81B3CBA3C66B65DF1F95ADE57FF2C9270B1FB32B11097E95DB7F43D963D4D8D858DCC3A1FFC696FCD5ADE6CF9F3FAAF78F8A9F97BFE4EF601765006084D5D4D4FCDD3DF7DC736CB4AFB3BE63C78EB67420E84E7FFEAF05BFD24C3EE2E385175E58385A1CBFEF75D75D577C3E3B321C1FCF34F845C57D15CEEBB7A1377B5C8A32F118F9B317FA4FFF9DCA9D77DEF94FF97B7EB4B6B68ECA1813976CCEFFDCDADADADF19F101CA405D5DDDF4193366FC6DB4965C1D3972647BFA33B7A783C123829F12FCF49FFEAB6EE97BFDBF641380FAFAFAC2A460A4EFDB317EFCF89F73138F26233D4019993C79F2DBF3E6CD1BF1C9476F6FEFAE8686868FD381E035C14F097EFA4FFF55BF58E2945F7215938F91BAA9604C3A264E9CF8536ED2B1ADA6A6E697467980321B18D209C1FB4F3CF1C4E1919A7CC4998E7482B336F67554DBE573053FC14FFF29FD37B074B2F1ABF4BDFF8BFCE423965D9DCB3D1F7126A5DF998E3D695D65840728D3C9475D5DDDEBD3A74F3F7CAEF77CC49E8EBEE555AF55FBA443F013FCF49F32F138594C02F2938F6CC3F970AF761557AFEAB791DCA403A0528C1B376E5A7D7DFD0FCB962D3BD4D3D333EC4BE6F65DBDAABB9AF774087E829FFE53FA6F707D673EDAF39384B8D4EE92254B92CECECE33BE39605C112D7FC9DC6C79954907400589AB5DD5D6D6FE7BFA86FEFDF2E5CBBF3C78F0E0F133BD2379DC1C307D8D9DB1B42AFDF81BC14F097EFA4FFF1167D7C78D1BF772BFC942A11E7FFCF1C29DE5630F489C79CF0E7EC5C78E8E8EC21E8E55AB562573E7CE3DE18EE4F98DE4F6740054A87470B826AD37D337F8C33367CEDCB278F1E22D9F7CF2C997FBF6ED3B929B6774C744A3BDBDBDB5B1B1B179EAD4A971B7DA03E964E3DD6ABC39A0E027F8E93FA5FF86AFEF52BBEDA79A809C456D72C95C802A11FB32FA0689B82C626C10FF3AADE3B937FDCEBE01A429EE563B16F671087E829FFE53FAEF9C1CE08A3B9C37F71B538654E964A325EE48EEE68000987828C14FFFE93F138FA11EE0BA249D84DC1507B0FA0E6475F69B68140E70C559F874B2313E9604FBAB0160E221F8097EFA4F99780000829FE0A7FF94FE0300043F25F8E93FFD070020F8097EFA4FE93F0040F053261EFEDFF51F0020F829C14FFFE93F0000C14FF0D37F4AFF0100829F12FCF49FFE030010FC043FFDA74C3C0000C14FF0D37F4AFF0100829F12FCF49FFE030010FC043FFDA7F41F0020F829130FFFEFFA0F0010FC94E0A7FFF41F0080E027F8E93FA5FF0000C14F097EFA4FFF0100087E829FFE53261E00C06858B3668DC0553E75340D7EC7F59FD27F0040D559B76E5D67575797D05506D5D1D1F16F69F0FB5CFF29FD0700549D8F3FFEF8D6D6D6D6EFF7EFDFFF37E1AB74479A23F4AD5EBDFA9BB4EED07F4AFF010055290D1BBF6F6969D914CB2C628DB71AF58ABFFBE76335F4E93FFD0700000000000000000000000000000000000000000000000000000050B6FE0F2138D39090590EF10000000049454E44AE426082, 1);
INSERT INTO `act_ge_bytearray` VALUES ('772916cf-abe3-11ec-b0a4-120ba98bd27c', 1, 'Process_98.bpmn20.xml', '772916ce-abe3-11ec-b0a4-120ba98bd27c', 0x3C3F786D6C2076657273696F6E3D22312E302220656E636F64696E673D225554462D38223F3E0A3C62706D6E323A646566696E6974696F6E7320786D6C6E733A7873693D22687474703A2F2F7777772E77332E6F72672F323030312F584D4C536368656D612D696E7374616E63652220786D6C6E733A62706D6E323D22687474703A2F2F7777772E6F6D672E6F72672F737065632F42504D4E2F32303130303532342F4D4F44454C2220786D6C6E733A62706D6E64693D22687474703A2F2F7777772E6F6D672E6F72672F737065632F42504D4E2F32303130303532342F44492220786D6C6E733A64633D22687474703A2F2F7777772E6F6D672E6F72672F737065632F44442F32303130303532342F44432220786D6C6E733A64693D22687474703A2F2F7777772E6F6D672E6F72672F737065632F44442F32303130303532342F44492220786D6C6E733A666C6F7761626C653D22687474703A2F2F666C6F7761626C652E6F72672F62706D6E222069643D226469616772616D5F50726F636573735F393822207461726765744E616D6573706163653D22687474703A2F2F666C6F7761626C652E6F72672F62706D6E223E3C62706D6E323A70726F636573732069643D2250726F636573735F393822206E616D653D22E8AFB7E581872220697345786563757461626C653D2274727565223E3C62706D6E323A73746172744576656E742069643D224576656E745F316A78356A3773223E3C62706D6E323A6F7574676F696E673E466C6F775F3030776E7671373C2F62706D6E323A6F7574676F696E673E3C2F62706D6E323A73746172744576656E743E3C62706D6E323A757365725461736B2069643D2241637469766974795F316F786B7637382220666C6F7761626C653A61737369676E65653D2231333537303931333831342220666C6F7761626C653A61737369676E65654E616D653D223133353730393133383134223E3C62706D6E323A696E636F6D696E673E466C6F775F3030776E7671373C2F62706D6E323A696E636F6D696E673E3C62706D6E323A6F7574676F696E673E466C6F775F3134363577346B3C2F62706D6E323A6F7574676F696E673E3C2F62706D6E323A757365725461736B3E3C62706D6E323A73657175656E6365466C6F772069643D22466C6F775F3030776E7671372220736F757263655265663D224576656E745F316A78356A377322207461726765745265663D2241637469766974795F316F786B76373822202F3E3C62706D6E323A656E644576656E742069643D224576656E745F316D766F647669223E3C62706D6E323A696E636F6D696E673E466C6F775F3134363577346B3C2F62706D6E323A696E636F6D696E673E3C2F62706D6E323A656E644576656E743E3C62706D6E323A73657175656E6365466C6F772069643D22466C6F775F3134363577346B2220736F757263655265663D2241637469766974795F316F786B76373822207461726765745265663D224576656E745F316D766F64766922202F3E3C2F62706D6E323A70726F636573733E3C62706D6E64693A42504D4E4469616772616D2069643D2242504D4E4469616772616D5F31223E3C62706D6E64693A42504D4E506C616E652069643D2242504D4E506C616E655F31222062706D6E456C656D656E743D2250726F636573735F3938223E3C62706D6E64693A42504D4E456467652069643D22466C6F775F3030776E7671375F6469222062706D6E456C656D656E743D22466C6F775F3030776E767137223E3C64693A776179706F696E7420783D223336382220793D2233323022202F3E3C64693A776179706F696E7420783D223432302220793D2233323022202F3E3C2F62706D6E64693A42504D4E456467653E3C62706D6E64693A42504D4E456467652069643D22466C6F775F3134363577346B5F6469222062706D6E456C656D656E743D22466C6F775F3134363577346B223E3C64693A776179706F696E7420783D223532302220793D2233323022202F3E3C64693A776179706F696E7420783D223537322220793D2233323022202F3E3C2F62706D6E64693A42504D4E456467653E3C62706D6E64693A42504D4E53686170652069643D224576656E745F316A78356A37735F6469222062706D6E456C656D656E743D224576656E745F316A78356A3773223E3C64633A426F756E647320783D223333322220793D22333032222077696474683D22333622206865696768743D22333622202F3E3C2F62706D6E64693A42504D4E53686170653E3C62706D6E64693A42504D4E53686170652069643D2241637469766974795F316F786B7637385F6469222062706D6E456C656D656E743D2241637469766974795F316F786B763738223E3C64633A426F756E647320783D223432302220793D22323830222077696474683D2231303022206865696768743D22383022202F3E3C2F62706D6E64693A42504D4E53686170653E3C62706D6E64693A42504D4E53686170652069643D224576656E745F316D766F6476695F6469222062706D6E456C656D656E743D224576656E745F316D766F647669223E3C64633A426F756E647320783D223537322220793D22333032222077696474683D22333622206865696768743D22333622202F3E3C2F62706D6E64693A42504D4E53686170653E3C2F62706D6E64693A42504D4E506C616E653E3C2F62706D6E64693A42504D4E4469616772616D3E3C2F62706D6E323A646566696E6974696F6E733E, 0);
INSERT INTO `act_ge_bytearray` VALUES ('78477f20-abe3-11ec-b0a4-120ba98bd27c', 1, 'Process_98.Process_98.png', '772916ce-abe3-11ec-b0a4-120ba98bd27c', 0x89504E470D0A1A0A0000000D494844520000026A00000172080600000045BFF61400000DD94944415478DAEDDD4F6CD6F51D07700F1E76F0E061871D3C78F0E061891E76D861070F3B783099072AF000419E069D4A2AEA8048C08D4625388485620C9104A624AC6141B66671B380A50D3E1816D30908190319509E51E86014044AF1B7EFF7499FE647A1D2429FE7F7F4E1F54A3E419E07DBA6F9FDBECFFBF7FD7BDF7D00000000000000000000000000000000000000000000000000000000000000000000000000000000000000000000000000000000000000000000000000000000000000000000000000000000000000000000000000000000000000000000000000000000000000000000000000000000000000000000000000000000000000000000000000000000000000000000000000000000000000000000000000000000000000000000000000000000000000000000000000000000000000000000000000000000000000000000000000000000000000000000000000000000000000000000000000000000000000000000000000000000000000000000000000000000000000000000000000000000000000000000000000000000000000000000000000000000000000000000000000000000000000000000000000000000000000000000000000000000000000000000000000000000000000000000000000000000000000000000000000000000000000000000000000000000000000000000000000000000000000000000000000000000000000000000000000000000000000000000000000000000000000000000000000000000000000000000000000000000000000000000000000000000000000000000000000000000000000000000000000000000000000000000000000000000000000000000000000000000000000000000000000000000000000000000000000000000000000000000000000000000000000000000000000000000000000000000000000000000000000000000000000000000000000000000000000000000000000000000000000000000000000000000000000000000000000000000000000000000000000000000000000000000000000000000000000000000000000000000000000000000000000000000000050054992DC7FF4E8D12D7BF6ECB9BE63C78EA4BDBD5D55B9B66FDF9E7476769E0D35D31509000C8B21ADABAB2BE9EDED4DAE5EBDAA32AA3367CE24BB76EDFA5F086D535C95004049EC4913D26A26AC5D6D6F6F3FE8AA04004AE270A790543B1582DA355725005012E74809483515D41257250030AEA076F17C3139BA774372607B73A9E27FC7D7842B410D00C830A8F59FEB49F6FF6D69F28FBF2CB8A1E26BF13D014B500300320A6A270EFCF9A69056AE9307DA042C410D00C82AA81DFC6CC5A8412DBE2760096A004046416D7FFB6F460D6AF13D014B5003000435410D0010D4D21557798E16D4E27B0296A006006414D40EEF5E3B6A508BEF0958821A00905150EBEBF92AD9FFE9AF6F1EF60CAFC5F7042C410D00C828A8C5FAE6EF1FDE14D4E26BC295A006006419D4AE5C490E7FFEFECDC39EE1B5F89E8025A801001904B578F2C03F77B78C3A472DBEE77402410D00A86650BB7225291EDE99ECFBEBE251435AB9E2BF89FF56EF9AA006005438A8DDAE174DEF9AA006006414D4C6D28BF67DBD6B0297A006005428A8DD69482B97C025A80100150A6A4A50CBCAB3CF3EFBE0B469D3A6846A095508550C95A42AFEBD3075EAD40FA64F9F3E33D40FDDC50093C8C993271FFBF8E38F7FF7DE7BEFED5FB26449FFBC79F3AECF983163B8A19F3B77EEC06BAFBDD6B76CD9B2CE952B57FE327C30FC4050139004B56C85E0F554B83FDB42F01A1C11CC6E5BE1FF690FF5F4134F3C71BF1610A0062549727FA15058B866CD9A620862C9F2E5CB93AD5BB726DDDDDD494F4F4F3238389894F5F5F5255F7DF555B26DDBB664EDDAB549086A830B162CF83C9FCF3F26A82941ADBA42D0FA4908597BC61BCE46A9BDE16B3DA94504A821BB76EDCAAF5EBDBAFFC5175F4CB66CD992148BC5643CCE9D3B57FA707CE9A597AE353535ED0E8DFDC3829A12D42A2BF67E8550B5FC563D688B162D2ADDCBBB77EF4E8E1F3F9E5CBE7CB974AF0E0C0C94FEBE67CF9ED283D8D2A54B470B6C2DF77A4F39404DF4A2B5B6B6EECBE7F3C9E6CD9B871BF33B157BDD622FDBAC59B3AE3536362E12D494A056193366CC7868642F5AB8EF920D1B368CFB41EBD8B163C9FAF5EB63CFF8C8B0B62F7E1F2D2540064263FE704B4B4BEFFCF9F34B0DF5448A5FEF95575EB93C77EEDC4DF7C253B9A026A8555308688FE672B953E95015A72AF4F6F6DED57D1BA7343437378F0C6B27EEB51E72809A086971A8330E7BC461CB4A88BD736FBDF5D6A5C6C6C64FEA7D82B2A026A855B3272D1DD2622F5A4747C70D7348EF56575757E9EB0A6B001988C39DB1272D86B4BB1DEA1CCB50E89B6FBE792134FAEB053525A8DD9DA13969C3C39D7125F6A143872A72EFC6396C238642F73534343CA00505A8B038272D0E775EB87021A98618069B9A9A2E840F9585829A12D4EE5C5C3890EE49AB54484B87B5F4B63C7181811614A0823A3B3BE7C68503133D276D2C73D642837F393C913F22A829416DFC86B6E0185EDD19873BAB210E838ED86FCDD61D009510873CDF7DF7DD8B71756716B66EDD7A3E84B5AD829A12D4EEA8376D4F7AE1C044CE49BB9D110B0CF6DA1417A002E266B6719FB44ACF4BFBBEF96AF97CFE742E977B5C505382DAD80D9D38303CE479B7AB3BEF6435687ABE5A3CC1408B0A30C156AD5A558C1B6066A9ADAD2DAE1EFB48505382DAD8C563A1CA2129EE9396854D9B36DD70DC9416156002C5B33BE3B150E3DD0873A2C5AD4072B9DC7FEB6D6F35414D50AB9478C07A7A6E5A56F770ECC54B2F2C70903BC0048A07ACBFF3CE3B492D78FDF5D7F7C6A19CC9F07B1B3AA8FA67829AA096D5F51542D194F4B150594A1F37157EEE995A568009B266CD9A03F15CBF5AB071E3C67D9365997F7AA82784CB9F0A6A825AB5AFAF78AF94FF5DD65317621B52FE59C2CFFB81961560822C59B2A4BFBBBBBB2682DA975F7E793834F485C9F4419AAA4F6ED50322A8096A95BABEE2BD527E3F1EB09EA5B8AF5AEA672D68590126C8BC79F3AE673D3FADECECD9B31743235F9CA41FA4C33D20E90F54414D50ABD4F515EF95F2EBC78F1FCFF4DEEDE9E949FF9C452D2BC004899380ABB9EFD2EDC4867E327F90A67B40E29095A026A855EAFA4AFF7D606020D3FB367EFFF4CFA3650598C00F845A32860FA84955825A6D55BD5D5FE5AAB57B57CB0A509F3D6AFD75D0A3565AB95ADEA15D50D3A356A9EB2BFD7A569B55EB5103A8B0175E78E16AADCC513B7DFAF4FE493C47ED86805626A8096A95BABED273D4AA7D46AF396A0055B270E1C2FFD4CAAACF42A1D03109577D16E2B139A39D7128A8096A95BABEACFA04B8073437377F5A2BFBA8AD5AB5AA6D12EDA376CB1E34414D50ABD6F595DE47ADB5B5D53E6A00F568C58A157356AE5CF95D2D04B5E79F7FBE6DB29C4C3056829AA056C130E76402807A17CFD6CCE7F3037D7D7D59EFA116E7A79D71D6A712D4C67CEF3E18EE996BE58074E4C891CCCEFACCE572DF39EB13A042C2D3F8676D6D6D9906B5969696DF8746FEA37AFBDD0A6A825A857BD5DACA0169DDBA7599DCBB9B366DBA61435E2D2AC004CBE7F38F3DF7DC7383592DF11F1C1C3C111AF87F85A7F2C7053525A88D5D9C2A500E49B366CD2AF56E5553EC899F3D7B76BA37ED692D2A4005BCFCF2CBBBB25A54F0F6DB6F6F0C8DFC967AFCBD0A6A825A157AD586577F36373757755FC4F8FDD25B88DC6E710D0077A8A1A1E14773E6CCB95AEDFD98BEFEFAEB5DA181EF0FDFFF11414D096AE3F7CC33CFFC3CBDE75A47474755EEDDAEAEAE91E7903EA92505A8A05C2ED7347FFEFC6FAB35047AE9D2A503E17B1E088DFCAFEAF5772AA8096A55EA55FB6D3930C5D3466288AAF4BE693367CEFC2E15D45AB4A00055D0D8D8F8E1B265CB2A1ED60607078FE5F3F99DA1817FBF9E7F9F829AA0560D43474A15D261AD529BE0C690367BF6ECEBA990B6AFA1A1E101AD2740951AFC10A0FEF4C61B6F5CA854588B3D6921107E16E7A5D5DB761C829AA0969510CE1E0AF7D4E174588BC3A01339672DF6D48DE8493B11EA612D274095C35A2E975BD7D4D47461A2E7ACC5396943C39DEFD77B4813D404B56A8BA1291DD6CA0B0CEE7635685CDD3962E180900690B5A953A7CE0B4FE5175B5B5BCF0D0C0CDCF5161C43AB3BFBEB794E9AA026A8D548CF5A211DAAE2D61D1B366C488AC5E2B837B38DFBA4A5B7E0280F770A69003520AE069D3E7DFA1F43437D7ECB962D47C293F5B5F19E381037B30D5FE3501CEA0C7F3E7A2FFDFE0435412D0BB1573C3C68AD1E11AE4AB578F1E2D2D9A0710E5BEC312F3F84C53F7B7A7A4A73D0B66DDB563A162A7DE2407AE180396900B5D7BBF6E378D87268B82FBCFAEAABDDEBD7AFEFFEE28B2F8E9C3A75EA522A97F5C7605628143AE201EBF1ECCE782C5408679BEB71335B414D50AB75435B77146E15D8EEA0F6DA8203A0C6C57965438D7FDC0E202E08F8267DDE60A8E2D007434BDC35FD5E988726A8096A93E041EBA9A1E3A6AE8D37A0C563A1E2890336B305405053825A651FB41E0CA16D5A7C901A7AA02A8E0866A507ADD87B1EC2D9CC38F5C15D0C80A0A6043500405013D400000435410D0010D494A00600086A821A0020A829410D0010D4043500405053821A0020A829410D0010D4043500405053821A0020A8096A0080A0A6043500405053821A0020A8096A0080A0A6043500405013D400807AB263C70E01A976EA72086AD75C95004049676767B1B7B75748AA81EAE9E9F943086A075D950040C9CE9D3B7FD1D1D171FEF4E9D3DF0A4BD9F5A4C590B67DFBF67F879AE2AA0400868570F0547B7BFBDE38EC16E748A9AA57FCBD1F14D2000000000000000000000000000000000000000000A0CEFC1FCBB0856A464C4FB80000000049454E44AE426082, 1);
INSERT INTO `act_ge_bytearray` VALUES ('8199d193-abe3-11ec-b0a4-120ba98bd27c', 1, 'Process_98.bpmn20.xml', '8199d192-abe3-11ec-b0a4-120ba98bd27c', 0x3C3F786D6C2076657273696F6E3D22312E302220656E636F64696E673D225554462D38223F3E0A3C62706D6E323A646566696E6974696F6E7320786D6C6E733A7873693D22687474703A2F2F7777772E77332E6F72672F323030312F584D4C536368656D612D696E7374616E63652220786D6C6E733A62706D6E323D22687474703A2F2F7777772E6F6D672E6F72672F737065632F42504D4E2F32303130303532342F4D4F44454C2220786D6C6E733A62706D6E64693D22687474703A2F2F7777772E6F6D672E6F72672F737065632F42504D4E2F32303130303532342F44492220786D6C6E733A64633D22687474703A2F2F7777772E6F6D672E6F72672F737065632F44442F32303130303532342F44432220786D6C6E733A64693D22687474703A2F2F7777772E6F6D672E6F72672F737065632F44442F32303130303532342F44492220786D6C6E733A666C6F7761626C653D22687474703A2F2F666C6F7761626C652E6F72672F62706D6E222069643D226469616772616D5F50726F636573735F393822207461726765744E616D6573706163653D22687474703A2F2F666C6F7761626C652E6F72672F62706D6E223E3C62706D6E323A70726F636573732069643D2250726F636573735F393822206E616D653D22E8AFB7E581872220697345786563757461626C653D2274727565223E3C62706D6E323A73746172744576656E742069643D224576656E745F316A78356A3773223E3C62706D6E323A6F7574676F696E673E466C6F775F3030776E7671373C2F62706D6E323A6F7574676F696E673E3C2F62706D6E323A73746172744576656E743E3C62706D6E323A757365725461736B2069643D2241637469766974795F316F786B7637382220666C6F7761626C653A61737369676E65653D2231333537303931333831342220666C6F7761626C653A61737369676E65654E616D653D223133353730393133383134223E3C62706D6E323A696E636F6D696E673E466C6F775F3030776E7671373C2F62706D6E323A696E636F6D696E673E3C62706D6E323A6F7574676F696E673E466C6F775F3134363577346B3C2F62706D6E323A6F7574676F696E673E3C2F62706D6E323A757365725461736B3E3C62706D6E323A73657175656E6365466C6F772069643D22466C6F775F3030776E7671372220736F757263655265663D224576656E745F316A78356A377322207461726765745265663D2241637469766974795F316F786B76373822202F3E3C62706D6E323A656E644576656E742069643D224576656E745F316D766F647669223E3C62706D6E323A696E636F6D696E673E466C6F775F3134363577346B3C2F62706D6E323A696E636F6D696E673E3C2F62706D6E323A656E644576656E743E3C62706D6E323A73657175656E6365466C6F772069643D22466C6F775F3134363577346B2220736F757263655265663D2241637469766974795F316F786B76373822207461726765745265663D224576656E745F316D766F64766922202F3E3C2F62706D6E323A70726F636573733E3C62706D6E64693A42504D4E4469616772616D2069643D2242504D4E4469616772616D5F31223E3C62706D6E64693A42504D4E506C616E652069643D2242504D4E506C616E655F31222062706D6E456C656D656E743D2250726F636573735F3938223E3C62706D6E64693A42504D4E456467652069643D22466C6F775F3030776E7671375F6469222062706D6E456C656D656E743D22466C6F775F3030776E767137223E3C64693A776179706F696E7420783D223336382220793D2233323022202F3E3C64693A776179706F696E7420783D223432302220793D2233323022202F3E3C2F62706D6E64693A42504D4E456467653E3C62706D6E64693A42504D4E456467652069643D22466C6F775F3134363577346B5F6469222062706D6E456C656D656E743D22466C6F775F3134363577346B223E3C64693A776179706F696E7420783D223532302220793D2233323022202F3E3C64693A776179706F696E7420783D223537322220793D2233323022202F3E3C2F62706D6E64693A42504D4E456467653E3C62706D6E64693A42504D4E53686170652069643D224576656E745F316A78356A37735F6469222062706D6E456C656D656E743D224576656E745F316A78356A3773223E3C64633A426F756E647320783D223333322220793D22333032222077696474683D22333622206865696768743D22333622202F3E3C2F62706D6E64693A42504D4E53686170653E3C62706D6E64693A42504D4E53686170652069643D2241637469766974795F316F786B7637385F6469222062706D6E456C656D656E743D2241637469766974795F316F786B763738223E3C64633A426F756E647320783D223432302220793D22323830222077696474683D2231303022206865696768743D22383022202F3E3C2F62706D6E64693A42504D4E53686170653E3C62706D6E64693A42504D4E53686170652069643D224576656E745F316D766F6476695F6469222062706D6E456C656D656E743D224576656E745F316D766F647669223E3C64633A426F756E647320783D223537322220793D22333032222077696474683D22333622206865696768743D22333622202F3E3C2F62706D6E64693A42504D4E53686170653E3C2F62706D6E64693A42504D4E506C616E653E3C2F62706D6E64693A42504D4E4469616772616D3E3C2F62706D6E323A646566696E6974696F6E733E, 0);
INSERT INTO `act_ge_bytearray` VALUES ('81feade4-abe3-11ec-b0a4-120ba98bd27c', 1, 'Process_98.Process_98.png', '8199d192-abe3-11ec-b0a4-120ba98bd27c', 0x89504E470D0A1A0A0000000D494844520000026A00000172080600000045BFF61400000DD94944415478DAEDDD4F6CD6F51D07700F1E76F0E061871D3C78F0E061891E76D861070F3B783099072AF000419E069D4A2AEA8048C08D4625388485620C9104A624AC6141B66671B380A50D3E1816D30908190319509E51E86014044AF1B7EFF7499FE647A1D2429FE7F7F4E1F54A3E419E07DBA6F9FDBECFFBF7FD7BDF7D00000000000000000000000000000000000000000000000000000000000000000000000000000000000000000000000000000000000000000000000000000000000000000000000000000000000000000000000000000000000000000000000000000000000000000000000000000000000000000000000000000000000000000000000000000000000000000000000000000000000000000000000000000000000000000000000000000000000000000000000000000000000000000000000000000000000000000000000000000000000000000000000000000000000000000000000000000000000000000000000000000000000000000000000000000000000000000000000000000000000000000000000000000000000000000000000000000000000000000000000000000000000000000000000000000000000000000000000000000000000000000000000000000000000000000000000000000000000000000000000000000000000000000000000000000000000000000000000000000000000000000000000000000000000000000000000000000000000000000000000000000000000000000000000000000000000000000000000000000000000000000000000000000000000000000000000000000000000000000000000000000000000000000000000000000000000000000000000000000000000000000000000000000000000000000000000000000000000000000000000000000000000000000000000000000000000000000000000000000000000000000000000000000000000000000000000000000000000000000000000000000000000000000000000000000000000000000000000000000000000000000000000000000000000000000000000000000000000000000000000000000000000000000000000050054992DC7FF4E8D12D7BF6ECB9BE63C78EA4BDBD5D55B9B66FDF9E7476769E0D35D31509000C8B21ADABAB2BE9EDED4DAE5EBDAA32AA3367CE24BB76EDFA5F086D535C95004049EC4913D26A26AC5D6D6F6F3FE8AA04004AE270A790543B1582DA355725005012E74809483515D41257250030AEA076F17C3139BA774372607B73A9E27FC7D7842B410D00C830A8F59FEB49F6FF6D69F28FBF2CB8A1E26BF13D014B500300320A6A270EFCF9A69056AE9307DA042C410D00C82AA81DFC6CC5A8412DBE2760096A004046416D7FFB6F460D6AF13D014B5003000435410D0010D4D21557798E16D4E27B0296A006006414D40EEF5E3B6A508BEF0958821A00905150EBEBF92AD9FFE9AF6F1EF60CAFC5F7042C410D00C828A8C5FAE6EF1FDE14D4E26BC295A006006419D4AE5C490E7FFEFECDC39EE1B5F89E8025A801001904B578F2C03F77B78C3A472DBEE77402410D00A86650BB7225291EDE99ECFBEBE251435AB9E2BF89FF56EF9AA006005438A8DDAE174DEF9AA006006414D4C6D28BF67DBD6B0297A006005428A8DD69482B97C025A80100150A6A4A50CBCAB3CF3EFBE0B469D3A6846A095508550C95A42AFEBD3075EAD40FA64F9F3E33D40FDDC50093C8C993271FFBF8E38F7FF7DE7BEFED5FB26449FFBC79F3AECF983163B8A19F3B77EEC06BAFBDD6B76CD9B2CE952B57FE327C30FC4050139004B56C85E0F554B83FDB42F01A1C11CC6E5BE1FF690FF5F4134F3C71BF1610A0062549727FA15058B866CD9A620862C9F2E5CB93AD5BB726DDDDDD494F4F4F3238389894F5F5F5255F7DF555B26DDBB664EDDAB549086A830B162CF83C9FCF3F26A82941ADBA42D0FA4908597BC61BCE46A9BDE16B3DA94504A821BB76EDCAAF5EBDBAFFC5175F4CB66CD992148BC5643CCE9D3B57FA707CE9A597AE353535ED0E8DFDC3829A12D42A2BF67E8550B5FC563D688B162D2ADDCBBB77EF4E8E1F3F9E5CBE7CB974AF0E0C0C94FEBE67CF9ED283D8D2A54B470B6C2DF77A4F39404DF4A2B5B6B6EECBE7F3C9E6CD9B871BF33B157BDD622FDBAC59B3AE3536362E12D494A056193366CC7868642F5AB8EF920D1B368CFB41EBD8B163C9FAF5EB63CFF8C8B0B62F7E1F2D2540064263FE704B4B4BEFFCF9F34B0DF5448A5FEF95575EB93C77EEDC4DF7C253B9A026A8555308688FE672B953E95015A72AF4F6F6DED57D1BA7343437378F0C6B27EEB51E72809A086971A8330E7BC461CB4A88BD736FBDF5D6A5C6C6C64FEA7D82B2A026A855B3272D1DD2622F5A4747C70D7348EF56575757E9EB0A6B001988C39DB1272D86B4BB1DEA1CCB50E89B6FBE792134FAEB053525A8DD9DA13969C3C39D7125F6A143872A72EFC6396C238642F73534343CA00505A8B038272D0E775EB87021A98618069B9A9A2E840F9585829A12D4EE5C5C3890EE49AB54484B87B5F4B63C7181811614A0823A3B3BE7C68503133D276D2C73D642837F393C913F22A829416DFC86B6E0185EDD19873BAB210E838ED86FCDD61D009510873CDF7DF7DD8B71756716B66EDD7A3E84B5AD829A12D4EEA8376D4F7AE1C044CE49BB9D110B0CF6DA1417A002E266B6719FB44ACF4BFBBEF96AF97CFE742E977B5C505382DAD80D9D38303CE479B7AB3BEF6435687ABE5A3CC1408B0A30C156AD5A558C1B6066A9ADAD2DAE1EFB48505382DAD8C563A1CA2129EE9396854D9B36DD70DC9416156002C5B33BE3B150E3DD0873A2C5AD4072B9DC7FEB6D6F35414D50AB9478C07A7A6E5A56F770ECC54B2F2C70903BC0048A07ACBFF3CE3B492D78FDF5D7F7C6A19CC9F07B1B3AA8FA67829AA096D5F51542D194F4B150594A1F37157EEE995A568009B266CD9A03F15CBF5AB071E3C67D9365997F7AA82784CB9F0A6A825AB5AFAF78AF94FF5DD65317621B52FE59C2CFFB81961560822C59B2A4BFBBBBBB2682DA975F7E793834F485C9F4419AAA4F6ED50322A8096A95BABEE2BD527E3F1EB09EA5B8AF5AEA672D68590126C8BC79F3AE673D3FADECECD9B31743235F9CA41FA4C33D20E90F54414D50ABD4F515EF95F2EBC78F1FCFF4DEEDE9E949FF9C452D2BC004899380ABB9EFD2EDC4867E327F90A67B40E29095A026A855EAFA4AFF7D606020D3FB367EFFF4CFA3650598C00F845A32860FA84955825A6D55BD5D5FE5AAB57B57CB0A509F3D6AFD75D0A3565AB95ADEA15D50D3A356A9EB2BFD7A569B55EB5103A8B0175E78E16AADCC513B7DFAF4FE493C47ED86805626A8096A95BABED273D4AA7D46AF396A0055B270E1C2FFD4CAAACF42A1D03109577D16E2B139A39D7128A8096A95BABEACFA04B8073437377F5A2BFBA8AD5AB5AA6D12EDA376CB1E34414D50ABD6F595DE47ADB5B5D53E6A00F568C58A157356AE5CF95D2D04B5E79F7FBE6DB29C4C3056829AA056C130E76402807A17CFD6CCE7F3037D7D7D59EFA116E7A79D71D6A712D4C67CEF3E18EE996BE58074E4C891CCCEFACCE572DF39EB13A042C2D3F8676D6D6D9906B5969696DF8746FEA37AFBDD0A6A825A857BD5DACA0169DDBA7599DCBB9B366DBA61435E2D2AC004CBE7F38F3DF7DC7383592DF11F1C1C3C111AF87F85A7F2C7053525A88D5D9C2A500E49B366CD2AF56E5553EC899F3D7B76BA37ED692D2A4005BCFCF2CBBBB25A54F0F6DB6F6F0C8DFC967AFCBD0A6A825A157AD586577F36373757755FC4F8FDD25B88DC6E710D0077A8A1A1E14773E6CCB95AEDFD98BEFEFAEB5DA181EF0FDFFF11414D096AE3F7CC33CFFC3CBDE75A47474755EEDDAEAEAE91E7903EA92505A8A05C2ED7347FFEFC6FAB35047AE9D2A503E17B1E088DFCAFEAF5772AA8096A55EA55FB6D3930C5D3466288AAF4BE693367CEFC2E15D45AB4A00055D0D8D8F8E1B265CB2A1ED60607078FE5F3F99DA1817FBF9E7F9F829AA0560D43474A15D261AD529BE0C690367BF6ECEBA990B6AFA1A1E101AD2740951AFC10A0FEF4C61B6F5CA854588B3D6921107E16E7A5D5DB761C829AA0969510CE1E0AF7D4E174588BC3A01339672DF6D48DE8493B11EA612D274095C35A2E975BD7D4D47461A2E7ACC5396943C39DEFD77B4813D404B56A8BA1291DD6CA0B0CEE7635685CDD3962E180900690B5A953A7CE0B4FE5175B5B5BCF0D0C0CDCF5161C43AB3BFBEB794E9AA026A8D548CF5A211DAAE2D61D1B366C488AC5E2B837B38DFBA4A5B7E0280F770A69003520AE069D3E7DFA1F43437D7ECB962D47C293F5B5F19E381037B30D5FE3501CEA0C7F3E7A2FFDFE0435412D0BB1573C3C68AD1E11AE4AB578F1E2D2D9A0710E5BEC312F3F84C53F7B7A7A4A73D0B66DDB563A162A7DE2407AE180396900B5D7BBF6E378D87268B82FBCFAEAABDDEBD7AFEFFEE28B2F8E9C3A75EA522A97F5C7605628143AE201EBF1ECCE782C5408679BEB71335B414D50AB75435B77146E15D8EEA0F6DA8203A0C6C57965438D7FDC0E202E08F8267DDE60A8E2D007434BDC35FD5E988726A8096A93E041EBA9A1E3A6AE8D37A0C563A1E2890336B305405053825A651FB41E0CA16D5A7C901A7AA02A8E0866A507ADD87B1EC2D9CC38F5C15D0C80A0A6043500405013D400000435410D0010D494A00600086A821A0020A829410D0010D4043500405053821A0020A829410D0010D4043500405053821A0020A8096A0080A0A6043500405053821A0020A8096A0080A0A6043500405013D400807AB263C70E01A976EA72086AD75C95004049676767B1B7B75748AA81EAE9E9F943086A075D950040C9CE9D3B7FD1D1D171FEF4E9D3DF0A4BD9F5A4C590B67DFBF67F879AE2AA0400868570F0547B7BFBDE38EC16E748A9AA57FCBD1F14D2000000000000000000000000000000000000000000A0CEFC1FCBB0856A464C4FB80000000049454E44AE426082, 1);
INSERT INTO `act_ge_bytearray` VALUES ('89d630e4-ab4d-11ec-bb42-120ba98bd27c', 1, 'Process_96.bpmn20.xml', '89d630e3-ab4d-11ec-bb42-120ba98bd27c', 0x3C3F786D6C2076657273696F6E3D22312E302220656E636F64696E673D225554462D38223F3E0A3C62706D6E323A646566696E6974696F6E7320786D6C6E733A7873693D22687474703A2F2F7777772E77332E6F72672F323030312F584D4C536368656D612D696E7374616E63652220786D6C6E733A62706D6E323D22687474703A2F2F7777772E6F6D672E6F72672F737065632F42504D4E2F32303130303532342F4D4F44454C2220786D6C6E733A62706D6E64693D22687474703A2F2F7777772E6F6D672E6F72672F737065632F42504D4E2F32303130303532342F44492220786D6C6E733A64633D22687474703A2F2F7777772E6F6D672E6F72672F737065632F44442F32303130303532342F44432220786D6C6E733A64693D22687474703A2F2F7777772E6F6D672E6F72672F737065632F44442F32303130303532342F44492220786D6C6E733A666C6F7761626C653D22687474703A2F2F666C6F7761626C652E6F72672F62706D6E222069643D226469616772616D5F50726F636573735F3136343831313036343438373122207461726765744E616D6573706163653D22687474703A2F2F666C6F7761626C652E6F72672F62706D6E223E3C62706D6E323A70726F636573732069643D2250726F636573735F3136343831313036343438373122206E616D653D22E4B89AE58AA1E6B581E7A88B5F313634383131303634343837312220697345786563757461626C653D2274727565223E3C62706D6E323A73746172744576656E742069643D224576656E745F3077656372686C223E3C62706D6E323A6F7574676F696E673E466C6F775F3038306E736F653C2F62706D6E323A6F7574676F696E673E3C2F62706D6E323A73746172744576656E743E3C62706D6E323A757365725461736B2069643D2241637469766974795F3071726473616922206E616D653D22E4B880E7BAA7E5AEA1E689B92220666C6F7761626C653A61737369676E65653D2261646D696E223E3C62706D6E323A696E636F6D696E673E466C6F775F3038306E736F653C2F62706D6E323A696E636F6D696E673E3C62706D6E323A6F7574676F696E673E466C6F775F313361636366783C2F62706D6E323A6F7574676F696E673E3C2F62706D6E323A757365725461736B3E3C62706D6E323A73657175656E6365466C6F772069643D22466C6F775F3038306E736F652220736F757263655265663D224576656E745F3077656372686C22207461726765745265663D2241637469766974795F3071726473616922202F3E3C62706D6E323A757365725461736B2069643D2241637469766974795F307A693434346822206E616D653D22E4BA8CE7BAA7E5AEA1E689B92220666C6F7761626C653A61737369676E65653D223133353730393133383134223E3C62706D6E323A696E636F6D696E673E466C6F775F313361636366783C2F62706D6E323A696E636F6D696E673E3C62706D6E323A6F7574676F696E673E466C6F775F303639773876773C2F62706D6E323A6F7574676F696E673E3C2F62706D6E323A757365725461736B3E3C62706D6E323A73657175656E6365466C6F772069643D22466C6F775F313361636366782220736F757263655265663D2241637469766974795F3071726473616922207461726765745265663D2241637469766974795F307A693434346822202F3E3C62706D6E323A656E644576656E742069643D224576656E745F313131737A3336223E3C62706D6E323A696E636F6D696E673E466C6F775F303639773876773C2F62706D6E323A696E636F6D696E673E3C2F62706D6E323A656E644576656E743E3C62706D6E323A73657175656E6365466C6F772069643D22466C6F775F303639773876772220736F757263655265663D2241637469766974795F307A693434346822207461726765745265663D224576656E745F313131737A333622202F3E3C2F62706D6E323A70726F636573733E3C62706D6E64693A42504D4E4469616772616D2069643D2242504D4E4469616772616D5F31223E3C62706D6E64693A42504D4E506C616E652069643D2242504D4E506C616E655F31222062706D6E456C656D656E743D2250726F636573735F31363438313130363434383731223E3C62706D6E64693A42504D4E456467652069643D22466C6F775F303639773876775F6469222062706D6E456C656D656E743D22466C6F775F30363977387677223E3C64693A776179706F696E7420783D223639302220793D2233393022202F3E3C64693A776179706F696E7420783D223735322220793D2233393022202F3E3C2F62706D6E64693A42504D4E456467653E3C62706D6E64693A42504D4E456467652069643D22466C6F775F313361636366785F6469222062706D6E456C656D656E743D22466C6F775F31336163636678223E3C64693A776179706F696E7420783D223533302220793D2233393022202F3E3C64693A776179706F696E7420783D223539302220793D2233393022202F3E3C2F62706D6E64693A42504D4E456467653E3C62706D6E64693A42504D4E456467652069643D22466C6F775F3038306E736F655F6469222062706D6E456C656D656E743D22466C6F775F3038306E736F65223E3C64693A776179706F696E7420783D223337382220793D2233393022202F3E3C64693A776179706F696E7420783D223433302220793D2233393022202F3E3C2F62706D6E64693A42504D4E456467653E3C62706D6E64693A42504D4E53686170652069643D224576656E745F3077656372686C5F6469222062706D6E456C656D656E743D224576656E745F3077656372686C223E3C64633A426F756E647320783D223334322220793D22333732222077696474683D22333622206865696768743D22333622202F3E3C2F62706D6E64693A42504D4E53686170653E3C62706D6E64693A42504D4E53686170652069643D2241637469766974795F307172647361695F6469222062706D6E456C656D656E743D2241637469766974795F30717264736169223E3C64633A426F756E647320783D223433302220793D22333530222077696474683D2231303022206865696768743D22383022202F3E3C62706D6E64693A42504D4E4C6162656C202F3E3C2F62706D6E64693A42504D4E53686170653E3C62706D6E64693A42504D4E53686170652069643D2241637469766974795F307A69343434685F6469222062706D6E456C656D656E743D2241637469766974795F307A6934343468223E3C64633A426F756E647320783D223539302220793D22333530222077696474683D2231303022206865696768743D22383022202F3E3C62706D6E64693A42504D4E4C6162656C202F3E3C2F62706D6E64693A42504D4E53686170653E3C62706D6E64693A42504D4E53686170652069643D224576656E745F313131737A33365F6469222062706D6E456C656D656E743D224576656E745F313131737A3336223E3C64633A426F756E647320783D223735322220793D22333732222077696474683D22333622206865696768743D22333622202F3E3C2F62706D6E64693A42504D4E53686170653E3C2F62706D6E64693A42504D4E506C616E653E3C2F62706D6E64693A42504D4E4469616772616D3E3C2F62706D6E323A646566696E6974696F6E733E, 0);
INSERT INTO `act_ge_bytearray` VALUES ('8a319755-ab4d-11ec-bb42-120ba98bd27c', 1, 'Process_96.Process_1648110644871.png', '89d630e3-ab4d-11ec-bb42-120ba98bd27c', 0x89504E470D0A1A0A0000000D494844520000031E000001B80806000000CBE031E40000137C4944415478DAEDDD6F6C55659E07705F681C9349F485C63599444DE6C5BC30715EAC711357E38B35991793A88915DB826009B22A414485684007FCEF621DA9C4A84458C7C425AC80DB18672D480B618AC1101604C93A2A02A5526471A90C52AA67CFEFA6E7EEA1505A28EDFDD3CF27F9A5B7BDE5B629BFDCE7FB9CF33CE79C771E000000000000000000000000000000000000000000000000000000000000000000000000000000000000000000000000000000000000000000000000000000000000000000000000000000000000000000000000000000000000000000000000000000000000000000000000000000000000000000000000000000000000000000000000000000000000000000000000000000000000000000000000000000000000000000000000000000000000000000000000000000000000000000000000000000000000000000000000000000000000000000000000000000000000000000000000000000000000000000000000000000000000000000000000000000000000000000000000000000000000000000000000000000000000000000000000000000000000000000000000000000000000000000000000000000000000000000000000000000000000000000000000000000000000000000000000000000000000000000000000000000000000000000000000000000000000000000000000000000000000000000000000000000000000000000000000000000000000000000000000000000000000000000000000000000000000000000000000000000000000000000000000000000000000000000000000000000000000000000000000000000000000000000000000000000000000000000000000000000000000000000000000000000000000000000000000000000000000000000000000000000000000000000000000000000000000000000000000000000000000000000000000000000000000000000000000000000000000000000000000000000000000000000000000000000000000000000000000000000000000000000000000000000000000000000000000000000000000000000000000000000000000000000000000000000000000000000000000000000000000000000000000000000000000000000000000000000000000000000000000000000000000000000000000000000000000000000000000000000000000000000000000000000000000000000000000000000000000000000000000000000000000000000000000000000000000000000000000000000000000000000000000000000000000000000000000000000000000000000000000000000000000000000000000000000000000000000000000000000000000000000000000000000000000000000000000000000000000000000000000000000000000000000000000000000000000000000000000000000000000000000000000000000000000000000000000000000000000000000000000000000000000000000000000000000000000000000000000000000000000000000000000000000000000000000000000000000000000000000000000000000000000000000000000000000000000000000000000000000000000000000000000000000000000000000000000000000000000000000000000000000000C5B9224E77FF5D557CB376EDCF8D39A356B9296961635CAB57AF5EA64DDBA75DFA5355EFFE907FD070054A5087DEBD7AF4FBABABA9263C78EA912D581030792B6B6B6FF4D43E01DFA4FE93F00A0EAC49166A1AF6CC2DFB1969696CFF59FD27F0040D589E52D4257F9541AFC8EEB3FA5FF0080AA136BBC05AEB20A7E89FE53FA0F0018B3C1EF87EF3B93AF362D49B6AF9E5FA8781C5F13D6043FFDA7FF0000CE49F0EB3ED4917CF69F7393FFFAE0D1132ABE16CF096C829FFED37F0000C30E7E7BB6FFC749A12FABBDDB9B0536C14FFFE93F0080E107BFCFD7BE3060F08BE70436C14FFFE93F00806107BFCF5AFE3060F08BE70436C14FFFE93F0000C14FF0D37F4AFF0100E51FFCE22A420305BF784E6013FCF49FFE03001876F0FB62C3AB0306BF784E6013FCF49FFE03001876F03BD8B135F9ECA3274F5EE6927E2D9E13D8043FFDA7FF0000861DFCA2BEFEF4ED93825F7C4D5813FCF49FFE03003837C1EFC71F932FFEF2DAC9CB5CD2AFC573029BE0A7FFF41F00C0B0825FDC19FABF37340DB8C63E9E73F768C14FFFE93F0080B30B7E3FFE98747EF171B2EDCF8F0F18FAB28AEF89EF75F459F0D37FFA0F0060C8C16FB0A3CC8E3E0B7EFA4FFF01000C3BF80DE528F3E98E3E0B70829FFED37F00008306BFB30D7D590970829FFED37F000083063F25F8E93FFDC7C0264D9A74C95D77DD75475A4D69B5A7D5995692ABF8BC7DDCB8716FD6D6D68E4FEB527F35802AB477EFDE6B57AE5CF9C7458B167D3667CE9CEE69D3A6FD545F5F5F1C10A64C99D2F3F0C30F1F9C376FDEBA050B16FC733A80FCC2C443E012FCF49F32F1184C3A91F87D3A8E34A71389DE7E138D412BFD372D69DD76F3CD379FEF2F0950C1922439BFBDBD7DD6C2850B3BD38945F2DC73CF252B56AC48B66CD99274747424BDBDBD49E6E0C183C9D6AD5B9355AB5625AFBEFA6A924E3C7A1F7DF4D1BF3434345C6BE2A1043FFDA7FFE82F9D38FC7D3A69D878A6938D016A53FA5ABFF35705A8406D6D6D0D2FBFFC72F7FDF7DF9F2C5FBE3CE9ECEC4CCEC4A143870A83ED030F3C707CFAF4E91BD241E12AC14F097EFA4FFF116727D249C273A73AC3317BF6ECC298B361C38664F7EEDDC9D1A3470B634A4F4F4FE1F38D1B37160E80CD9D3B77A00948D3583FE30E5031E22CC7B265CBB635343424EFBEFB6EF14DFF6CC55991380B3261C284E393274F9E2DF829C14FFFE9BFB1ABBEBEFE57FDCF72A4E343B264C992333EC0B56BD7AE64F1E2C57186BDFFE4635BFC1C7F6D803296BEE95FD5D4D4D43563C68CC21BFAB914AFF7D0430F1D9D3265CA3B63E16894E027F8E93F65E271A274C2F19BBABABA7DF949422CE1EDEAEA1AD6F8124B7DE7CF9FDF7FF2B167AC9D6907A8A849472CAD8AD3D7B14C6A24C4D993679E79E6C8E4C9933FACF68D80829FE0A7FF9489C7FF8B3310F949479CE5686D6D3D61AFE070AD5FBFBEF0BA261F00652C9657C5998E98740C7769D550965E3DFDF4D387D3C161B1E0A7043FFDA7FFAA5FDF9E8EE2F2AAB822E2CE9D3B47648C893D20FD965E6DABA9A9F9A5911EA04CC49E8E585E75F8F0E16434C4E466FAF4E987D3C16796E0A7043FFDA7FFAA5B6C24CF9FE918A949477EF291BFDC7B6C3837D203948175EBD64D898DE4E77A4FC750F67CA403C3D19A9A9A5F0B7E4AF0D37FFAAF3AF55D32B778F5AA585E351A62D955BFFB7DB8D42E4029C512AB975E7AE987B87A5529AC58B1E2FB74F2B142F053829FFED37FD529BFC42A36929FCB3D1D83E9B7E17C939B0C029450DC1C30EED331D2FB3A4EB7DFA3A1A1617F5D5DDD6F053F25F8E93FFD575DFAEE485E5C6235DCAB579DCDD5AEF2FB3DE20EE7467E8012696C6CEC8C1B3595527373735C75E44F829F12FCF49FFEAB2EE97B7B7316FAE33E1DA5F0CE3BEFE4271E2D467E8012D8BB77EFB553A64C39E31B369D6B71E9DEBABABAFFA9B67B7B087E829FFE536379E291BEA75F92DFDB51AAB126CEB2E4379AA7BFD3A51200C0285BB972E51F5F7CF1C5A41C3CF6D8639BE2947C25FCDDE288595AFF28F8097EFA4F8DD589C750FA300DF97764617FF6ECD9251D63E252F1B989C778090060942D5CB870FB8A152BCA62E2B174E9D26D9572B9C3FC29FB74B2F40F829FE0A7FFD4589B780CA50FE33D3DFBBE522FE98DB12EFB5DD2DFF74D09006094CD9933A77BCB962D6531F1D8BC79F317E980D05E49036EAE3E3CD5913FC14FF0D37FAADA271EA7EBC3784FCF9EDFB0614349C798B8AF47EE776D97000046D9B469D37E2AF5FE8ECC77DF7DF7433A187456E8805B3CF2971F78053FC14FFFA93134F138A90FE33D3DFBFAEEDDBB4B3AC6747474E47FCF4E09006094C566BBD1BC9EFA606240A8E401377FE42F961E087E829FFE53636DE291EFC3FCE73D3D3D251D5FE2E7E77F1F0900A00403473919C240565125F89557555B7FE93FFD5749556E638C040030B6CF787457C1198FC295B9B23BE35642F06B6F6F8FBF79B267CF9E24FDBD0B75F7DD7727EFBFFF7EE1EB5F7FFDF580FF369E5FB060C1695F3FBEE791471E293C5EB66C59E14695D9D7E3DAFA8E38EB3FFD57BD7D98FF7AA96E52EB8C074099B8EFBEFB8E95CB1E8FFDFBF77F56C17B3C4E087C994A087E11C09A9A9A0A8FBBBBBB0B9F7FF9E59785BBFDC6E3086BD9F7B6B5B5150261160CAFB8E28AE4C61B6F2C3C8E7AEFBDF792ABAFBEFAA4D75FBC7871F1F1DB6FBF5D7C9C7F6DC14FFFE9BFEAEBC3FC1E8F5DBB76D9E3013096CD9A35EBDB72B9AA557B7B7B6B055ED5AABDB6B6F6B6FE81AF5282DFFAF5EB930F3EF8A018C43EFDF4D3E251E6FC91E27C88CB87B5F8FCA9A79E2A7E7EC10517C4FD580A8FE335B2A3D637DD745321F0C5E39D3B7716FFEDD6AD5B0B1F5F79E515C1AF0AFA2F8E685F7FFDF5858AC94156D1077129D5F8BF8EC983FEABBA89C7807DE8AA560014CD9F3FFFA372B98F476363637305DDC7E39447982B69E2114B5BB223C0975D76593273E6CC62205BBB766DE1E3A2458B4E38821C47A4D7AC59533CC21CDFD3D0D050787CFBEDB71742E6A98E68E78F385F7EF9E5C9471F7D54781CAF9D0FA2825FE5F7DF912347F4DFD899780CDA87F9FB78C4A4D17D3C00C6B0175E78E19E050B16FC5C0E138FA953A73657CA9DCB876A3483DF8103074E5823DFBF229CC591DD085C11DEE2DFECD8B1A3701432BE961DB1CE9E8F6078E5955726B7DC72CB49412E8E5E678FE375E3F1871F7E985C7CF1C5A70C7E71C4393B9A1D6BFAFB2FB111FC2ABFFFCEA6F45FF573E772008A264D9AF48B8686869E584F5DE27B78C4FE8E03F1FB087E237FB439AB584B1F01ECD0A143C9BE7DFB8A4B4F6EB8E1860137E066CFF73FE21CEBED6FBDF5D6E2F7C56BC55299F89E37DE78E394A1D11AFBB13DF1D07F63628CB9247D6F3F9E05FEF83F2F85AEAEAEA4AEAEEEE7DCC4E3520900A00466CF9EBDB6B9B9B9A4138FA6A6A67F4D07833F097EA33B4989F09585B1087EB1463E5BE6125F7BFEF9E74F79047928C1EFDB6FBF2D06CBECA874FFE09705CDBD7BF70A7EFA4FFF55A9F4BDBD390BFCAFBFFE7A49C69898C0E66F7068E407289174E0BEF6DE7BEFED2DD5A50E7B7B7BF7A403C15FEBEAEA7E2BF88D7EC5FFFB35D75C936CDEBCB910C2BEF9E69BE2E3532D4589252DF9109885BAD8B41B4B67065B631F612FBF89388260768953C14FFFE9BFEA134B68B3D03F61C284C2D987D11467F4274E9C983FDB719B911FA0841E7CF0C1B6526D327FF6D96797A683C172C1AF34CB5C2EBAE8A242D83BAF6F594BB6E977E9D2A5858F6FBDF5D6692F859A05BFFE151B81B3CBA3C66B65DF1F95ADE57FF2C9270B1FB32B11097E95DB7F43D963D4D8D858DCC3A1FFC696FCD5ADE6CF9F3FAAF78F8A9F97BFE4EF601765006084D5D4D4FCDD3DF7DC736CB4AFB3BE63C78EB67420E84E7FFEAF05BFD24C3EE2E385175E58385A1CBFEF75D75D577C3E3B321C1FCF34F845C57D15CEEBB7A1377B5C8A32F118F9B317FA4FFF9DCA9D77DEF94FF97B7EB4B6B68ECA1813976CCEFFDCDADADADF19F101CA405D5DDDF4193366FC6DB4965C1D3972647BFA33B7A783C123829F12FCF49FFEAB6EE97BFDBF641380FAFAFAC2A460A4EFDB317EFCF89F73138F26233D4019993C79F2DBF3E6CD1BF1C9476F6FEFAE8686868FD381E035C14F097EFA4FFF55BF58E2945F7215938F91BAA9604C3A264E9CF8536ED2B1ADA6A6E697467980321B18D209C1FB4F3CF1C4E1919A7CC4998E7482B336F67554DBE573053FC14FFF29FD37B074B2F1ABF4BDFF8BFCE423965D9DCB3D1F7126A5DF998E3D695D65840728D3C9475D5DDDEBD3A74F3F7CAEF77CC49E8EBEE555AF55FBA443F013FCF49F32F138594C02F2938F6CC3F970AF761557AFEAB791DCA403A0528C1B376E5A7D7DFD0FCB962D3BD4D3D333EC4BE6F65DBDAABB9AF774087E829FFE53FA6F707D673EDAF39384B8D4EE92254B92CECECE33BE39605C112D7FC9DC6C79954907400589AB5DD5D6D6FE7BFA86FEFDF2E5CBBF3C78F0E0F133BD2379DC1C307D8D9DB1B42AFDF81BC14F097EFA4FFF1167D7C78D1BF772BFC942A11E7FFCF1C29DE5630F489C79CF0E7EC5C78E8E8EC21E8E55AB562573E7CE3DE18EE4F98DE4F6740054A87470B826AD37D337F8C33367CEDCB278F1E22D9F7CF2C997FBF6ED3B929B6774C744A3BDBDBDB5B1B1B179EAD4A971B7DA03E964E3DD6ABC39A0E027F8E93FA5FF86AFEF52BBEDA79A809C456D72C95C802A11FB32FA0689B82C626C10FF3AADE3B937FDCEBE01A429EE563B16F671087E829FFE53FAEF9C1CE08A3B9C37F71B538654E964A325EE48EEE68000987828C14FFFE93F138FA11EE0BA249D84DC1507B0FA0E6475F69B68140E70C559F874B2313E9604FBAB0160E221F8097EFA4F99780000829FE0A7FF94FE0300043F25F8E93FFD070020F8097EFA4FE93F0040F053261EFEDFF51F0020F829C14FFFE93F0000C14FF0D37F4AFF0100829F12FCF49FFE030010FC043FFDA74C3C0000C14FF0D37F4AFF0100829F12FCF49FFE030010FC043FFDA7F41F0020F829130FFFEFFA0F0010FC94E0A7FFF41F0080E027F8E93FA5FF0000C14F097EFA4FFF0100087E829FFE53261E00C06858B3668DC0553E75340D7EC7F59FD27F0040D559B76E5D67575797D05506D5D1D1F16F69F0FB5CFF29FD0700549D8F3FFEF8D6D6D6D6EFF7EFDFFF37E1AB74479A23F4AD5EBDFA9BB4EED07F4AFF010055290D1BBF6F6969D914CB2C628DB71AF58ABFFBE76335F4E93FFD0700000000000000000000000000000000000000000000000000000050B6FE0F2138D39090590EF10000000049454E44AE426082, 1);
INSERT INTO `act_ge_bytearray` VALUES ('a2bc3c77-aa7a-11ec-94d9-120ba98bd27c', 1, 'Process_95.bpmn20.xml', 'a2bbee56-aa7a-11ec-94d9-120ba98bd27c', 0x3C3F786D6C2076657273696F6E3D22312E302220656E636F64696E673D225554462D38223F3E0A3C62706D6E323A646566696E6974696F6E7320786D6C6E733A7873693D22687474703A2F2F7777772E77332E6F72672F323030312F584D4C536368656D612D696E7374616E63652220786D6C6E733A62706D6E323D22687474703A2F2F7777772E6F6D672E6F72672F737065632F42504D4E2F32303130303532342F4D4F44454C2220786D6C6E733A62706D6E64693D22687474703A2F2F7777772E6F6D672E6F72672F737065632F42504D4E2F32303130303532342F44492220786D6C6E733A64633D22687474703A2F2F7777772E6F6D672E6F72672F737065632F44442F32303130303532342F44432220786D6C6E733A64693D22687474703A2F2F7777772E6F6D672E6F72672F737065632F44442F32303130303532342F44492220786D6C6E733A666C6F7761626C653D22687474703A2F2F666C6F7761626C652E6F72672F62706D6E222069643D226469616772616D5F50726F636573735F393522207461726765744E616D6573706163653D22687474703A2F2F666C6F7761626C652E6F72672F62706D6E223E3C62706D6E323A70726F636573732069643D2250726F636573735F393522206E616D653D22E8AFB7E581872220697345786563757461626C653D2274727565223E3C62706D6E323A73746172744576656E742069643D224576656E745F317678686D6279223E3C62706D6E323A6F7574676F696E673E466C6F775F307965357A31743C2F62706D6E323A6F7574676F696E673E3C2F62706D6E323A73746172744576656E743E3C62706D6E323A757365725461736B2069643D2241637469766974795F3175716468746F22206E616D653D22E7BB8FE79086E5AEA1E689B92220666C6F7761626C653A61737369676E65653D223731223E3C62706D6E323A696E636F6D696E673E466C6F775F307965357A31743C2F62706D6E323A696E636F6D696E673E3C62706D6E323A6F7574676F696E673E466C6F775F3161626D63677A3C2F62706D6E323A6F7574676F696E673E3C2F62706D6E323A757365725461736B3E3C62706D6E323A73657175656E6365466C6F772069643D22466C6F775F307965357A31742220736F757263655265663D224576656E745F317678686D627922207461726765745265663D2241637469766974795F3175716468746F22202F3E3C62706D6E323A757365725461736B2069643D2241637469766974795F3072623838783622206E616D653D22E680BBE7BB8FE79086E5AEA1E689B92220666C6F7761626C653A61737369676E65653D223732223E3C62706D6E323A696E636F6D696E673E466C6F775F3161626D63677A3C2F62706D6E323A696E636F6D696E673E3C62706D6E323A6F7574676F696E673E466C6F775F316D62726E6C6F3C2F62706D6E323A6F7574676F696E673E3C2F62706D6E323A757365725461736B3E3C62706D6E323A73657175656E6365466C6F772069643D22466C6F775F3161626D63677A2220736F757263655265663D2241637469766974795F3175716468746F22207461726765745265663D2241637469766974795F3072623838783622202F3E3C62706D6E323A656E644576656E742069643D224576656E745F30377972703272223E3C62706D6E323A696E636F6D696E673E466C6F775F316D62726E6C6F3C2F62706D6E323A696E636F6D696E673E3C2F62706D6E323A656E644576656E743E3C62706D6E323A73657175656E6365466C6F772069643D22466C6F775F316D62726E6C6F2220736F757263655265663D2241637469766974795F3072623838783622207461726765745265663D224576656E745F3037797270327222202F3E3C2F62706D6E323A70726F636573733E3C62706D6E64693A42504D4E4469616772616D2069643D2242504D4E4469616772616D5F31223E3C62706D6E64693A42504D4E506C616E652069643D2242504D4E506C616E655F31222062706D6E456C656D656E743D2250726F636573735F3935223E3C62706D6E64693A42504D4E456467652069643D22466C6F775F307965357A31745F6469222062706D6E456C656D656E743D22466C6F775F307965357A3174223E3C64693A776179706F696E7420783D223239382220793D2233383022202F3E3C64693A776179706F696E7420783D223335302220793D2233383022202F3E3C2F62706D6E64693A42504D4E456467653E3C62706D6E64693A42504D4E456467652069643D22466C6F775F3161626D63677A5F6469222062706D6E456C656D656E743D22466C6F775F3161626D63677A223E3C64693A776179706F696E7420783D223435302220793D2233383022202F3E3C64693A776179706F696E7420783D223531302220793D2233383022202F3E3C2F62706D6E64693A42504D4E456467653E3C62706D6E64693A42504D4E456467652069643D22466C6F775F316D62726E6C6F5F6469222062706D6E456C656D656E743D22466C6F775F316D62726E6C6F223E3C64693A776179706F696E7420783D223631302220793D2233383022202F3E3C64693A776179706F696E7420783D223637322220793D2233383022202F3E3C2F62706D6E64693A42504D4E456467653E3C62706D6E64693A42504D4E53686170652069643D224576656E745F317678686D62795F6469222062706D6E456C656D656E743D224576656E745F317678686D6279223E3C64633A426F756E647320783D223236322220793D22333632222077696474683D22333622206865696768743D22333622202F3E3C2F62706D6E64693A42504D4E53686170653E3C62706D6E64693A42504D4E53686170652069643D2241637469766974795F3175716468746F5F6469222062706D6E456C656D656E743D2241637469766974795F3175716468746F223E3C64633A426F756E647320783D223335302220793D22333430222077696474683D2231303022206865696768743D22383022202F3E3C62706D6E64693A42504D4E4C6162656C202F3E3C2F62706D6E64693A42504D4E53686170653E3C62706D6E64693A42504D4E53686170652069643D2241637469766974795F307262383878365F6469222062706D6E456C656D656E743D2241637469766974795F30726238387836223E3C64633A426F756E647320783D223531302220793D22333430222077696474683D2231303022206865696768743D22383022202F3E3C62706D6E64693A42504D4E4C6162656C202F3E3C2F62706D6E64693A42504D4E53686170653E3C62706D6E64693A42504D4E53686170652069643D224576656E745F303779727032725F6469222062706D6E456C656D656E743D224576656E745F30377972703272223E3C64633A426F756E647320783D223637322220793D22333632222077696474683D22333622206865696768743D22333622202F3E3C2F62706D6E64693A42504D4E53686170653E3C2F62706D6E64693A42504D4E506C616E653E3C2F62706D6E64693A42504D4E4469616772616D3E3C2F62706D6E323A646566696E6974696F6E733E, 0);
INSERT INTO `act_ge_bytearray` VALUES ('a4070bf8-aa7a-11ec-94d9-120ba98bd27c', 1, 'Process_95.Process_95.png', 'a2bbee56-aa7a-11ec-94d9-120ba98bd27c', 0x89504E470D0A1A0A0000000D49484452000002CE000001AE080600000080F080EB000013924944415478DAEDDD7D6C55659E0770FFD0382693A889C63519134D266662367162F68F35AEC6984D9C4413C768450A0816115F48C55782415D5034BA8823D5189508EB185DC20A388D715740DEC21483312C6F926555044AA5CAA2208394EAD9F33BE9694E5B6A5BFA72EF6D3F9FE497DEDE7B696BFBCB79BE3EE739CF39E5140000000000000000000000000000000000000000000000000000000000000000000000000000000000000000000000000000000000000000000000000000000000000000000000000000000000000000000000000000000000000000000000000000000000000000000000000000000000000000000000000000000000000000000000000000000000000000000000000000000000000000000000000000000000000000000000000000000000000000000000000000000000000000000000000000000000000000000000000000000000000000000000000000000000000000000000000000000000000000000000000000000000000000000000000000000000000000000000000000000000000000000000000000000000000000000000000000000000000000000000000000000000000000000000000000000000000000000000000000000000000000000000000000000000000000000000000000000000000000000000000000000000000000000000000000000000000000000000000000000000000000000000000000000000000000000000000000000000000000000000000000000000000000000000000000000000000000000000000000000000000000000000000000000000000000000000000000000000000000000000000000000000000000000000000000000000000000000000000000000000000000000000000000000000000000000000000000000000000000000000000000000000000000000000000000000000000000000000000000000000000000000000000000000000000000000000000000000000000000000000000000000000000000000000000000000000000000000000000000000000000000000000000000000000000000000000000000000000000000000000000000000000000000000000000000000000000000000000000000000000000000000000000000000000000000000000000000000000000000000000000000000000000000000000000000000000000000000000000000000000000000000000000000000000000000000000000000000000000000000000000000000000000000000000000000000000000000000000000000000000000000000000000000000000000000000000000000000000000000000000000000000000000000000000000000000000000000000000000000000000000000000000000000000000000000000000000000000000000000000000000000000000000000000000000000000000000000000000000000000000000000000000000000000000000000000000A0AC244972EA175F7CB178C3860D3FAD5CB93259BE7CB91AE25AB16245B276EDDA6FD31AABFFF483FE03803215A165DDBA754973737372ECD83155A2FAE69B6F92356BD67C9F86989BF59FD27F00508662A64F68299BF0726CF9F2E59FE93FA5FF00A00CC5E971A1A17C2A0D2EC7F59FD27F005086628DA3C05056C125D17F4AFF01400507971FBE6B4ABED8B820D9B6625656F1389E13360417FDA7FF00407069ABC3071B93ADFFF558F2DFEF3FDCA1E2B9784DE0105CF49FFE0300C125AD3DDBFED225B4E4B5775BBDC021B8E83FFD0700824BD467AB9EED36B8C46B0287E0A2FFF41F00082E696D5DFE2FDD0697784DE0105CF49FFE0300C14570115CF49FFE03007A175C621783EE824BBC2670082EFA4FFF0180E092D6CEF52F751B5CE235814370D17FFA0F000497B40E346E4EB67EF844D7D3E4E973F19AC021B8E83FFD0700824B5B7DF9C99B5D824B3C276C082EFA4FFF0180E092D78F3F263BFFFA4AD7D3E4E973F19AC021B8E83FFD0700233EB8C49DD9FE677D5DB76B4CE335776F135CF49FFE0380911B5C7EFC3169DAF951B2E53F1FED36B4E415EF89F79AFD135CF49FFE038011155C7A9AE533FB27B8E83FFD070082735ABD99E5FBA5D93F014470D17FFA0F0046447039D9D092970022B8E83FFD07002322B828C145FFE93FBA3761C284B36EBDF5D69BD3AA4BAB21ADA6B49242C5E70DA3468D7A7DF4E8D163D33AC76F0D284B7BF7EEBD74E9D2A57F7AF9E597B7CE9831E3F09429537E1A33664CFB016DD2A4492D0F3EF8E081993367AE9D3367CE5DE901F05782B3C020B8E83F2538F7240DC2D7A7E3487D1A845B3B05E51E2BFD37CBD3FAE3D5575F7DAADF24505249929CDAD0D0F0C8BC79F39AD2609C3CF3CC33C992254B924D9B36258D8D8D496B6B6B923B70E040B279F3E664D9B265C94B2FBD94A4C1B9F5E1871FFE6B4D4DCDA582B3125CF49FFEA3B334F8FE431A7A37F4352C77531BD3AFF507BF55A024D6AC5953F3C20B2F1CBEE79E7B92C58B17274D4D4D495F1C3C78301B2CEEBDF7DEE3B5B5B5EBD383DA85828B125CF49FFE236687D390FBCC896698A74D9B968D39EBD7AF4F76EFDE9D1C3D7A341B535A5A5AB2CF376CD8904DE03CF6D863DD05E8BA917EC61318E259E6458B166DA9A9A949DE79E79DF683D6C98A59E998851E376EDCF18913274E135C94E0A2FFF4DFC83566CC98DF749E654EC78764C182057D9EA0D9B56B57327FFEFC38C3D9393C6F89EFE3B70D0CAAF4A075615D5D5DF3D4A953B303D2408AAF77FFFDF71F9D3469D25B2361364070115CF49F129C3B4A03F3EFAAABABF715436E2C016C6E6EEED7F8124B0567CD9AD5393CEF1969673A81210ECDB134234E7FC5328BC110B3D7B367CF3E3271E2C40F86FB851C828BE0A2FF94E0DC71A6B9189A639679F5EAD51DAE95E9AF75EBD6655F57780606552CCF8899E608CDFD5D9AD19BA51B4F3DF5D4A1F4E0365F7051828BFED37FC35FDB9AE6F6E519B123D38E1D3B06658C8935D09D966E6CA9AAAAFAB5911E1830B1A63996671C3A7428190A11CE6B6B6B0FA507CF47041725B8E83FFD37BCC58580C599E6C10ACDC5F05CDC2E352E1834D2030362EDDAB593E242C0815ED3DC9B35CFE981ED685555D56F051725B8E83FFD373CB56D39D7BE7B462CCF180AB16CA3D37ECFB6AA03FA2796683CFFFCF33FC4EE19A5B064C992EFD2F0BC447051828BFED37FC376B67943F142C0815CD3DC934E170C6E749314A05FE2E626B14FF360AF6BFEA5F5CE353535FBABABAB7F2FB828C145FFE9BFE1A5ED8E80ED4B34FABB7BC6C9ECB6515CEF1C771834F203276DEEDCB94DB1D17C29D5D7D7C755CF7F165C94E0A2FFF4DFF012B7D1CE436BECD35C0A6FBDF55687DB731BF98193B277EFDE4BE336DA7DDD707EA0C5D677D5D5D5FF37DCF676165C0417FDA74672704E8FE96715D736976AAC8959EEE28582E9CF748E0400F4D9D2A54BFFF4DC73CF25E560FAF4E91BE3945E25FCDE62C622AD7F125C0417FDA7466A70EE4D1FA621F5E6E26DB44BA9787BEEF4E71E2B01007D366FDEBC6D4B962C298BE0BC70E1C22D95B25D50F1945F1AF6FF5170115CF49F1A69C1B9377D18C7F4FC7DA55E1218635DFEB3A43FEFEB1200D0673366CC38BC69D3A6B208CE9F7EFAE9CEF480D650490346A13E38D1CC8BE022B8E83F35DC83F32FF5611CD3F3D7D7AF5F5FD23126F6752EFCAC0D1200D06753A64CF9A9D4EB9B73DF7EFBED0FE9C1ACA942078CF69997E2C021B8082EFA4F8DA0E0DCA50FE3989E3FBF7BF7EE928E318D8D8DC59FB3490200FA2C2E9618CAFD347B1207B44A1E308A332F71EA5270115CF49F1A69C1B9D887C5CF5B5A5A4A3ABEC4F72FFE3C1200705207BE72D28B03714595E0525E35DCFA4BFFE9BF4AAA721B632400A0D2679C0F0F8319E76C6790FCCE54431D5C3EFCF0C3F8FD25478E1C49DE7FFFFDE4B6DB6E4BDE7BEFBDE4BAEBAECB6E003090DF2BBECF9C39737A7CCF430F3D943D5EB4685176939DFCF9D857D58C5F65F7DFE79F7FDE219CC7DF75F6ECD97AD38C737B1F169F2FD54DB6CC380303E6EEBBEF3E562E6B9CF7EFDFBFB582D73877082CB9A10ECE31E8CF9D3B370B277910C89F9F3E7D7AFBE75F7FFD7572CD35D764C12542C2E5975F9EFD77C4E779A079F3CD379333CE38A3FDDFAC59B3A6C3EBE79F7F7E72E59557668FA3DE7DF7DDE4A28B2EEAF2F3CC9F3FBFFD717CCDFC718415C1B9F2FB2FFE960D0D0DD95EECF1382E00D39B23363877E9C3E21AE75DBB7659E30C54B6471E79E4EB72D955231D7C5757E0AE1A0D71FBD6CE81A514C179E9D2A5EDB37F31F8C79EA9F9E31B6FBCB1CBFB23C0C46B31FB97BFEF8D37DEC83E460089D072C1051774081AC540119F3FF9E493ED9F9F76DA69ED01E8CB2FBFCC024BBCE7AAABAECA42493CDEB16347FBBFDDBC7973F6F1C5175F149C2BB0FFB66EDD9A05D273CF3D37FB5B9F7EFAE9D9E7975C72491690F5E6880ACEDDF6A15D35806165D6AC591F96CB3ECEE9605B5F41FB389F7086AF54C1391FE823B81467F0E2F1071F7C90858A78BC6AD5AA2EB36E1122F2C71186E2E3DB6FBF9DECDBB72F7BBC67CF9EECF5C3870F272B57AE6C9FC58BD76A6A6AB2C7117E22D09C6896B138AB77DE79E7B59FB28F19C0982934E35C99FD177D1581B4F3F3679E796672C30D37E8CD91119C7BECC3E23ECEF1B7B68F3350D19E7DF6D9DBE7CC99F3733904E7C99327D757CA9D037B6BA882739C268F8012A7CC2FBBECB22C64448089CFF3F77CF5D557592888D9BFEFBFFFBE3D604478A8ABABCB1EC70D0ABA9BD5CB0346BCA773B0890014DFEF44E12466F53EF9E493F653FAF9F3F13D2DD5A8DCFEEB6D70D69B23FB96DBEE1C080C2B13264CF8554D4D4DCB8103074ABD8773AC6FFE267E1EC1E5E44F9D475888E01161204E8BE63370F9A9F47C862D9FA58B9010B36C7960C867F262562F5EDFB9736797B071C515577499D58B35A59D6719E3C2AB78CF6BAFBD76C260638D73E507E7F83BDE75D75D5998CDD717C77353A74ED59BFA2F1F63CE4A8FEDC7F3C01A17949642737373525D5DFD7321389F2301002765DAB469ABEAEBEB4B1A9CEBEAEAFE2D3D98FD5970E9DF455A51EBD6ADCB2EBE8A75A23D0581E2CC5C84943C74C48CDEB5D75EDBE514776FC3495CE01503E4299D4EB717C3497E0A7FEFDEBD827305F6DFF6EDDBB3CAFF9E3367CECC1E47A0EDFC37D59B233738B7CD3AD7E781F5D5575F2DC918137D53BC418B911F3869E90073E99D77DED95AAAAD825A5B5BF7A407B2FFADAEAEFEBDE03230EB9D635782EE2E9C2AD6D9679F9D9D3E8FF59C311B98BF3F66F5BA9B653C51B0890BABF210F54BEB48E367CB4F8DC7455A11568A3B2C08CE95D17FB1B638C26CF44E6D6D6DD63B79D08C501A4B38EEB8E30EBD29386762095E1E5AC78D1B97CDFE0EA538A33A7EFCF8E26CF31F8DFC40BFDC77DF7D6B4A7591E0D34F3FBD303D982D165C4EBEF235A2B1A3410CFAC57D72E3F99B6EBAA9FD7104917CC6EDE28B2FCE4E814798C9B7003BA56D1D69FE382EEAEA6946B073C5A9F4FC74FBC2850B3BCC3A4618898F4F3CF14497ADC804E7F2EFBF0821A7B46D3B17E176ECD8B11D5E2F6EEBA63705E7C2AC73FBEE1AB366CD1AD2FB07C4F72B6E99D7D345B5003DAAAAAAFABBDB6FBFFDD850EFB3B97DFBF635E981EC70FAFD7F2BB80C5CF566A62CC2435FDEDF97701295EFA250BCE8AA7841985B1E577EFFC5C57C79E88CB5CE93274F6E9FBDD59BFAAFE8965B6EF9E7E29ECFAB57AF1E923126960715BFEFE8D1A3FF60C4070644757575EDD4A953FF36544B368E1C39B22DFD9EDBD283D943828B129CF59FFE1BF6B3CEFF9A07D8B86B6D84DAC1DEB779ECD8B13F1782739D911E185013274E7C73E6CC99831E9E5B5B5B77D5D4D47C941EC85E115C94E0A2FFF4DFF0D7760BEE8662781EAC9BA244681E3F7EFC4F85D0BCA5AAAAEAD7467960C00F6C69A07DEFF1C71F3F3458E139669AD380BE2AD6350FB7EDE70417C145FF29FDD7BD342CFF263DF6EF2C86E758B631906B9E6326BBD34CF39EB42E34C20383169EABABAB5FADADAD3D34D06B9E634D73DBF28C57867B68165C0417FDA704E7AE22C416C3737EC1607F77DB880B573B5D082834034367D4A85153C68C19F3C3A2458B0EB6B4B4F47BCBB9B6DD330E0FE735CD828BE0A2FF94FEEBF5CC734331E4C656750B162C489A9A9AFA7C7393D8A7B9B8E55CBE3C4368068654ECB6317AF4E8FF480F48DF2D5EBCF8F3F4FFE88FF7F58E80717393F46BEC88A519E9C7DF092E4A70D17FFA8F38BB396AD4A8173A85DDAC1E7DF4D16C8FEF58031D673EF3C99BF8D8D8D898AD615EB66C59761BEDE21D018B17025AD30C9472F6F9EFD37A3D3D401D7AE0810736CD9F3F7FD3C71F7FFCF9BE7DFB8E1472F2E108CA0D0D0DABE7CE9D5B3F79F2E4B85BD43769587E6738DEDC4470115CF49FD27FFDD7B6555DC38902F449D4465BCE016523D625B71DE4625BA1B8C0EFCBB48E170E5A4D6D07C0BAB85BD44858C72CB8082EFA4FE9BF0199A0B9BEEDF6DCC7FB1A98E336DA714740373701105C94E0A2FFF4DF489AA0392B0DD1B7C6044CDB444C53A7A09C4DD0C459D0342C8F8D25857E6B00828B125CF49FFE0300C145092EFA4FFF0100828BE0A2FF94E00C00828BE0A2FF94FE0300C14570D17F4AFF0180E022B8E83FA5FF00407051828BFED37F0020B828C145FFE93F00105C94E0A2FFF41F0008CE0283E0A2FF94E00C00828BE0A2FF94FE0300C14570D17F4AFF0180E022B8E83FA5FF00407051828BFED37F0020B828C145FFE93F00105C94E0A2FFF41F0008CE4A70D17FFA0F00E86CE5CA950243F9D4D134B81CD77F4AFF0140195ABB766D537373B3D05006D5D8D8F8EF6970F94CFF29FD070065E8A38F3EBA61F5EAD5DFEDDFBFFF6FC243E966FA22B4AC58B1E2ABB46ED67F4AFF0140994A07CBEB972F5FBE314ED3C61A4735E415BFF7CF466A68D17FFA0F0000000000000000000000000000000000000000000000008021F6FF69A4FC0BE65F7A1D0000000049454E44AE426082, 1);
INSERT INTO `act_ge_bytearray` VALUES ('a907de9d-aa7a-11ec-94d9-120ba98bd27c', 1, 'hist.var-gh81mehfdg78e', NULL, 0xACED00057372001E636F6D2E616C69626162612E666173746A736F6E2E4A534F4E417272617900000000000000010200014C00046C6973747400104C6A6176612F7574696C2F4C6973743B7870737200136A6176612E7574696C2E41727261794C6973747881D21D99C7619D03000149000473697A657870000000017704000000017400013178, NULL);
INSERT INTO `act_ge_bytearray` VALUES ('b274bab3-ab15-11ec-bbcf-120ba98bd27c', 1, 'hist.var-gh81mehfdg78e', NULL, 0xACED00057372001E636F6D2E616C69626162612E666173746A736F6E2E4A534F4E417272617900000000000000010200014C00046C6973747400104C6A6176612F7574696C2F4C6973743B7870737200136A6176612E7574696C2E41727261794C6973747881D21D99C7619D03000149000473697A657870000000017704000000017400013178, NULL);
INSERT INTO `act_ge_bytearray` VALUES ('bdc5abfd-ab59-11ec-bd70-120ba98bd27c', 1, 'hist.var-gh81mehfdg78e', NULL, 0xACED00057372001E636F6D2E616C69626162612E666173746A736F6E2E4A534F4E417272617900000000000000010200014C00046C6973747400104C6A6176612F7574696C2F4C6973743B7870737200136A6176612E7574696C2E41727261794C6973747881D21D99C7619D03000149000473697A657870000000017704000000017400013178, NULL);
INSERT INTO `act_ge_bytearray` VALUES ('d346efff-abe3-11ec-b0a4-120ba98bd27c', 1, 'Process_98.bpmn20.xml', 'd346a1de-abe3-11ec-b0a4-120ba98bd27c', 0x3C3F786D6C2076657273696F6E3D22312E302220656E636F64696E673D225554462D38223F3E0A3C62706D6E323A646566696E6974696F6E7320786D6C6E733A7873693D22687474703A2F2F7777772E77332E6F72672F323030312F584D4C536368656D612D696E7374616E63652220786D6C6E733A62706D6E323D22687474703A2F2F7777772E6F6D672E6F72672F737065632F42504D4E2F32303130303532342F4D4F44454C2220786D6C6E733A62706D6E64693D22687474703A2F2F7777772E6F6D672E6F72672F737065632F42504D4E2F32303130303532342F44492220786D6C6E733A64633D22687474703A2F2F7777772E6F6D672E6F72672F737065632F44442F32303130303532342F44432220786D6C6E733A64693D22687474703A2F2F7777772E6F6D672E6F72672F737065632F44442F32303130303532342F44492220786D6C6E733A666C6F7761626C653D22687474703A2F2F666C6F7761626C652E6F72672F62706D6E222069643D226469616772616D5F50726F636573735F393822207461726765744E616D6573706163653D22687474703A2F2F666C6F7761626C652E6F72672F62706D6E223E3C62706D6E323A70726F636573732069643D2250726F636573735F393822206E616D653D22E8AFB7E581872220697345786563757461626C653D2274727565223E3C62706D6E323A73746172744576656E742069643D224576656E745F316A78356A3773223E3C62706D6E323A6F7574676F696E673E466C6F775F3030776E7671373C2F62706D6E323A6F7574676F696E673E3C2F62706D6E323A73746172744576656E743E3C62706D6E323A757365725461736B2069643D2241637469766974795F316F786B7637382220666C6F7761626C653A61737369676E65653D2231333537303931333831342220666C6F7761626C653A61737369676E65654E616D653D223133353730393133383134223E3C62706D6E323A657874656E73696F6E456C656D656E74733E3C666C6F7761626C653A70726F706572746965733E3C666C6F7761626C653A70726F7065727479206E616D653D2261222076616C75653D226875616E67786A22202F3E3C2F666C6F7761626C653A70726F706572746965733E3C2F62706D6E323A657874656E73696F6E456C656D656E74733E3C62706D6E323A696E636F6D696E673E466C6F775F3030776E7671373C2F62706D6E323A696E636F6D696E673E3C62706D6E323A6F7574676F696E673E466C6F775F3134363577346B3C2F62706D6E323A6F7574676F696E673E3C2F62706D6E323A757365725461736B3E3C62706D6E323A73657175656E6365466C6F772069643D22466C6F775F3030776E7671372220736F757263655265663D224576656E745F316A78356A377322207461726765745265663D2241637469766974795F316F786B76373822202F3E3C62706D6E323A656E644576656E742069643D224576656E745F316D766F647669223E3C62706D6E323A696E636F6D696E673E466C6F775F3134363577346B3C2F62706D6E323A696E636F6D696E673E3C2F62706D6E323A656E644576656E743E3C62706D6E323A73657175656E6365466C6F772069643D22466C6F775F3134363577346B2220736F757263655265663D2241637469766974795F316F786B76373822207461726765745265663D224576656E745F316D766F64766922202F3E3C2F62706D6E323A70726F636573733E3C62706D6E64693A42504D4E4469616772616D2069643D2242504D4E4469616772616D5F31223E3C62706D6E64693A42504D4E506C616E652069643D2242504D4E506C616E655F31222062706D6E456C656D656E743D2250726F636573735F3938223E3C62706D6E64693A42504D4E456467652069643D22466C6F775F3134363577346B5F6469222062706D6E456C656D656E743D22466C6F775F3134363577346B223E3C64693A776179706F696E7420783D223532302220793D2233323022202F3E3C64693A776179706F696E7420783D223537322220793D2233323022202F3E3C2F62706D6E64693A42504D4E456467653E3C62706D6E64693A42504D4E456467652069643D22466C6F775F3030776E7671375F6469222062706D6E456C656D656E743D22466C6F775F3030776E767137223E3C64693A776179706F696E7420783D223336382220793D2233323022202F3E3C64693A776179706F696E7420783D223432302220793D2233323022202F3E3C2F62706D6E64693A42504D4E456467653E3C62706D6E64693A42504D4E53686170652069643D224576656E745F316A78356A37735F6469222062706D6E456C656D656E743D224576656E745F316A78356A3773223E3C64633A426F756E647320783D223333322220793D22333032222077696474683D22333622206865696768743D22333622202F3E3C2F62706D6E64693A42504D4E53686170653E3C62706D6E64693A42504D4E53686170652069643D2241637469766974795F316F786B7637385F6469222062706D6E456C656D656E743D2241637469766974795F316F786B763738223E3C64633A426F756E647320783D223432302220793D22323830222077696474683D2231303022206865696768743D22383022202F3E3C2F62706D6E64693A42504D4E53686170653E3C62706D6E64693A42504D4E53686170652069643D224576656E745F316D766F6476695F6469222062706D6E456C656D656E743D224576656E745F316D766F647669223E3C64633A426F756E647320783D223537322220793D22333032222077696474683D22333622206865696768743D22333622202F3E3C2F62706D6E64693A42504D4E53686170653E3C2F62706D6E64693A42504D4E506C616E653E3C2F62706D6E64693A42504D4E4469616772616D3E3C2F62706D6E323A646566696E6974696F6E733E, 0);
INSERT INTO `act_ge_bytearray` VALUES ('d3978100-abe3-11ec-b0a4-120ba98bd27c', 1, 'Process_98.Process_98.png', 'd346a1de-abe3-11ec-b0a4-120ba98bd27c', 0x89504E470D0A1A0A0000000D494844520000026A00000172080600000045BFF61400000DD94944415478DAEDDD4F6CD6F51D07700F1E76F0E061871D3C78F0E061891E76D861070F3B783099072AF000419E069D4A2AEA8048C08D4625388485620C9104A624AC6141B66671B380A50D3E1816D30908190319509E51E86014044AF1B7EFF7499FE647A1D2429FE7F7F4E1F54A3E419E07DBA6F9FDBECFFBF7FD7BDF7D00000000000000000000000000000000000000000000000000000000000000000000000000000000000000000000000000000000000000000000000000000000000000000000000000000000000000000000000000000000000000000000000000000000000000000000000000000000000000000000000000000000000000000000000000000000000000000000000000000000000000000000000000000000000000000000000000000000000000000000000000000000000000000000000000000000000000000000000000000000000000000000000000000000000000000000000000000000000000000000000000000000000000000000000000000000000000000000000000000000000000000000000000000000000000000000000000000000000000000000000000000000000000000000000000000000000000000000000000000000000000000000000000000000000000000000000000000000000000000000000000000000000000000000000000000000000000000000000000000000000000000000000000000000000000000000000000000000000000000000000000000000000000000000000000000000000000000000000000000000000000000000000000000000000000000000000000000000000000000000000000000000000000000000000000000000000000000000000000000000000000000000000000000000000000000000000000000000000000000000000000000000000000000000000000000000000000000000000000000000000000000000000000000000000000000000000000000000000000000000000000000000000000000000000000000000000000000000000000000000000000000000000000000000000000000000000000000000000000000000000000000000000000000000000050054992DC7FF4E8D12D7BF6ECB9BE63C78EA4BDBD5D55B9B66FDF9E7476769E0D35D31509000C8B21ADABAB2BE9EDED4DAE5EBDAA32AA3367CE24BB76EDFA5F086D535C95004049EC4913D26A26AC5D6D6F6F3FE8AA04004AE270A790543B1582DA355725005012E74809483515D41257250030AEA076F17C3139BA774372607B73A9E27FC7D7842B410D00C830A8F59FEB49F6FF6D69F28FBF2CB8A1E26BF13D014B500300320A6A270EFCF9A69056AE9307DA042C410D00C82AA81DFC6CC5A8412DBE2760096A004046416D7FFB6F460D6AF13D014B5003000435410D0010D4D21557798E16D4E27B0296A006006414D40EEF5E3B6A508BEF0958821A00905150EBEBF92AD9FFE9AF6F1EF60CAFC5F7042C410D00C828A8C5FAE6EF1FDE14D4E26BC295A006006419D4AE5C490E7FFEFECDC39EE1B5F89E8025A801001904B578F2C03F77B78C3A472DBEE77402410D00A86650BB7225291EDE99ECFBEBE251435AB9E2BF89FF56EF9AA006005438A8DDAE174DEF9AA006006414D4C6D28BF67DBD6B0297A006005428A8DD69482B97C025A80100150A6A4A50CBCAB3CF3EFBE0B469D3A6846A095508550C95A42AFEBD3075EAD40FA64F9F3E33D40FDDC50093C8C993271FFBF8E38F7FF7DE7BEFED5FB26449FFBC79F3AECF983163B8A19F3B77EEC06BAFBDD6B76CD9B2CE952B57FE327C30FC4050139004B56C85E0F554B83FDB42F01A1C11CC6E5BE1FF690FF5F4134F3C71BF1610A0062549727FA15058B866CD9A620862C9F2E5CB93AD5BB726DDDDDD494F4F4F3238389894F5F5F5255F7DF555B26DDBB664EDDAB549086A830B162CF83C9FCF3F26A82941ADBA42D0FA4908597BC61BCE46A9BDE16B3DA94504A821BB76EDCAAF5EBDBAFFC5175F4CB66CD992148BC5643CCE9D3B57FA707CE9A597AE353535ED0E8DFDC3829A12D42A2BF67E8550B5FC563D688B162D2ADDCBBB77EF4E8E1F3F9E5CBE7CB974AF0E0C0C94FEBE67CF9ED283D8D2A54B470B6C2DF77A4F39404DF4A2B5B6B6EECBE7F3C9E6CD9B871BF33B157BDD622FDBAC59B3AE3536362E12D494A056193366CC7868642F5AB8EF920D1B368CFB41EBD8B163C9FAF5EB63CFF8C8B0B62F7E1F2D2540064263FE704B4B4BEFFCF9F34B0DF5448A5FEF95575EB93C77EEDC4DF7C253B9A026A8555308688FE672B953E95015A72AF4F6F6DED57D1BA7343437378F0C6B27EEB51E72809A086971A8330E7BC461CB4A88BD736FBDF5D6A5C6C6C64FEA7D82B2A026A855B3272D1DD2622F5A4747C70D7348EF56575757E9EB0A6B001988C39DB1272D86B4BB1DEA1CCB50E89B6FBE792134FAEB053525A8DD9DA13969C3C39D7125F6A143872A72EFC6396C238642F73534343CA00505A8B038272D0E775EB87021A98618069B9A9A2E840F9585829A12D4EE5C5C3890EE49AB54484B87B5F4B63C7181811614A0823A3B3BE7C68503133D276D2C73D642837F393C913F22A829416DFC86B6E0185EDD19873BAB210E838ED86FCDD61D009510873CDF7DF7DD8B71756716B66EDD7A3E84B5AD829A12D4EEA8376D4F7AE1C044CE49BB9D110B0CF6DA1417A002E266B6719FB44ACF4BFBBEF96AF97CFE742E977B5C505382DAD80D9D38303CE479B7AB3BEF6435687ABE5A3CC1408B0A30C156AD5A558C1B6066A9ADAD2DAE1EFB48505382DAD8C563A1CA2129EE9396854D9B36DD70DC9416156002C5B33BE3B150E3DD0873A2C5AD4072B9DC7FEB6D6F35414D50AB9478C07A7A6E5A56F770ECC54B2F2C70903BC0048A07ACBFF3CE3B492D78FDF5D7F7C6A19CC9F07B1B3AA8FA67829AA096D5F51542D194F4B150594A1F37157EEE995A568009B266CD9A03F15CBF5AB071E3C67D9365997F7AA82784CB9F0A6A825AB5AFAF78AF94FF5DD65317621B52FE59C2CFFB81961560822C59B2A4BFBBBBBB2682DA975F7E793834F485C9F4419AAA4F6ED50322A8096A95BABEE2BD527E3F1EB09EA5B8AF5AEA672D68590126C8BC79F3AE673D3FADECECD9B31743235F9CA41FA4C33D20E90F54414D50ABD4F515EF95F2EBC78F1FCFF4DEEDE9E949FF9C452D2BC004899380ABB9EFD2EDC4867E327F90A67B40E29095A026A855EAFA4AFF7D606020D3FB367EFFF4CFA3650598C00F845A32860FA84955825A6D55BD5D5FE5AAB57B57CB0A509F3D6AFD75D0A3565AB95ADEA15D50D3A356A9EB2BFD7A569B55EB5103A8B0175E78E16AADCC513B7DFAF4FE493C47ED86805626A8096A95BABED273D4AA7D46AF396A0055B270E1C2FFD4CAAACF42A1D03109577D16E2B139A39D7128A8096A95BABEACFA04B8073437377F5A2BFBA8AD5AB5AA6D12EDA376CB1E34414D50ABD6F595DE47ADB5B5D53E6A00F568C58A157356AE5CF95D2D04B5E79F7FBE6DB29C4C3056829AA056C130E76402807A17CFD6CCE7F3037D7D7D59EFA116E7A79D71D6A712D4C67CEF3E18EE996BE58074E4C891CCCEFACCE572DF39EB13A042C2D3F8676D6D6D9906B5969696DF8746FEA37AFBDD0A6A825A857BD5DACA0169DDBA7599DCBB9B366DBA61435E2D2AC004CBE7F38F3DF7DC7383592DF11F1C1C3C111AF87F85A7F2C7053525A88D5D9C2A500E49B366CD2AF56E5553EC899F3D7B76BA37ED692D2A4005BCFCF2CBBBB25A54F0F6DB6F6F0C8DFC967AFCBD0A6A825A157AD586577F36373757755FC4F8FDD25B88DC6E710D0077A8A1A1E14773E6CCB95AEDFD98BEFEFAEB5DA181EF0FDFFF11414D096AE3F7CC33CFFC3CBDE75A47474755EEDDAEAEAE91E7903EA92505A8A05C2ED7347FFEFC6FAB35047AE9D2A503E17B1E088DFCAFEAF5772AA8096A55EA55FB6D3930C5D3466288AAF4BE693367CEFC2E15D45AB4A00055D0D8D8F8E1B265CB2A1ED60607078FE5F3F99DA1817FBF9E7F9F829AA0560D43474A15D261AD529BE0C690367BF6ECEBA990B6AFA1A1E101AD2740951AFC10A0FEF4C61B6F5CA854588B3D6921107E16E7A5D5DB761C829AA0969510CE1E0AF7D4E174588BC3A01339672DF6D48DE8493B11EA612D274095C35A2E975BD7D4D47461A2E7ACC5396943C39DEFD77B4813D404B56A8BA1291DD6CA0B0CEE7635685CDD3962E180900690B5A953A7CE0B4FE5175B5B5BCF0D0C0CDCF5161C43AB3BFBEB794E9AA026A8D548CF5A211DAAE2D61D1B366C488AC5E2B837B38DFBA4A5B7E0280F770A69003520AE069D3E7DFA1F43437D7ECB962D47C293F5B5F19E381037B30D5FE3501CEA0C7F3E7A2FFDFE0435412D0BB1573C3C68AD1E11AE4AB578F1E2D2D9A0710E5BEC312F3F84C53F7B7A7A4A73D0B66DDB563A162A7DE2407AE180396900B5D7BBF6E378D87268B82FBCFAEAABDDEBD7AFEFFEE28B2F8E9C3A75EA522A97F5C7605628143AE201EBF1ECCE782C5408679BEB71335B414D50AB75435B77146E15D8EEA0F6DA8203A0C6C57965438D7FDC0E202E08F8267DDE60A8E2D007434BDC35FD5E988726A8096A93E041EBA9A1E3A6AE8D37A0C563A1E2890336B305405053825A651FB41E0CA16D5A7C901A7AA02A8E0866A507ADD87B1EC2D9CC38F5C15D0C80A0A6043500405013D400000435410D0010D494A00600086A821A0020A829410D0010D4043500405053821A0020A829410D0010D4043500405053821A0020A8096A0080A0A6043500405053821A0020A8096A0080A0A6043500405013D400807AB263C70E01A976EA72086AD75C95004049676767B1B7B75748AA81EAE9E9F943086A075D950040C9CE9D3B7FD1D1D171FEF4E9D3DF0A4BD9F5A4C590B67DFBF67F879AE2AA0400868570F0547B7BFBDE38EC16E748A9AA57FCBD1F14D2000000000000000000000000000000000000000000A0CEFC1FCBB0856A464C4FB80000000049454E44AE426082, 1);
INSERT INTO `act_ge_bytearray` VALUES ('d901c3d5-abe3-11ec-b0a4-120ba98bd27c', 1, 'hist.var-gh81mehfdg78e', NULL, 0xACED00057372001E636F6D2E616C69626162612E666173746A736F6E2E4A534F4E417272617900000000000000010200014C00046C6973747400104C6A6176612F7574696C2F4C6973743B7870737200136A6176612E7574696C2E41727261794C6973747881D21D99C7619D03000149000473697A657870000000017704000000017400013278, NULL);
INSERT INTO `act_ge_bytearray` VALUES ('e1f360e8-aa72-11ec-9688-120ba98bd27c', 1, 'hist.var-gh81mehfdg78e', NULL, 0xACED00057372001E636F6D2E616C69626162612E666173746A736F6E2E4A534F4E417272617900000000000000010200014C00046C6973747400104C6A6176612F7574696C2F4C6973743B7870737200136A6176612E7574696C2E41727261794C6973747881D21D99C7619D03000149000473697A657870000000017704000000017400013178, NULL);
INSERT INTO `act_ge_bytearray` VALUES ('e612e93c-ac21-11ec-8da2-120ba98bd27c', 1, 'hist.var-gh81mehfdg78e', NULL, 0xACED00057372001E636F6D2E616C69626162612E666173746A736F6E2E4A534F4E417272617900000000000000010200014C00046C6973747400104C6A6176612F7574696C2F4C6973743B7870737200136A6176612E7574696C2E41727261794C6973747881D21D99C7619D03000149000473697A657870000000017704000000017400013178, NULL);
INSERT INTO `act_ge_bytearray` VALUES ('edc7aae3-aa6f-11ec-9b90-120ba98bd27c', 1, 'Process_95.bpmn20.xml', 'edc783d2-aa6f-11ec-9b90-120ba98bd27c', 0x3C3F786D6C2076657273696F6E3D22312E302220656E636F64696E673D225554462D38223F3E0A3C62706D6E323A646566696E6974696F6E7320786D6C6E733A7873693D22687474703A2F2F7777772E77332E6F72672F323030312F584D4C536368656D612D696E7374616E63652220786D6C6E733A62706D6E323D22687474703A2F2F7777772E6F6D672E6F72672F737065632F42504D4E2F32303130303532342F4D4F44454C2220786D6C6E733A62706D6E64693D22687474703A2F2F7777772E6F6D672E6F72672F737065632F42504D4E2F32303130303532342F44492220786D6C6E733A64633D22687474703A2F2F7777772E6F6D672E6F72672F737065632F44442F32303130303532342F44432220786D6C6E733A64693D22687474703A2F2F7777772E6F6D672E6F72672F737065632F44442F32303130303532342F44492220786D6C6E733A666C6F7761626C653D22687474703A2F2F666C6F7761626C652E6F72672F62706D6E222069643D226469616772616D5F50726F636573735F393522207461726765744E616D6573706163653D22687474703A2F2F666C6F7761626C652E6F72672F62706D6E223E3C62706D6E323A70726F636573732069643D2250726F636573735F393522206E616D653D22E8AFB7E581872220697345786563757461626C653D2274727565223E3C62706D6E323A73746172744576656E742069643D224576656E745F317678686D6279223E3C62706D6E323A6F7574676F696E673E466C6F775F307965357A31743C2F62706D6E323A6F7574676F696E673E3C2F62706D6E323A73746172744576656E743E3C62706D6E323A757365725461736B2069643D2241637469766974795F3175716468746F22206E616D653D22E7BB8FE79086E5AEA1E689B92220666C6F7761626C653A61737369676E65653D223731223E3C62706D6E323A696E636F6D696E673E466C6F775F307965357A31743C2F62706D6E323A696E636F6D696E673E3C62706D6E323A6F7574676F696E673E466C6F775F317177316763353C2F62706D6E323A6F7574676F696E673E3C2F62706D6E323A757365725461736B3E3C62706D6E323A73657175656E6365466C6F772069643D22466C6F775F307965357A31742220736F757263655265663D224576656E745F317678686D627922207461726765745265663D2241637469766974795F3175716468746F22202F3E3C62706D6E323A656E644576656E742069643D224576656E745F3132376C70386B223E3C62706D6E323A696E636F6D696E673E466C6F775F317177316763353C2F62706D6E323A696E636F6D696E673E3C2F62706D6E323A656E644576656E743E3C62706D6E323A73657175656E6365466C6F772069643D22466C6F775F317177316763352220736F757263655265663D2241637469766974795F3175716468746F22207461726765745265663D224576656E745F3132376C70386B22202F3E3C2F62706D6E323A70726F636573733E3C62706D6E64693A42504D4E4469616772616D2069643D2242504D4E4469616772616D5F31223E3C62706D6E64693A42504D4E506C616E652069643D2242504D4E506C616E655F31222062706D6E456C656D656E743D2250726F636573735F3935223E3C62706D6E64693A42504D4E456467652069643D22466C6F775F317177316763355F6469222062706D6E456C656D656E743D22466C6F775F31717731676335223E3C64693A776179706F696E7420783D223435302220793D2233383022202F3E3C64693A776179706F696E7420783D223530322220793D2233383022202F3E3C2F62706D6E64693A42504D4E456467653E3C62706D6E64693A42504D4E456467652069643D22466C6F775F307965357A31745F6469222062706D6E456C656D656E743D22466C6F775F307965357A3174223E3C64693A776179706F696E7420783D223239382220793D2233383022202F3E3C64693A776179706F696E7420783D223335302220793D2233383022202F3E3C2F62706D6E64693A42504D4E456467653E3C62706D6E64693A42504D4E53686170652069643D224576656E745F317678686D62795F6469222062706D6E456C656D656E743D224576656E745F317678686D6279223E3C64633A426F756E647320783D223236322220793D22333632222077696474683D22333622206865696768743D22333622202F3E3C2F62706D6E64693A42504D4E53686170653E3C62706D6E64693A42504D4E53686170652069643D2241637469766974795F3175716468746F5F6469222062706D6E456C656D656E743D2241637469766974795F3175716468746F223E3C64633A426F756E647320783D223335302220793D22333430222077696474683D2231303022206865696768743D22383022202F3E3C62706D6E64693A42504D4E4C6162656C202F3E3C2F62706D6E64693A42504D4E53686170653E3C62706D6E64693A42504D4E53686170652069643D224576656E745F3132376C70386B5F6469222062706D6E456C656D656E743D224576656E745F3132376C70386B223E3C64633A426F756E647320783D223530322220793D22333632222077696474683D22333622206865696768743D22333622202F3E3C2F62706D6E64693A42504D4E53686170653E3C2F62706D6E64693A42504D4E506C616E653E3C2F62706D6E64693A42504D4E4469616772616D3E3C2F62706D6E323A646566696E6974696F6E733E, 0);
INSERT INTO `act_ge_bytearray` VALUES ('eeda2c54-aa6f-11ec-9b90-120ba98bd27c', 1, 'Process_95.Process_95.png', 'edc783d2-aa6f-11ec-9b90-120ba98bd27c', 0x89504E470D0A1A0A0000000D4948445200000224000001AE0806000000A0301D53000010AF4944415478DAEDDD7D685D659E0770FF505C61408505571841619041161C64FF587115910507141CD15A9BB65653AAAB9658DF2A95AADBF8866EAD6BA3884EB0DDAEE896AE6DDD20DDED6B92D249A522DDBEA84CA7566DD3D868B7DAD8A96DA367CFEF927339CDCBE4F5DE9B97CF071E7272EF6D6E8CE73CF77B7ECF739E73C6190000000000000000000000000000000000000000000000000000000000000000000000000000000000000000000000000000000000000000000000000000000000000000000000000000000000000000000000000000000000000000000000000000000000000000000000000000000000000000000000000000000000000000000000000000000000000000000000000000000000000000000000000000000000000000000000000000000000000000000000000000000000000000000000000000000000000000000000000000000000000000000000000000000000000000000000000000000000000000000000000000000000000000000000000000000000000000000000000000000000000000000000000000000000000000000000000000000000000000000000000000000000000000000000000000000000000000000000000000000000000000000000000000000000000000000000000000000000000000000000000000000000000000000000000000000000000000000000000000000000000000000000000000000000000000000000000000000000000000000000000000000000000000000000000000000000000000000000000000000000000000000000000000000000000000000000000000000000000000000000000000000000000000000000000000000000000000000000000000000000000000000000000000000000000000000000000000000000000000000000000000000000000000000000000000000000000000000000000000000000000000000000000000000000000000000000000000000000000000000000000000000000000000000000000000000000000000000000000000000000000000000000000000000000000000000000000000000000000000000000000000000000000000000000000000000000000000000000000000000000000000000000000000000000000000000000000000000000000000000000000000004059254972E6E79F7FBE62EBD6AD3F6DD8B02159B76E9D56E6B67EFDFAA4B9B9F9DBB44DB3470230214518D9BC7973D2DEDE9E9C387142AB50FBE69B6F92A6A6A6EFD37072ABBD128009272A23C2C8A8092527D6AD5BF7A9BD1280092786698481D1D3D24072CA5E09C0841373180481511548127B250002491FED87EFDA92CFB72D4976AFAF2DB4D88EC78408810400CA12483A8EB426BBFEE789E47F3F78F4B4168FC5738284400200250F24FB77FF578F3092B503BB1B04098104004A1F483EDDF4429F81249E1324041200287920D9B5EE9FFB0C24F19C202190008040229000C0F80F2471554D5F81249E1324041200287920D9B3E5D53E03493C274808240050F24072B87547B26BED533D876BD2C7E239414220018092079268FB3E5AD62390C4634284400200E509243FFE98ECF9C3EB3D876BD2C7E23941422001809206925889F58F5BEAFA9C4312CF59AD55200180D204921F7F4CDAF66C4C76FEF7E37D8691ACC56BE2B5AA250209008C5820E9AF2AA25A22900040C903C940AA227FA95A225808240030EC4032D4309235C1422001806107124D20A9943BEFBCF3BCDB6FBFFDD6B4D5A5AD256D6D694B722DBE6F993C79F2EFA74C99322D6D7FED280646A503070E5CBE6AD5AA7F7DEDB5D776CD9F3FBF63F6ECD93F4D9D3AB5D8A1CD9A35EBE4C30F3F7C78C18205CD0B172EFCA7B403FC2B81441010482A2B0D1837A6C767431A303ABB05907E5BFA6FD6A5ED77D75E7BED997A40A0A2922439B3A5A565EEE2C58BDBD2C0913CFFFCF3C9CA952B93EDDBB727ADADAD4967676792397CF870B263C78E64F5EAD5C9ABAFBE9AA481A4F3D1471FFD437575F5E50289269094571A28FE2E0D135B071B42FA68DBD29FF55B3D2250114D4D4DD52FBFFC72C77DF7DD97AC58B122696B6B4B06E3C89123850F81FBEFBFFF544D4DCD96B453BB5820D10492D28A6A461A1E9EEFAD22F2D8638F158EE52D5BB6245F7DF55572FCF8F1C2B17AF2E4C9C2F75BB76E2D9C703CF1C4137D0593BA895EF904CA5C1559BE7CF9CEEAEAEAE4DD77DF2D765A43155594A89A4C9F3EFDD4CC99331F13483481A434A64E9DFACBEE5591F4B84B962C5932E8138A2FBEF822A9AFAF8F4A67F750B233DE474F099454DA695D5C5757D73E67CE9C42873492E2E73DF8E083C767CD9AF5F64438CB12480492724A83C8AFABAAAA0EE6C3430CB1B6B7B70FEBB88DA1D8DADADAEEA164FF44AB7802650E23314413E5DA186E2985A8B63CFBECB3C766CE9CB966BC4F9413480492725646F26124AA228D8D8DA7CDF11AAECD9B37177EAE500294540CD3446524C2C8708768063284F3CC33CF1C4D3BB77A8144134886A76BCE48719826AE7CFBECB3CF4A72ECC61C936E43383B274D9AF40B3D28306262CE480CD31C3D7A342987083D35353547D3CE73AE40A2092443171358F395915285917C28C95FEE1F135DF5A0C088686E6E9E151358477ACEC840E694A41DDBF1F40CEB57028926900C5ED7A5BDC5AB696298A61C62F8A6DB7A252E09068627866A5E7AE9A51FE26A9A4A58B972E57769285929906802C990AA235BF313584772CE487FBA4D74DD66F134605862D1B35867A4D4F346FED27C92EAEAEA43555555BF1148348164E0BA56602D0ED50CF76A9AA15C7D939F4F122BBAEA5181215BB468515B2C9454490D0D0D315BFFDF05124D2019B8580E3E0B03B1CE4825BCFDF6DBA72D33AF47058624EE4D13CBC10F76C1A491169718575555FDDF785B9B442011484A256E94979F3B52A96338AA32F909AE6EC8070C49DC28EFC5175F4C468379F3E66D8B12F458F8BB75DD70EC1F041281A452FB57D75D7B8BCBC157527E99F9B84BB09E1518B4C58B17EF8EFB568C064B972EDD39562E1FCC97A8D310F5F702894052EEFD2B8E95EC75951E728D3E24FB5DD2DFF7F77A5660D0E6CF9FDF1177ED1D0D3EFEF8E33D6987D632963E30726D4D6F67B402894052AAFD2B8E95ECF9B8515E25C5BA24B9DFB545CF0A0CDAECD9B37FAAF4FC91CCB7DF7EFB43DA99B58DD10F8CE2196DFE83432011484AB57FC5B1923D1E77E9ADA4D6D6D6FCEFD9A66705062D26A39573DD82FE448736963F30F267B4516A1748049252ED5FF9EF4F9E3C59D1E336DE3FFFFBE8598121757CA3C9003AE231D50492D1D5C6DBFE95B5D176ECEA5981B15E21E918071592C29542D98A95E50E246BD7AE8DBF5F72ECD8B1E4830F3E48EEB8E38EE4FDF7DF4F6EB8E186C2025623F95EF13E0B172EECF7358F3CF248617BF9F2E585C5F7B2C763FD0A1592A1EF5FF9C72BB5A8A10A093062EEBDF7DE13A3650EC9A14387768DE13924A705914CB903497CD02F5AB4A81048B20FFFECF179F3E615BFFFFAEBAF93EBAEBBAE105622185C79E59585FF8EF83E0B31CB962D4BCE39E79CE2BF696A6A3AEDF90B2FBC30B9FAEAAB0BDBD1DE7BEFBDE4924B2EE9F1FBD4D7D717B7E36766DB11500492A1EF5FF93924E5BE07953924C0889B3B77EED7A3E52A9B969696C63178954D4B2C97DDD73D3CCA194856AD5A551C228A0FFC589B22DBBEF9E69B7BBC3E424B3C179594EC756FBDF556E16B848E082A175D74D169E1221F22E2FBA79F7EBAF8FD59679D550C3DFBF6ED2B849478CD35D75C530822B11D77A1CDFEED8E1D3B0A5F5F79E515816408FB97AB6C8071A5B6B676ED685987243DB36F1843EB90F45A11A95420C93EDCA34A91AF86C4F69A356B0A4122B6376DDAD4A38211C121DBDEB56B57E1EB3BEFBC931C3C78B0B0BD7FFFFEC2F31D1D1DC9860D1B8A1591782EEE101DDB117822C4F456B1C957482EB8E082E2B0525453A2EAA24232B4FD2BBF0E49FCFFB50E0930A6BDF0C20B772D5CB8F0E7D11048EEB9E79E86B1B252EB40952B90C4D2FB114A5A5A5A922BAEB8A2102CCE3DF7DCC2F7D96BBEFCF2CB4210884ACAF7DF7F5F0C151118EAEAEA0ADBB1C0565F15922C54C46BBA8799083DF17EBD0592A8907CF4D14785EDECF789ED784F4336C30A2D566A05C68FB8774C7A967B32EEDA59E1354862FEC837EE6533F41621240242848D080051C6CFAA19D1CE3EFBEC62B522AB784430888A451612B2AA485448E2F93D7BF6F40818575D75558F0A49CC27B9E9A69B4EABD8C464D678CD9B6FBED96B98318764D8C7EE79E931732A0B027BF7EEADD8BD6CAAAAAA7E762F1B60D8D2B3AB4D0D0D0D150D24E9D9F2BFB9DBEFF027B446DBBC797361426BCC11E9EFC33F5FE5886092058DA88E5C7FFDF53D8661061A4862D26C7C409ED16D48281F48B261A603070E082443AF9214EFF6FBC61B6FB8DB2F30B6A51F2A97DF7DF7DD9D95BA74B0B3B3737FDA91FD293DCBFA8D403232F349E20A9ABE26A3E6DBF9E79F5F18E289B91C5159C95E1F1592DE5E1F4333BD859998ACFAC9279FF43B87247EB76CF82626BE4640C95F0D24900C4E0C71666160FAF4E9856A4539456575C68C19F9EAC8EFF4A8C0B03CF0C0034D959ADCFADC73CF2D4D3BB315E3F1EF5AAE4092CD0FB9ECB2CB0A1FF4F93548E2F15B6EB9A5B81DE123AB5E5C7AE9A585619A0830D965C06774CD21C9B663A26C7FD595EE2D867BB221A1A54B979E56C18900125F9F7AEAA91E97230B2443AA9214AFB6A9ADAD2DEBBA42F17EF94B93FB9BE40DD0AF499326FDCD5D77DD75A2DCEB19A467D54D6947D691BEFFAF0492916B03A93A446018CCEB071348A26557FCE427B2E627D95A3A7E64DC76DB6DFF985FB3A4B1B1B12CC76E0C0D76BBCFCE6FF5A4C088A8AAAAAA993367CE9FCB357473ECD8B1DDE97BEE4E3BB347C6EBDFD4D2F1EE6553A62AC9BF64C120565F8EB050EA7547A64D9BF6732E90D4E94181113573E6CC650B162C287928E9ECECFCA2BABA7A63DA91BD3E9EFF9E028940520E5D4BC9B7E44349A9164B8B303263C68C9F726164E7A449937EA1F70446BC634B83C2FB4F3EF9E4D1528592A88CA4C16753CC1B196F97F90A240249A5A421E497E931B5271F4A62F86624E79444E5A55B65647FDA2ED67302250B255555556FD4D4D41C1DE939253167A46B98E6F5F11E46041281A4DC221CE4434936D175B857DFC4D534DD26B00A2340F94C9E3C79767A96F5C3F2E5CB8FC4DD3C877B696FD7D5341DE379CE884022908C924A494B3E3CC425C14B962C49067B23CD0832B1CE48FED2DE6C98461801CA2AAEBE993265CA7FA61DD2772B56ACD89B9E299D1AEC0AACB1E859FA333E8B219AF4EBAF27D2DF4F2011482A55E54C4F285EEEE5AEC1C9E38F3F5E589726E6984405343BD988AF71D7DE9823B27AF5EAC272F0F91558F31358CD19012A592DF9DBB86956DA411D7DE8A187B6D7D7D76FFFF0C30FF71E3C78F0582E7F74440089BBF6C68DF2E2DE34B11C7C1A42DE1D8F8B9E092402C968D77549704B6FC164086D9B4B7B815123E67D7475727199614C4CDD97BF9F46DADABA3AC0BA58457222CC13114804923170427163D732F3A7061B446239F85881D5A26700028926908CD409C5796938B93D4E18BA4E1CDABA0590C209455443E3AEBD3164EB2806104834810400041281040004124D2001008144200100814413480040201148004020D10412001048041200104834810400041281040004124D2001008144200100814413480040201148004020D10412001048041200104834810400866FC3860D82C0E869C7D34072CA5E09C084D3DCDCDCD6DEDE2E0C8C82D6DADAFA1F6920F9D45E09C084B371E3C69B1A1B1BBF3B74E8D09F8582CA5546228CAC5FBFFECBB4DD6AAF0460424A3F046F4CCFCCB7C57041CC61D0CADEE2EFFEA9300200000000000000000000000000000000000040D1FF038E74BC2CBBE6F3320000000049454E44AE426082, 1);
INSERT INTO `act_ge_bytearray` VALUES ('f40c0778-ac21-11ec-8da2-120ba98bd27c', 1, 'hist.var-gh81mehfdg78e', NULL, 0xACED00057372001E636F6D2E616C69626162612E666173746A736F6E2E4A534F4E417272617900000000000000010200014C00046C6973747400104C6A6176612F7574696C2F4C6973743B7870737200136A6176612E7574696C2E41727261794C6973747881D21D99C7619D03000149000473697A657870000000017704000000017400013178, NULL);
INSERT INTO `act_ge_bytearray` VALUES ('fc829279-aa6f-11ec-9b90-120ba98bd27c', 1, 'hist.var-gh81mehfdg78e', NULL, 0xACED00057372001E636F6D2E616C69626162612E666173746A736F6E2E4A534F4E417272617900000000000000010200014C00046C6973747400104C6A6176612F7574696C2F4C6973743B7870737200136A6176612E7574696C2E41727261794C6973747881D21D99C7619D03000149000473697A657870000000017704000000017400013178, NULL);

-- ----------------------------
-- Table structure for act_ge_property
-- ----------------------------
DROP TABLE IF EXISTS `act_ge_property`;
CREATE TABLE `act_ge_property`  (
  `NAME_` varchar(64) CHARACTER SET utf8 COLLATE utf8_bin NOT NULL,
  `VALUE_` varchar(300) CHARACTER SET utf8 COLLATE utf8_bin DEFAULT NULL,
  `REV_` int(11) DEFAULT NULL,
  PRIMARY KEY (`NAME_`) USING BTREE
) ENGINE = InnoDB CHARACTER SET = utf8 COLLATE = utf8_bin ROW_FORMAT = Dynamic;

-- ----------------------------
-- Records of act_ge_property
-- ----------------------------
INSERT INTO `act_ge_property` VALUES ('batch.schema.version', '6.7.0.0', 1);
INSERT INTO `act_ge_property` VALUES ('cfg.execution-related-entities-count', 'true', 1);
INSERT INTO `act_ge_property` VALUES ('cfg.task-related-entities-count', 'true', 1);
INSERT INTO `act_ge_property` VALUES ('common.schema.version', '6.7.0.0', 1);
INSERT INTO `act_ge_property` VALUES ('entitylink.schema.version', '6.7.0.0', 1);
INSERT INTO `act_ge_property` VALUES ('eventsubscription.schema.version', '6.7.0.0', 1);
INSERT INTO `act_ge_property` VALUES ('identitylink.schema.version', '6.7.0.0', 1);
INSERT INTO `act_ge_property` VALUES ('job.schema.version', '6.7.0.0', 1);
INSERT INTO `act_ge_property` VALUES ('next.dbid', '1', 1);
INSERT INTO `act_ge_property` VALUES ('schema.history', 'create(6.7.0.0)', 1);
INSERT INTO `act_ge_property` VALUES ('schema.version', '6.7.0.0', 1);
INSERT INTO `act_ge_property` VALUES ('task.schema.version', '6.7.0.0', 1);
INSERT INTO `act_ge_property` VALUES ('variable.schema.version', '6.7.0.0', 1);

-- ----------------------------
-- Table structure for act_hi_actinst
-- ----------------------------
DROP TABLE IF EXISTS `act_hi_actinst`;
CREATE TABLE `act_hi_actinst`  (
  `ID_` varchar(64) CHARACTER SET utf8 COLLATE utf8_bin NOT NULL,
  `REV_` int(11) DEFAULT 1,
  `PROC_DEF_ID_` varchar(64) CHARACTER SET utf8 COLLATE utf8_bin NOT NULL,
  `PROC_INST_ID_` varchar(64) CHARACTER SET utf8 COLLATE utf8_bin NOT NULL,
  `EXECUTION_ID_` varchar(64) CHARACTER SET utf8 COLLATE utf8_bin NOT NULL,
  `ACT_ID_` varchar(255) CHARACTER SET utf8 COLLATE utf8_bin NOT NULL,
  `TASK_ID_` varchar(64) CHARACTER SET utf8 COLLATE utf8_bin DEFAULT NULL,
  `CALL_PROC_INST_ID_` varchar(64) CHARACTER SET utf8 COLLATE utf8_bin DEFAULT NULL,
  `ACT_NAME_` varchar(255) CHARACTER SET utf8 COLLATE utf8_bin DEFAULT NULL,
  `ACT_TYPE_` varchar(255) CHARACTER SET utf8 COLLATE utf8_bin NOT NULL,
  `ASSIGNEE_` varchar(255) CHARACTER SET utf8 COLLATE utf8_bin DEFAULT NULL,
  `START_TIME_` datetime(3) NOT NULL,
  `END_TIME_` datetime(3) DEFAULT NULL,
  `TRANSACTION_ORDER_` int(11) DEFAULT NULL,
  `DURATION_` bigint(20) DEFAULT NULL,
  `DELETE_REASON_` varchar(4000) CHARACTER SET utf8 COLLATE utf8_bin DEFAULT NULL,
  `TENANT_ID_` varchar(255) CHARACTER SET utf8 COLLATE utf8_bin DEFAULT '',
  PRIMARY KEY (`ID_`) USING BTREE,
  INDEX `ACT_IDX_HI_ACT_INST_START`(`START_TIME_`) USING BTREE,
  INDEX `ACT_IDX_HI_ACT_INST_END`(`END_TIME_`) USING BTREE,
  INDEX `ACT_IDX_HI_ACT_INST_PROCINST`(`PROC_INST_ID_`, `ACT_ID_`) USING BTREE,
  INDEX `ACT_IDX_HI_ACT_INST_EXEC`(`EXECUTION_ID_`, `ACT_ID_`) USING BTREE
) ENGINE = InnoDB CHARACTER SET = utf8 COLLATE = utf8_bin ROW_FORMAT = Dynamic;

-- ----------------------------
-- Records of act_hi_actinst
-- ----------------------------
INSERT INTO `act_hi_actinst` VALUES ('06051704-b648-11ec-bb8d-120ba98bd27c', 1, 'Process_98:6:62a0a86d-b644-11ec-bb8d-120ba98bd27c', '05fd9cee-b648-11ec-bb8d-120ba98bd27c', '0604eff3-b648-11ec-bb8d-120ba98bd27c', 'Event_1jx5j7s', NULL, NULL, NULL, 'startEvent', NULL, '2022-04-07 15:54:59.654', '2022-04-07 15:54:59.669', 1, 15, NULL, '');
INSERT INTO `act_hi_actinst` VALUES ('0607fd35-b648-11ec-bb8d-120ba98bd27c', 1, 'Process_98:6:62a0a86d-b644-11ec-bb8d-120ba98bd27c', '05fd9cee-b648-11ec-bb8d-120ba98bd27c', '0604eff3-b648-11ec-bb8d-120ba98bd27c', 'Flow_00wnvq7', NULL, NULL, NULL, 'sequenceFlow', NULL, '2022-04-07 15:54:59.673', '2022-04-07 15:54:59.673', 2, 0, NULL, '');
INSERT INTO `act_hi_actinst` VALUES ('06082446-b648-11ec-bb8d-120ba98bd27c', 1, 'Process_98:6:62a0a86d-b644-11ec-bb8d-120ba98bd27c', '05fd9cee-b648-11ec-bb8d-120ba98bd27c', '0604eff3-b648-11ec-bb8d-120ba98bd27c', 'Activity_1oxkv78', '061124f7-b648-11ec-bb8d-120ba98bd27c', NULL, '', 'userTask', 'admin', '2022-04-07 15:54:59.674', NULL, 3, NULL, NULL, '');
INSERT INTO `act_hi_actinst` VALUES ('064a8003-ac1c-11ec-aa4c-120ba98bd27c', 1, 'Process_98:5:641f717e-abe7-11ec-aff9-120ba98bd27c', '55cb293a-abe9-11ec-a020-120ba98bd27c', '55ce0f6f-abe9-11ec-a020-120ba98bd27c', 'Flow_1wmu0w1', NULL, NULL, NULL, 'sequenceFlow', NULL, '2022-03-25 17:14:50.625', '2022-03-25 17:14:50.625', 1, 0, NULL, '');
INSERT INTO `act_hi_actinst` VALUES ('064ace24-ac1c-11ec-aa4c-120ba98bd27c', 1, 'Process_98:5:641f717e-abe7-11ec-aff9-120ba98bd27c', '55cb293a-abe9-11ec-a020-120ba98bd27c', '55ce0f6f-abe9-11ec-a020-120ba98bd27c', 'Event_1hvknpa', NULL, NULL, NULL, 'endEvent', NULL, '2022-03-25 17:14:50.627', '2022-03-25 17:14:50.634', 2, 7, NULL, '');
INSERT INTO `act_hi_actinst` VALUES ('0f2249b0-ab19-11ec-8eaa-120ba98bd27c', 1, 'Process_95:2:a40907c9-aa7a-11ec-94d9-120ba98bd27c', '0f1fffba-ab19-11ec-8eaa-120ba98bd27c', '0f2249af-ab19-11ec-8eaa-120ba98bd27c', 'Event_1vxhmby', NULL, NULL, NULL, 'startEvent', NULL, '2022-03-24 10:21:05.808', '2022-03-24 10:21:05.817', 1, 9, NULL, '');
INSERT INTO `act_hi_actinst` VALUES ('0f246c91-ab19-11ec-8eaa-120ba98bd27c', 1, 'Process_95:2:a40907c9-aa7a-11ec-94d9-120ba98bd27c', '0f1fffba-ab19-11ec-8eaa-120ba98bd27c', '0f2249af-ab19-11ec-8eaa-120ba98bd27c', 'Flow_0ye5z1t', NULL, NULL, NULL, 'sequenceFlow', NULL, '2022-03-24 10:21:05.822', '2022-03-24 10:21:05.822', 2, 0, NULL, '');
INSERT INTO `act_hi_actinst` VALUES ('0f246c92-ab19-11ec-8eaa-120ba98bd27c', 2, 'Process_95:2:a40907c9-aa7a-11ec-94d9-120ba98bd27c', '0f1fffba-ab19-11ec-8eaa-120ba98bd27c', '0f2249af-ab19-11ec-8eaa-120ba98bd27c', 'Activity_1uqdhto', '0f2c82e3-ab19-11ec-8eaa-120ba98bd27c', NULL, '', 'userTask', '71', '2022-03-24 10:21:05.822', '2022-03-24 16:26:26.644', 3, 21920822, 'process instance deleted', '');
INSERT INTO `act_hi_actinst` VALUES ('0f4e8481-ab50-11ec-9ff3-120ba98bd27c', 1, 'Process_98:1:03a1c74a-ab50-11ec-9ff3-120ba98bd27c', '0f48df2b-ab50-11ec-9ff3-120ba98bd27c', '0f4e5d70-ab50-11ec-9ff3-120ba98bd27c', 'Event_00w4x0x', NULL, NULL, NULL, 'startEvent', NULL, '2022-03-24 16:54:48.418', '2022-03-24 16:54:48.436', 1, 18, NULL, '');
INSERT INTO `act_hi_actinst` VALUES ('0f52f152-ab50-11ec-9ff3-120ba98bd27c', 1, 'Process_98:1:03a1c74a-ab50-11ec-9ff3-120ba98bd27c', '0f48df2b-ab50-11ec-9ff3-120ba98bd27c', '0f4e5d70-ab50-11ec-9ff3-120ba98bd27c', 'Flow_17c5i1c', NULL, NULL, NULL, 'sequenceFlow', NULL, '2022-03-24 16:54:48.447', '2022-03-24 16:54:48.447', 2, 0, NULL, '');
INSERT INTO `act_hi_actinst` VALUES ('0f52f153-ab50-11ec-9ff3-120ba98bd27c', 2, 'Process_98:1:03a1c74a-ab50-11ec-9ff3-120ba98bd27c', '0f48df2b-ab50-11ec-9ff3-120ba98bd27c', '0f4e5d70-ab50-11ec-9ff3-120ba98bd27c', 'Activity_1csu1cz', '0f645674-ab50-11ec-9ff3-120ba98bd27c', NULL, '', 'userTask', 'admin', '2022-03-24 16:54:48.447', '2022-03-25 11:11:14.706', 3, 65786259, 'process instance deleted', '');
INSERT INTO `act_hi_actinst` VALUES ('0faa9ae0-aa74-11ec-94d9-120ba98bd27c', 1, 'Process_95:1:eedb3dc5-aa6f-11ec-9b90-120ba98bd27c', '0fa877fa-aa74-11ec-94d9-120ba98bd27c', '0faa9adf-aa74-11ec-94d9-120ba98bd27c', 'Event_1vxhmby', NULL, NULL, NULL, 'startEvent', NULL, '2022-03-23 14:39:59.741', '2022-03-23 14:39:59.750', 1, 9, NULL, '');
INSERT INTO `act_hi_actinst` VALUES ('0facbdc1-aa74-11ec-94d9-120ba98bd27c', 1, 'Process_95:1:eedb3dc5-aa6f-11ec-9b90-120ba98bd27c', '0fa877fa-aa74-11ec-94d9-120ba98bd27c', '0faa9adf-aa74-11ec-94d9-120ba98bd27c', 'Flow_0ye5z1t', NULL, NULL, NULL, 'sequenceFlow', NULL, '2022-03-23 14:39:59.756', '2022-03-23 14:39:59.756', 2, 0, NULL, '');
INSERT INTO `act_hi_actinst` VALUES ('0face4d2-aa74-11ec-94d9-120ba98bd27c', 2, 'Process_95:1:eedb3dc5-aa6f-11ec-9b90-120ba98bd27c', '0fa877fa-aa74-11ec-94d9-120ba98bd27c', '0faa9adf-aa74-11ec-94d9-120ba98bd27c', 'Activity_1uqdhto', '0fb410c3-aa74-11ec-94d9-120ba98bd27c', NULL, '', 'userTask', '71', '2022-03-23 14:39:59.756', '2022-03-24 10:21:22.914', 3, 70883158, 'process instance deleted', '');
INSERT INTO `act_hi_actinst` VALUES ('1a2c316b-ac1f-11ec-aa4c-120ba98bd27c', 1, 'Process_98:5:641f717e-abe7-11ec-aff9-120ba98bd27c', '1a241b15-ac1f-11ec-aa4c-120ba98bd27c', '1a2c0a5a-ac1f-11ec-aa4c-120ba98bd27c', 'Event_1jx5j7s', NULL, NULL, NULL, 'startEvent', NULL, '2022-03-25 17:36:52.471', '2022-03-25 17:36:52.472', 1, 1, NULL, '');
INSERT INTO `act_hi_actinst` VALUES ('1a2c7f8c-ac1f-11ec-aa4c-120ba98bd27c', 1, 'Process_98:5:641f717e-abe7-11ec-aff9-120ba98bd27c', '1a241b15-ac1f-11ec-aa4c-120ba98bd27c', '1a2c0a5a-ac1f-11ec-aa4c-120ba98bd27c', 'Flow_00wnvq7', NULL, NULL, NULL, 'sequenceFlow', NULL, '2022-03-25 17:36:52.473', '2022-03-25 17:36:52.473', 2, 0, NULL, '');
INSERT INTO `act_hi_actinst` VALUES ('1a2c7f8d-ac1f-11ec-aa4c-120ba98bd27c', 2, 'Process_98:5:641f717e-abe7-11ec-aff9-120ba98bd27c', '1a241b15-ac1f-11ec-aa4c-120ba98bd27c', '1a2c0a5a-ac1f-11ec-aa4c-120ba98bd27c', 'Activity_1oxkv78', '1a41671e-ac1f-11ec-aa4c-120ba98bd27c', NULL, '', 'userTask', 'admin', '2022-03-25 17:36:52.473', '2022-03-25 17:42:09.103', 3, 316630, '', '');
INSERT INTO `act_hi_actinst` VALUES ('20f77de2-ac0f-11ec-8fcd-120ba98bd27c', 1, 'Process_98:5:641f717e-abe7-11ec-aff9-120ba98bd27c', '55cb293a-abe9-11ec-a020-120ba98bd27c', '55ce0f6f-abe9-11ec-a020-120ba98bd27c', 'Flow_1yjl460', NULL, NULL, NULL, 'sequenceFlow', NULL, '2022-03-25 15:42:31.922', '2022-03-25 15:42:31.922', 1, 0, NULL, '');
INSERT INTO `act_hi_actinst` VALUES ('20f7cc03-ac0f-11ec-8fcd-120ba98bd27c', 2, 'Process_98:5:641f717e-abe7-11ec-aff9-120ba98bd27c', '55cb293a-abe9-11ec-a020-120ba98bd27c', '55ce0f6f-abe9-11ec-a020-120ba98bd27c', 'Activity_1o6p2j9', '21007e94-ac0f-11ec-8fcd-120ba98bd27c', NULL, '', 'userTask', '13570913814', '2022-03-25 15:42:31.924', '2022-03-25 17:14:50.609', 2, 5538685, NULL, '');
INSERT INTO `act_hi_actinst` VALUES ('3e3003c3-abe4-11ec-8fbe-120ba98bd27c', 1, 'Process_98:4:d397f631-abe3-11ec-b0a4-120ba98bd27c', '3e2e2efd-abe4-11ec-8fbe-120ba98bd27c', '3e3003c2-abe4-11ec-8fbe-120ba98bd27c', 'Event_1jx5j7s', NULL, NULL, NULL, 'startEvent', NULL, '2022-03-25 10:35:32.587', '2022-03-25 10:35:32.594', 1, 7, NULL, '');
INSERT INTO `act_hi_actinst` VALUES ('3e316354-abe4-11ec-8fbe-120ba98bd27c', 1, 'Process_98:4:d397f631-abe3-11ec-b0a4-120ba98bd27c', '3e2e2efd-abe4-11ec-8fbe-120ba98bd27c', '3e3003c2-abe4-11ec-8fbe-120ba98bd27c', 'Flow_00wnvq7', NULL, NULL, NULL, 'sequenceFlow', NULL, '2022-03-25 10:35:32.596', '2022-03-25 10:35:32.596', 2, 0, NULL, '');
INSERT INTO `act_hi_actinst` VALUES ('3e316355-abe4-11ec-8fbe-120ba98bd27c', 2, 'Process_98:4:d397f631-abe3-11ec-b0a4-120ba98bd27c', '3e2e2efd-abe4-11ec-8fbe-120ba98bd27c', '3e3003c2-abe4-11ec-8fbe-120ba98bd27c', 'Activity_1oxkv78', '3e31ff96-abe4-11ec-8fbe-120ba98bd27c', NULL, NULL, 'userTask', '13570913814', '2022-03-25 10:35:32.596', '2022-03-25 11:11:26.042', 3, 2153446, 'process instance deleted', '');
INSERT INTO `act_hi_actinst` VALUES ('430833f6-ab5a-11ec-b0a4-120ba98bd27c', 1, 'Process_98:1:03a1c74a-ab50-11ec-9ff3-120ba98bd27c', '43080ce0-ab5a-11ec-b0a4-120ba98bd27c', '43080ce5-ab5a-11ec-b0a4-120ba98bd27c', 'Event_00w4x0x', NULL, NULL, NULL, 'startEvent', NULL, '2022-03-24 18:07:50.166', '2022-03-24 18:07:50.166', 1, 0, NULL, '');
INSERT INTO `act_hi_actinst` VALUES ('430833f7-ab5a-11ec-b0a4-120ba98bd27c', 1, 'Process_98:1:03a1c74a-ab50-11ec-9ff3-120ba98bd27c', '43080ce0-ab5a-11ec-b0a4-120ba98bd27c', '43080ce5-ab5a-11ec-b0a4-120ba98bd27c', 'Flow_17c5i1c', NULL, NULL, NULL, 'sequenceFlow', NULL, '2022-03-24 18:07:50.166', '2022-03-24 18:07:50.166', 2, 0, NULL, '');
INSERT INTO `act_hi_actinst` VALUES ('430833f8-ab5a-11ec-b0a4-120ba98bd27c', 2, 'Process_98:1:03a1c74a-ab50-11ec-9ff3-120ba98bd27c', '43080ce0-ab5a-11ec-b0a4-120ba98bd27c', '43080ce5-ab5a-11ec-b0a4-120ba98bd27c', 'Activity_1csu1cz', '430833f9-ab5a-11ec-b0a4-120ba98bd27c', NULL, '', 'userTask', 'admin', '2022-03-24 18:07:50.166', '2022-03-25 11:11:20.275', 3, 61410109, 'process instance deleted', '');
INSERT INTO `act_hi_actinst` VALUES ('43d9c09f-abe4-11ec-8fbe-120ba98bd27c', 1, 'Process_98:4:d397f631-abe3-11ec-b0a4-120ba98bd27c', '43d99989-abe4-11ec-8fbe-120ba98bd27c', '43d9c09e-abe4-11ec-8fbe-120ba98bd27c', 'Event_1jx5j7s', NULL, NULL, NULL, 'startEvent', NULL, '2022-03-25 10:35:42.088', '2022-03-25 10:35:42.088', 1, 0, NULL, '');
INSERT INTO `act_hi_actinst` VALUES ('43d9c0a0-abe4-11ec-8fbe-120ba98bd27c', 1, 'Process_98:4:d397f631-abe3-11ec-b0a4-120ba98bd27c', '43d99989-abe4-11ec-8fbe-120ba98bd27c', '43d9c09e-abe4-11ec-8fbe-120ba98bd27c', 'Flow_00wnvq7', NULL, NULL, NULL, 'sequenceFlow', NULL, '2022-03-25 10:35:42.088', '2022-03-25 10:35:42.088', 2, 0, NULL, '');
INSERT INTO `act_hi_actinst` VALUES ('43d9e7b1-abe4-11ec-8fbe-120ba98bd27c', 2, 'Process_98:4:d397f631-abe3-11ec-b0a4-120ba98bd27c', '43d99989-abe4-11ec-8fbe-120ba98bd27c', '43d9c09e-abe4-11ec-8fbe-120ba98bd27c', 'Activity_1oxkv78', '43d9e7b2-abe4-11ec-8fbe-120ba98bd27c', NULL, NULL, 'userTask', '13570913814', '2022-03-25 10:35:42.089', '2022-03-25 11:11:27.902', 3, 2145813, 'process instance deleted', '');
INSERT INTO `act_hi_actinst` VALUES ('55ce0f70-abe9-11ec-a020-120ba98bd27c', 1, 'Process_98:5:641f717e-abe7-11ec-aff9-120ba98bd27c', '55cb293a-abe9-11ec-a020-120ba98bd27c', '55ce0f6f-abe9-11ec-a020-120ba98bd27c', 'Event_1jx5j7s', NULL, NULL, NULL, 'startEvent', NULL, '2022-03-25 11:11:59.694', '2022-03-25 11:11:59.701', 1, 7, NULL, '');
INSERT INTO `act_hi_actinst` VALUES ('55d00b41-abe9-11ec-a020-120ba98bd27c', 1, 'Process_98:5:641f717e-abe7-11ec-aff9-120ba98bd27c', '55cb293a-abe9-11ec-a020-120ba98bd27c', '55ce0f6f-abe9-11ec-a020-120ba98bd27c', 'Flow_00wnvq7', NULL, NULL, NULL, 'sequenceFlow', NULL, '2022-03-25 11:11:59.707', '2022-03-25 11:11:59.707', 2, 0, NULL, '');
INSERT INTO `act_hi_actinst` VALUES ('55d00b42-abe9-11ec-a020-120ba98bd27c', 2, 'Process_98:5:641f717e-abe7-11ec-aff9-120ba98bd27c', '55cb293a-abe9-11ec-a020-120ba98bd27c', '55ce0f6f-abe9-11ec-a020-120ba98bd27c', 'Activity_1oxkv78', '55d5feb3-abe9-11ec-a020-120ba98bd27c', NULL, '', 'userTask', 'admin', '2022-03-25 11:11:59.708', '2022-03-25 15:42:31.909', 3, 16232201, NULL, '');
INSERT INTO `act_hi_actinst` VALUES ('6c8abf55-abe7-11ec-aff9-120ba98bd27c', 1, 'Process_98:5:641f717e-abe7-11ec-aff9-120ba98bd27c', '6c85b63f-abe7-11ec-aff9-120ba98bd27c', '6c8abf54-abe7-11ec-aff9-120ba98bd27c', 'Event_1jx5j7s', NULL, NULL, NULL, 'startEvent', NULL, '2022-03-25 10:58:18.847', '2022-03-25 10:58:18.864', 1, 17, NULL, '');
INSERT INTO `act_hi_actinst` VALUES ('6c8fc866-abe7-11ec-aff9-120ba98bd27c', 1, 'Process_98:5:641f717e-abe7-11ec-aff9-120ba98bd27c', '6c85b63f-abe7-11ec-aff9-120ba98bd27c', '6c8abf54-abe7-11ec-aff9-120ba98bd27c', 'Flow_00wnvq7', NULL, NULL, NULL, 'sequenceFlow', NULL, '2022-03-25 10:58:18.880', '2022-03-25 10:58:18.880', 2, 0, NULL, '');
INSERT INTO `act_hi_actinst` VALUES ('6c8fc867-abe7-11ec-aff9-120ba98bd27c', 2, 'Process_98:5:641f717e-abe7-11ec-aff9-120ba98bd27c', '6c85b63f-abe7-11ec-aff9-120ba98bd27c', '6c8abf54-abe7-11ec-aff9-120ba98bd27c', 'Activity_1oxkv78', '6c9c99a8-abe7-11ec-aff9-120ba98bd27c', NULL, '', 'userTask', 'admin', '2022-03-25 10:58:18.880', '2022-03-25 11:11:30.838', 3, 791958, 'process instance deleted', '');
INSERT INTO `act_hi_actinst` VALUES ('875d09d8-abe3-11ec-b0a4-120ba98bd27c', 1, 'Process_98:3:81ff7135-abe3-11ec-b0a4-120ba98bd27c', '875c1f76-abe3-11ec-b0a4-120ba98bd27c', '875d09d7-abe3-11ec-b0a4-120ba98bd27c', 'Event_1jx5j7s', NULL, NULL, NULL, 'startEvent', NULL, '2022-03-25 10:30:25.860', '2022-03-25 10:30:25.860', 1, 0, NULL, '');
INSERT INTO `act_hi_actinst` VALUES ('875d30e9-abe3-11ec-b0a4-120ba98bd27c', 1, 'Process_98:3:81ff7135-abe3-11ec-b0a4-120ba98bd27c', '875c1f76-abe3-11ec-b0a4-120ba98bd27c', '875d09d7-abe3-11ec-b0a4-120ba98bd27c', 'Flow_00wnvq7', NULL, NULL, NULL, 'sequenceFlow', NULL, '2022-03-25 10:30:25.860', '2022-03-25 10:30:25.860', 2, 0, NULL, '');
INSERT INTO `act_hi_actinst` VALUES ('875d30ea-abe3-11ec-b0a4-120ba98bd27c', 2, 'Process_98:3:81ff7135-abe3-11ec-b0a4-120ba98bd27c', '875c1f76-abe3-11ec-b0a4-120ba98bd27c', '875d09d7-abe3-11ec-b0a4-120ba98bd27c', 'Activity_1oxkv78', '875da61b-abe3-11ec-b0a4-120ba98bd27c', NULL, NULL, 'userTask', '13570913814', '2022-03-25 10:30:25.860', '2022-03-25 11:11:22.026', 3, 2456166, 'process instance deleted', '');
INSERT INTO `act_hi_actinst` VALUES ('a90805b0-aa7a-11ec-94d9-120ba98bd27c', 1, 'Process_95:2:a40907c9-aa7a-11ec-94d9-120ba98bd27c', 'a9067f0a-aa7a-11ec-94d9-120ba98bd27c', 'a907de9f-aa7a-11ec-94d9-120ba98bd27c', 'Event_1vxhmby', NULL, NULL, NULL, 'startEvent', NULL, '2022-03-23 15:27:14.026', '2022-03-23 15:27:14.028', 1, 2, NULL, '');
INSERT INTO `act_hi_actinst` VALUES ('a908f011-aa7a-11ec-94d9-120ba98bd27c', 1, 'Process_95:2:a40907c9-aa7a-11ec-94d9-120ba98bd27c', 'a9067f0a-aa7a-11ec-94d9-120ba98bd27c', 'a907de9f-aa7a-11ec-94d9-120ba98bd27c', 'Flow_0ye5z1t', NULL, NULL, NULL, 'sequenceFlow', NULL, '2022-03-23 15:27:14.032', '2022-03-23 15:27:14.032', 2, 0, NULL, '');
INSERT INTO `act_hi_actinst` VALUES ('a9093e32-aa7a-11ec-94d9-120ba98bd27c', 2, 'Process_95:2:a40907c9-aa7a-11ec-94d9-120ba98bd27c', 'a9067f0a-aa7a-11ec-94d9-120ba98bd27c', 'a907de9f-aa7a-11ec-94d9-120ba98bd27c', 'Activity_1uqdhto', 'a90aebe3-aa7a-11ec-94d9-120ba98bd27c', NULL, '', 'userTask', '71', '2022-03-23 15:27:14.034', '2022-03-24 10:21:24.872', 3, 68050838, 'process instance deleted', '');
INSERT INTO `act_hi_actinst` VALUES ('b27556f6-ab15-11ec-bbcf-120ba98bd27c', 1, 'Process_95:2:a40907c9-aa7a-11ec-94d9-120ba98bd27c', 'b26b1dc0-ab15-11ec-bbcf-120ba98bd27c', 'b274e1c5-ab15-11ec-bbcf-120ba98bd27c', 'Event_1vxhmby', NULL, NULL, NULL, 'startEvent', NULL, '2022-03-24 09:57:01.834', '2022-03-24 09:57:01.869', 1, 35, NULL, '');
INSERT INTO `act_hi_actinst` VALUES ('b27c0db7-ab15-11ec-bbcf-120ba98bd27c', 1, 'Process_95:2:a40907c9-aa7a-11ec-94d9-120ba98bd27c', 'b26b1dc0-ab15-11ec-bbcf-120ba98bd27c', 'b274e1c5-ab15-11ec-bbcf-120ba98bd27c', 'Flow_0ye5z1t', NULL, NULL, NULL, 'sequenceFlow', NULL, '2022-03-24 09:57:01.878', '2022-03-24 09:57:01.878', 2, 0, NULL, '');
INSERT INTO `act_hi_actinst` VALUES ('b27c0db8-ab15-11ec-bbcf-120ba98bd27c', 2, 'Process_95:2:a40907c9-aa7a-11ec-94d9-120ba98bd27c', 'b26b1dc0-ab15-11ec-bbcf-120ba98bd27c', 'b274e1c5-ab15-11ec-bbcf-120ba98bd27c', 'Activity_1uqdhto', 'b28c1349-ab15-11ec-bbcf-120ba98bd27c', NULL, '', 'userTask', '71', '2022-03-24 09:57:01.878', '2022-03-24 10:21:26.966', 3, 1465088, 'process instance deleted', '');
INSERT INTO `act_hi_actinst` VALUES ('bdc5d310-ab59-11ec-bd70-120ba98bd27c', 1, 'Process_98:1:03a1c74a-ab50-11ec-9ff3-120ba98bd27c', 'bdc3b02a-ab59-11ec-bd70-120ba98bd27c', 'bdc5d30f-ab59-11ec-bd70-120ba98bd27c', 'Event_00w4x0x', NULL, NULL, NULL, 'startEvent', NULL, '2022-03-24 18:04:06.594', '2022-03-24 18:04:06.603', 1, 9, NULL, '');
INSERT INTO `act_hi_actinst` VALUES ('bdc7a7d1-ab59-11ec-bd70-120ba98bd27c', 1, 'Process_98:1:03a1c74a-ab50-11ec-9ff3-120ba98bd27c', 'bdc3b02a-ab59-11ec-bd70-120ba98bd27c', 'bdc5d30f-ab59-11ec-bd70-120ba98bd27c', 'Flow_17c5i1c', NULL, NULL, NULL, 'sequenceFlow', NULL, '2022-03-24 18:04:06.606', '2022-03-24 18:04:06.606', 2, 0, NULL, '');
INSERT INTO `act_hi_actinst` VALUES ('bdc7a7d2-ab59-11ec-bd70-120ba98bd27c', 2, 'Process_98:1:03a1c74a-ab50-11ec-9ff3-120ba98bd27c', 'bdc3b02a-ab59-11ec-bd70-120ba98bd27c', 'bdc5d30f-ab59-11ec-bd70-120ba98bd27c', 'Activity_1csu1cz', 'bdcd7433-ab59-11ec-bd70-120ba98bd27c', NULL, '', 'userTask', 'admin', '2022-03-24 18:04:06.606', '2022-03-25 11:11:16.653', 3, 61630047, 'process instance deleted', '');
INSERT INTO `act_hi_actinst` VALUES ('d901eae8-abe3-11ec-b0a4-120ba98bd27c', 1, 'Process_98:4:d397f631-abe3-11ec-b0a4-120ba98bd27c', 'd9012792-abe3-11ec-b0a4-120ba98bd27c', 'd901c3d7-abe3-11ec-b0a4-120ba98bd27c', 'Event_1jx5j7s', NULL, NULL, NULL, 'startEvent', NULL, '2022-03-25 10:32:42.835', '2022-03-25 10:32:42.835', 1, 0, NULL, '');
INSERT INTO `act_hi_actinst` VALUES ('d901eae9-abe3-11ec-b0a4-120ba98bd27c', 1, 'Process_98:4:d397f631-abe3-11ec-b0a4-120ba98bd27c', 'd9012792-abe3-11ec-b0a4-120ba98bd27c', 'd901c3d7-abe3-11ec-b0a4-120ba98bd27c', 'Flow_00wnvq7', NULL, NULL, NULL, 'sequenceFlow', NULL, '2022-03-25 10:32:42.835', '2022-03-25 10:32:42.835', 2, 0, NULL, '');
INSERT INTO `act_hi_actinst` VALUES ('d901eaea-abe3-11ec-b0a4-120ba98bd27c', 2, 'Process_98:4:d397f631-abe3-11ec-b0a4-120ba98bd27c', 'd9012792-abe3-11ec-b0a4-120ba98bd27c', 'd901c3d7-abe3-11ec-b0a4-120ba98bd27c', 'Activity_1oxkv78', 'd90211fb-abe3-11ec-b0a4-120ba98bd27c', NULL, NULL, 'userTask', '13570913814', '2022-03-25 10:32:42.835', '2022-03-25 11:11:24.098', 3, 2321263, 'process instance deleted', '');
INSERT INTO `act_hi_actinst` VALUES ('e1f360eb-aa72-11ec-9688-120ba98bd27c', 1, 'Process_95:1:eedb3dc5-aa6f-11ec-9b90-120ba98bd27c', 'e1f18c25-aa72-11ec-9688-120ba98bd27c', 'e1f360ea-aa72-11ec-9688-120ba98bd27c', 'Event_1vxhmby', NULL, NULL, NULL, 'startEvent', NULL, '2022-03-23 14:31:33.546', '2022-03-23 14:31:33.553', 1, 7, NULL, '');
INSERT INTO `act_hi_actinst` VALUES ('e1f4e78c-aa72-11ec-9688-120ba98bd27c', 1, 'Process_95:1:eedb3dc5-aa6f-11ec-9b90-120ba98bd27c', 'e1f18c25-aa72-11ec-9688-120ba98bd27c', 'e1f360ea-aa72-11ec-9688-120ba98bd27c', 'Flow_0ye5z1t', NULL, NULL, NULL, 'sequenceFlow', NULL, '2022-03-23 14:31:33.556', '2022-03-23 14:31:33.556', 2, 0, NULL, '');
INSERT INTO `act_hi_actinst` VALUES ('e1f4e78d-aa72-11ec-9688-120ba98bd27c', 2, 'Process_95:1:eedb3dc5-aa6f-11ec-9b90-120ba98bd27c', 'e1f18c25-aa72-11ec-9688-120ba98bd27c', 'e1f360ea-aa72-11ec-9688-120ba98bd27c', 'Activity_1uqdhto', 'e1fab3ee-aa72-11ec-9688-120ba98bd27c', NULL, '', 'userTask', '71', '2022-03-23 14:31:33.556', '2022-03-24 10:21:20.995', 3, 71387439, 'process instance deleted', '');
INSERT INTO `act_hi_actinst` VALUES ('e613375f-ac21-11ec-8da2-120ba98bd27c', 1, 'Process_98:5:641f717e-abe7-11ec-aff9-120ba98bd27c', 'e60f3fb9-ac21-11ec-8da2-120ba98bd27c', 'e613104e-ac21-11ec-8da2-120ba98bd27c', 'Event_1jx5j7s', NULL, NULL, NULL, 'startEvent', NULL, '2022-03-25 17:56:53.557', '2022-03-25 17:56:53.569', 1, 12, NULL, '');
INSERT INTO `act_hi_actinst` VALUES ('e616b9d0-ac21-11ec-8da2-120ba98bd27c', 1, 'Process_98:5:641f717e-abe7-11ec-aff9-120ba98bd27c', 'e60f3fb9-ac21-11ec-8da2-120ba98bd27c', 'e613104e-ac21-11ec-8da2-120ba98bd27c', 'Flow_00wnvq7', NULL, NULL, NULL, 'sequenceFlow', NULL, '2022-03-25 17:56:53.579', '2022-03-25 17:56:53.579', 2, 0, NULL, '');
INSERT INTO `act_hi_actinst` VALUES ('e616b9d1-ac21-11ec-8da2-120ba98bd27c', 2, 'Process_98:5:641f717e-abe7-11ec-aff9-120ba98bd27c', 'e60f3fb9-ac21-11ec-8da2-120ba98bd27c', 'e613104e-ac21-11ec-8da2-120ba98bd27c', 'Activity_1oxkv78', 'e61e33e2-ac21-11ec-8da2-120ba98bd27c', NULL, '', 'userTask', 'admin', '2022-03-25 17:56:53.579', '2022-03-25 17:57:05.117', 3, 11538, '', '');
INSERT INTO `act_hi_actinst` VALUES ('f40c2e8b-ac21-11ec-8da2-120ba98bd27c', 1, 'Process_98:5:641f717e-abe7-11ec-aff9-120ba98bd27c', 'f40be065-ac21-11ec-8da2-120ba98bd27c', 'f40c2e8a-ac21-11ec-8da2-120ba98bd27c', 'Event_1jx5j7s', NULL, NULL, NULL, 'startEvent', NULL, '2022-03-25 17:57:16.998', '2022-03-25 17:57:16.998', 1, 0, NULL, '');
INSERT INTO `act_hi_actinst` VALUES ('f40c2e8c-ac21-11ec-8da2-120ba98bd27c', 1, 'Process_98:5:641f717e-abe7-11ec-aff9-120ba98bd27c', 'f40be065-ac21-11ec-8da2-120ba98bd27c', 'f40c2e8a-ac21-11ec-8da2-120ba98bd27c', 'Flow_00wnvq7', NULL, NULL, NULL, 'sequenceFlow', NULL, '2022-03-25 17:57:16.998', '2022-03-25 17:57:16.998', 2, 0, NULL, '');
INSERT INTO `act_hi_actinst` VALUES ('f40c2e8d-ac21-11ec-8da2-120ba98bd27c', 2, 'Process_98:5:641f717e-abe7-11ec-aff9-120ba98bd27c', 'f40be065-ac21-11ec-8da2-120ba98bd27c', 'f40c2e8a-ac21-11ec-8da2-120ba98bd27c', 'Activity_1oxkv78', 'f40c559e-ac21-11ec-8da2-120ba98bd27c', NULL, '', 'userTask', 'admin', '2022-03-25 17:57:16.998', '2022-03-25 17:57:57.539', 3, 40541, '', '');
INSERT INTO `act_hi_actinst` VALUES ('fc82b98c-aa6f-11ec-9b90-120ba98bd27c', 1, 'Process_95:1:eedb3dc5-aa6f-11ec-9b90-120ba98bd27c', 'fc7db076-aa6f-11ec-9b90-120ba98bd27c', 'fc82b98b-aa6f-11ec-9b90-120ba98bd27c', 'Event_1vxhmby', NULL, NULL, NULL, 'startEvent', NULL, '2022-03-23 14:10:49.616', '2022-03-23 14:10:49.641', 1, 25, NULL, '');
INSERT INTO `act_hi_actinst` VALUES ('fc8810bd-aa6f-11ec-9b90-120ba98bd27c', 1, 'Process_95:1:eedb3dc5-aa6f-11ec-9b90-120ba98bd27c', 'fc7db076-aa6f-11ec-9b90-120ba98bd27c', 'fc82b98b-aa6f-11ec-9b90-120ba98bd27c', 'Flow_0ye5z1t', NULL, NULL, NULL, 'sequenceFlow', NULL, '2022-03-23 14:10:49.651', '2022-03-23 14:10:49.651', 2, 0, NULL, '');
INSERT INTO `act_hi_actinst` VALUES ('fc8810be-aa6f-11ec-9b90-120ba98bd27c', 2, 'Process_95:1:eedb3dc5-aa6f-11ec-9b90-120ba98bd27c', 'fc7db076-aa6f-11ec-9b90-120ba98bd27c', 'fc82b98b-aa6f-11ec-9b90-120ba98bd27c', 'Activity_1uqdhto', 'fc98164f-aa6f-11ec-9b90-120ba98bd27c', NULL, '', 'userTask', '71', '2022-03-23 14:10:49.651', '2022-03-24 10:21:18.657', 3, 72629006, 'process instance deleted', '');

-- ----------------------------
-- Table structure for act_hi_attachment
-- ----------------------------
DROP TABLE IF EXISTS `act_hi_attachment`;
CREATE TABLE `act_hi_attachment`  (
  `ID_` varchar(64) CHARACTER SET utf8 COLLATE utf8_bin NOT NULL,
  `REV_` int(11) DEFAULT NULL,
  `USER_ID_` varchar(255) CHARACTER SET utf8 COLLATE utf8_bin DEFAULT NULL,
  `NAME_` varchar(255) CHARACTER SET utf8 COLLATE utf8_bin DEFAULT NULL,
  `DESCRIPTION_` varchar(4000) CHARACTER SET utf8 COLLATE utf8_bin DEFAULT NULL,
  `TYPE_` varchar(255) CHARACTER SET utf8 COLLATE utf8_bin DEFAULT NULL,
  `TASK_ID_` varchar(64) CHARACTER SET utf8 COLLATE utf8_bin DEFAULT NULL,
  `PROC_INST_ID_` varchar(64) CHARACTER SET utf8 COLLATE utf8_bin DEFAULT NULL,
  `URL_` varchar(4000) CHARACTER SET utf8 COLLATE utf8_bin DEFAULT NULL,
  `CONTENT_ID_` varchar(64) CHARACTER SET utf8 COLLATE utf8_bin DEFAULT NULL,
  `TIME_` datetime(3) DEFAULT NULL,
  PRIMARY KEY (`ID_`) USING BTREE
) ENGINE = InnoDB CHARACTER SET = utf8 COLLATE = utf8_bin ROW_FORMAT = Dynamic;

-- ----------------------------
-- Table structure for act_hi_comment
-- ----------------------------
DROP TABLE IF EXISTS `act_hi_comment`;
CREATE TABLE `act_hi_comment`  (
  `ID_` varchar(64) CHARACTER SET utf8 COLLATE utf8_bin NOT NULL,
  `TYPE_` varchar(255) CHARACTER SET utf8 COLLATE utf8_bin DEFAULT NULL,
  `TIME_` datetime(3) NOT NULL,
  `USER_ID_` varchar(255) CHARACTER SET utf8 COLLATE utf8_bin DEFAULT NULL,
  `TASK_ID_` varchar(64) CHARACTER SET utf8 COLLATE utf8_bin DEFAULT NULL,
  `PROC_INST_ID_` varchar(64) CHARACTER SET utf8 COLLATE utf8_bin DEFAULT NULL,
  `ACTION_` varchar(255) CHARACTER SET utf8 COLLATE utf8_bin DEFAULT NULL,
  `MESSAGE_` varchar(4000) CHARACTER SET utf8 COLLATE utf8_bin DEFAULT NULL,
  `FULL_MSG_` longblob,
  PRIMARY KEY (`ID_`) USING BTREE
) ENGINE = InnoDB CHARACTER SET = utf8 COLLATE = utf8_bin ROW_FORMAT = Dynamic;

-- ----------------------------
-- Table structure for act_hi_detail
-- ----------------------------
DROP TABLE IF EXISTS `act_hi_detail`;
CREATE TABLE `act_hi_detail`  (
  `ID_` varchar(64) CHARACTER SET utf8 COLLATE utf8_bin NOT NULL,
  `TYPE_` varchar(255) CHARACTER SET utf8 COLLATE utf8_bin NOT NULL,
  `PROC_INST_ID_` varchar(64) CHARACTER SET utf8 COLLATE utf8_bin DEFAULT NULL,
  `EXECUTION_ID_` varchar(64) CHARACTER SET utf8 COLLATE utf8_bin DEFAULT NULL,
  `TASK_ID_` varchar(64) CHARACTER SET utf8 COLLATE utf8_bin DEFAULT NULL,
  `ACT_INST_ID_` varchar(64) CHARACTER SET utf8 COLLATE utf8_bin DEFAULT NULL,
  `NAME_` varchar(255) CHARACTER SET utf8 COLLATE utf8_bin NOT NULL,
  `VAR_TYPE_` varchar(255) CHARACTER SET utf8 COLLATE utf8_bin DEFAULT NULL,
  `REV_` int(11) DEFAULT NULL,
  `TIME_` datetime(3) NOT NULL,
  `BYTEARRAY_ID_` varchar(64) CHARACTER SET utf8 COLLATE utf8_bin DEFAULT NULL,
  `DOUBLE_` double DEFAULT NULL,
  `LONG_` bigint(20) DEFAULT NULL,
  `TEXT_` varchar(4000) CHARACTER SET utf8 COLLATE utf8_bin DEFAULT NULL,
  `TEXT2_` varchar(4000) CHARACTER SET utf8 COLLATE utf8_bin DEFAULT NULL,
  PRIMARY KEY (`ID_`) USING BTREE,
  INDEX `ACT_IDX_HI_DETAIL_PROC_INST`(`PROC_INST_ID_`) USING BTREE,
  INDEX `ACT_IDX_HI_DETAIL_ACT_INST`(`ACT_INST_ID_`) USING BTREE,
  INDEX `ACT_IDX_HI_DETAIL_TIME`(`TIME_`) USING BTREE,
  INDEX `ACT_IDX_HI_DETAIL_NAME`(`NAME_`) USING BTREE,
  INDEX `ACT_IDX_HI_DETAIL_TASK_ID`(`TASK_ID_`) USING BTREE
) ENGINE = InnoDB CHARACTER SET = utf8 COLLATE = utf8_bin ROW_FORMAT = Dynamic;

-- ----------------------------
-- Table structure for act_hi_entitylink
-- ----------------------------
DROP TABLE IF EXISTS `act_hi_entitylink`;
CREATE TABLE `act_hi_entitylink`  (
  `ID_` varchar(64) CHARACTER SET utf8 COLLATE utf8_bin NOT NULL,
  `LINK_TYPE_` varchar(255) CHARACTER SET utf8 COLLATE utf8_bin DEFAULT NULL,
  `CREATE_TIME_` datetime(3) DEFAULT NULL,
  `SCOPE_ID_` varchar(255) CHARACTER SET utf8 COLLATE utf8_bin DEFAULT NULL,
  `SUB_SCOPE_ID_` varchar(255) CHARACTER SET utf8 COLLATE utf8_bin DEFAULT NULL,
  `SCOPE_TYPE_` varchar(255) CHARACTER SET utf8 COLLATE utf8_bin DEFAULT NULL,
  `SCOPE_DEFINITION_ID_` varchar(255) CHARACTER SET utf8 COLLATE utf8_bin DEFAULT NULL,
  `PARENT_ELEMENT_ID_` varchar(255) CHARACTER SET utf8 COLLATE utf8_bin DEFAULT NULL,
  `REF_SCOPE_ID_` varchar(255) CHARACTER SET utf8 COLLATE utf8_bin DEFAULT NULL,
  `REF_SCOPE_TYPE_` varchar(255) CHARACTER SET utf8 COLLATE utf8_bin DEFAULT NULL,
  `REF_SCOPE_DEFINITION_ID_` varchar(255) CHARACTER SET utf8 COLLATE utf8_bin DEFAULT NULL,
  `ROOT_SCOPE_ID_` varchar(255) CHARACTER SET utf8 COLLATE utf8_bin DEFAULT NULL,
  `ROOT_SCOPE_TYPE_` varchar(255) CHARACTER SET utf8 COLLATE utf8_bin DEFAULT NULL,
  `HIERARCHY_TYPE_` varchar(255) CHARACTER SET utf8 COLLATE utf8_bin DEFAULT NULL,
  PRIMARY KEY (`ID_`) USING BTREE,
  INDEX `ACT_IDX_HI_ENT_LNK_SCOPE`(`SCOPE_ID_`, `SCOPE_TYPE_`, `LINK_TYPE_`) USING BTREE,
  INDEX `ACT_IDX_HI_ENT_LNK_REF_SCOPE`(`REF_SCOPE_ID_`, `REF_SCOPE_TYPE_`, `LINK_TYPE_`) USING BTREE,
  INDEX `ACT_IDX_HI_ENT_LNK_ROOT_SCOPE`(`ROOT_SCOPE_ID_`, `ROOT_SCOPE_TYPE_`, `LINK_TYPE_`) USING BTREE,
  INDEX `ACT_IDX_HI_ENT_LNK_SCOPE_DEF`(`SCOPE_DEFINITION_ID_`, `SCOPE_TYPE_`, `LINK_TYPE_`) USING BTREE
) ENGINE = InnoDB CHARACTER SET = utf8 COLLATE = utf8_bin ROW_FORMAT = Dynamic;

-- ----------------------------
-- Table structure for act_hi_identitylink
-- ----------------------------
DROP TABLE IF EXISTS `act_hi_identitylink`;
CREATE TABLE `act_hi_identitylink`  (
  `ID_` varchar(64) CHARACTER SET utf8 COLLATE utf8_bin NOT NULL,
  `GROUP_ID_` varchar(255) CHARACTER SET utf8 COLLATE utf8_bin DEFAULT NULL,
  `TYPE_` varchar(255) CHARACTER SET utf8 COLLATE utf8_bin DEFAULT NULL,
  `USER_ID_` varchar(255) CHARACTER SET utf8 COLLATE utf8_bin DEFAULT NULL,
  `TASK_ID_` varchar(64) CHARACTER SET utf8 COLLATE utf8_bin DEFAULT NULL,
  `CREATE_TIME_` datetime(3) DEFAULT NULL,
  `PROC_INST_ID_` varchar(64) CHARACTER SET utf8 COLLATE utf8_bin DEFAULT NULL,
  `SCOPE_ID_` varchar(255) CHARACTER SET utf8 COLLATE utf8_bin DEFAULT NULL,
  `SUB_SCOPE_ID_` varchar(255) CHARACTER SET utf8 COLLATE utf8_bin DEFAULT NULL,
  `SCOPE_TYPE_` varchar(255) CHARACTER SET utf8 COLLATE utf8_bin DEFAULT NULL,
  `SCOPE_DEFINITION_ID_` varchar(255) CHARACTER SET utf8 COLLATE utf8_bin DEFAULT NULL,
  PRIMARY KEY (`ID_`) USING BTREE,
  INDEX `ACT_IDX_HI_IDENT_LNK_USER`(`USER_ID_`) USING BTREE,
  INDEX `ACT_IDX_HI_IDENT_LNK_SCOPE`(`SCOPE_ID_`, `SCOPE_TYPE_`) USING BTREE,
  INDEX `ACT_IDX_HI_IDENT_LNK_SUB_SCOPE`(`SUB_SCOPE_ID_`, `SCOPE_TYPE_`) USING BTREE,
  INDEX `ACT_IDX_HI_IDENT_LNK_SCOPE_DEF`(`SCOPE_DEFINITION_ID_`, `SCOPE_TYPE_`) USING BTREE,
  INDEX `ACT_IDX_HI_IDENT_LNK_TASK`(`TASK_ID_`) USING BTREE,
  INDEX `ACT_IDX_HI_IDENT_LNK_PROCINST`(`PROC_INST_ID_`) USING BTREE
) ENGINE = InnoDB CHARACTER SET = utf8 COLLATE = utf8_bin ROW_FORMAT = Dynamic;

-- ----------------------------
-- Records of act_hi_identitylink
-- ----------------------------
INSERT INTO `act_hi_identitylink` VALUES ('0612ab98-b648-11ec-bb8d-120ba98bd27c', NULL, 'assignee', 'admin', '061124f7-b648-11ec-bb8d-120ba98bd27c', '2022-04-07 15:54:59.743', NULL, NULL, NULL, NULL, NULL);
INSERT INTO `act_hi_identitylink` VALUES ('061320c9-b648-11ec-bb8d-120ba98bd27c', NULL, 'participant', 'admin', NULL, '2022-04-07 15:54:59.746', '05fd9cee-b648-11ec-bb8d-120ba98bd27c', NULL, NULL, NULL, NULL);
INSERT INTO `act_hi_identitylink` VALUES ('0f2cd104-ab19-11ec-8eaa-120ba98bd27c', NULL, 'assignee', '71', '0f2c82e3-ab19-11ec-8eaa-120ba98bd27c', '2022-03-24 10:21:05.877', NULL, NULL, NULL, NULL, NULL);
INSERT INTO `act_hi_identitylink` VALUES ('0f2cf815-ab19-11ec-8eaa-120ba98bd27c', NULL, 'participant', '71', NULL, '2022-03-24 10:21:05.879', '0f1fffba-ab19-11ec-8eaa-120ba98bd27c', NULL, NULL, NULL, NULL);
INSERT INTO `act_hi_identitylink` VALUES ('0f64a495-ab50-11ec-9ff3-120ba98bd27c', NULL, 'assignee', 'admin', '0f645674-ab50-11ec-9ff3-120ba98bd27c', '2022-03-24 16:54:48.563', NULL, NULL, NULL, NULL, NULL);
INSERT INTO `act_hi_identitylink` VALUES ('0f6567e6-ab50-11ec-9ff3-120ba98bd27c', NULL, 'participant', 'admin', NULL, '2022-03-24 16:54:48.569', '0f48df2b-ab50-11ec-9ff3-120ba98bd27c', NULL, NULL, NULL, NULL);
INSERT INTO `act_hi_identitylink` VALUES ('0fb45ee4-aa74-11ec-94d9-120ba98bd27c', NULL, 'assignee', '71', '0fb410c3-aa74-11ec-94d9-120ba98bd27c', '2022-03-23 14:39:59.805', NULL, NULL, NULL, NULL, NULL);
INSERT INTO `act_hi_identitylink` VALUES ('0fb4ad05-aa74-11ec-94d9-120ba98bd27c', NULL, 'participant', '71', NULL, '2022-03-23 14:39:59.807', '0fa877fa-aa74-11ec-94d9-120ba98bd27c', NULL, NULL, NULL, NULL);
INSERT INTO `act_hi_identitylink` VALUES ('1a42517f-ac1f-11ec-aa4c-120ba98bd27c', NULL, 'assignee', 'admin', '1a41671e-ac1f-11ec-aa4c-120ba98bd27c', '2022-03-25 17:36:52.616', NULL, NULL, NULL, NULL, NULL);
INSERT INTO `act_hi_identitylink` VALUES ('1a4313d0-ac1f-11ec-aa4c-120ba98bd27c', NULL, 'participant', 'admin', NULL, '2022-03-25 17:36:52.622', '1a241b15-ac1f-11ec-aa4c-120ba98bd27c', NULL, NULL, NULL, NULL);
INSERT INTO `act_hi_identitylink` VALUES ('21011ad5-ac0f-11ec-8fcd-120ba98bd27c', NULL, 'assignee', '13570913814', '21007e94-ac0f-11ec-8fcd-120ba98bd27c', '2022-03-25 15:42:31.985', NULL, NULL, NULL, NULL, NULL);
INSERT INTO `act_hi_identitylink` VALUES ('2102c886-ac0f-11ec-8fcd-120ba98bd27c', NULL, 'participant', '13570913814', NULL, '2022-03-25 15:42:31.997', '55cb293a-abe9-11ec-a020-120ba98bd27c', NULL, NULL, NULL, NULL);
INSERT INTO `act_hi_identitylink` VALUES ('3e372fb7-abe4-11ec-8fbe-120ba98bd27c', NULL, 'assignee', '13570913814', '3e31ff96-abe4-11ec-8fbe-120ba98bd27c', '2022-03-25 10:35:32.634', NULL, NULL, NULL, NULL, NULL);
INSERT INTO `act_hi_identitylink` VALUES ('3e37a4e8-abe4-11ec-8fbe-120ba98bd27c', NULL, 'participant', '13570913814', NULL, '2022-03-25 10:35:32.637', '3e2e2efd-abe4-11ec-8fbe-120ba98bd27c', NULL, NULL, NULL, NULL);
INSERT INTO `act_hi_identitylink` VALUES ('43085b0a-ab5a-11ec-b0a4-120ba98bd27c', NULL, 'assignee', 'admin', '430833f9-ab5a-11ec-b0a4-120ba98bd27c', '2022-03-24 18:07:50.167', NULL, NULL, NULL, NULL, NULL);
INSERT INTO `act_hi_identitylink` VALUES ('43085b0b-ab5a-11ec-b0a4-120ba98bd27c', NULL, 'participant', 'admin', NULL, '2022-03-24 18:07:50.167', '43080ce0-ab5a-11ec-b0a4-120ba98bd27c', NULL, NULL, NULL, NULL);
INSERT INTO `act_hi_identitylink` VALUES ('43da0ec3-abe4-11ec-8fbe-120ba98bd27c', NULL, 'assignee', '13570913814', '43d9e7b2-abe4-11ec-8fbe-120ba98bd27c', '2022-03-25 10:35:42.090', NULL, NULL, NULL, NULL, NULL);
INSERT INTO `act_hi_identitylink` VALUES ('43da0ec4-abe4-11ec-8fbe-120ba98bd27c', NULL, 'participant', '13570913814', NULL, '2022-03-25 10:35:42.090', '43d99989-abe4-11ec-8fbe-120ba98bd27c', NULL, NULL, NULL, NULL);
INSERT INTO `act_hi_identitylink` VALUES ('55d64cd4-abe9-11ec-a020-120ba98bd27c', NULL, 'assignee', 'admin', '55d5feb3-abe9-11ec-a020-120ba98bd27c', '2022-03-25 11:11:59.748', NULL, NULL, NULL, NULL, NULL);
INSERT INTO `act_hi_identitylink` VALUES ('55d6c205-abe9-11ec-a020-120ba98bd27c', NULL, 'participant', 'admin', NULL, '2022-03-25 11:11:59.751', '55cb293a-abe9-11ec-a020-120ba98bd27c', NULL, NULL, NULL, NULL);
INSERT INTO `act_hi_identitylink` VALUES ('6c9ce7c9-abe7-11ec-aff9-120ba98bd27c', NULL, 'assignee', 'admin', '6c9c99a8-abe7-11ec-aff9-120ba98bd27c', '2022-03-25 10:58:18.966', NULL, NULL, NULL, NULL, NULL);
INSERT INTO `act_hi_identitylink` VALUES ('6c9ebc8a-abe7-11ec-aff9-120ba98bd27c', NULL, 'participant', 'admin', NULL, '2022-03-25 10:58:18.978', '6c85b63f-abe7-11ec-aff9-120ba98bd27c', NULL, NULL, NULL, NULL);
INSERT INTO `act_hi_identitylink` VALUES ('875e696c-abe3-11ec-b0a4-120ba98bd27c', NULL, 'assignee', '13570913814', '875da61b-abe3-11ec-b0a4-120ba98bd27c', '2022-03-25 10:30:25.868', NULL, NULL, NULL, NULL, NULL);
INSERT INTO `act_hi_identitylink` VALUES ('875f7add-abe3-11ec-b0a4-120ba98bd27c', NULL, 'participant', '13570913814', NULL, '2022-03-25 10:30:25.875', '875c1f76-abe3-11ec-b0a4-120ba98bd27c', NULL, NULL, NULL, NULL);
INSERT INTO `act_hi_identitylink` VALUES ('a90aebe4-aa7a-11ec-94d9-120ba98bd27c', NULL, 'assignee', '71', 'a90aebe3-aa7a-11ec-94d9-120ba98bd27c', '2022-03-23 15:27:14.044', NULL, NULL, NULL, NULL, NULL);
INSERT INTO `act_hi_identitylink` VALUES ('a90b6115-aa7a-11ec-94d9-120ba98bd27c', NULL, 'participant', '71', NULL, '2022-03-23 15:27:14.048', 'a9067f0a-aa7a-11ec-94d9-120ba98bd27c', NULL, NULL, NULL, NULL);
INSERT INTO `act_hi_identitylink` VALUES ('b28d72da-ab15-11ec-bbcf-120ba98bd27c', NULL, 'assignee', '71', 'b28c1349-ab15-11ec-bbcf-120ba98bd27c', '2022-03-24 09:57:01.992', NULL, NULL, NULL, NULL, NULL);
INSERT INTO `act_hi_identitylink` VALUES ('b28e362b-ab15-11ec-bbcf-120ba98bd27c', NULL, 'participant', '71', NULL, '2022-03-24 09:57:01.997', 'b26b1dc0-ab15-11ec-bbcf-120ba98bd27c', NULL, NULL, NULL, NULL);
INSERT INTO `act_hi_identitylink` VALUES ('bdcd9b44-ab59-11ec-bd70-120ba98bd27c', NULL, 'assignee', 'admin', 'bdcd7433-ab59-11ec-bd70-120ba98bd27c', '2022-03-24 18:04:06.645', NULL, NULL, NULL, NULL, NULL);
INSERT INTO `act_hi_identitylink` VALUES ('bdcde965-ab59-11ec-bd70-120ba98bd27c', NULL, 'participant', 'admin', NULL, '2022-03-24 18:04:06.647', 'bdc3b02a-ab59-11ec-bd70-120ba98bd27c', NULL, NULL, NULL, NULL);
INSERT INTO `act_hi_identitylink` VALUES ('d90211fc-abe3-11ec-b0a4-120ba98bd27c', NULL, 'assignee', '13570913814', 'd90211fb-abe3-11ec-b0a4-120ba98bd27c', '2022-03-25 10:32:42.836', NULL, NULL, NULL, NULL, NULL);
INSERT INTO `act_hi_identitylink` VALUES ('d90211fd-abe3-11ec-b0a4-120ba98bd27c', NULL, 'participant', '13570913814', NULL, '2022-03-25 10:32:42.836', 'd9012792-abe3-11ec-b0a4-120ba98bd27c', NULL, NULL, NULL, NULL);
INSERT INTO `act_hi_identitylink` VALUES ('e1fb020f-aa72-11ec-9688-120ba98bd27c', NULL, 'assignee', '71', 'e1fab3ee-aa72-11ec-9688-120ba98bd27c', '2022-03-23 14:31:33.596', NULL, NULL, NULL, NULL, NULL);
INSERT INTO `act_hi_identitylink` VALUES ('e1fb5030-aa72-11ec-9688-120ba98bd27c', NULL, 'participant', '71', NULL, '2022-03-23 14:31:33.598', 'e1f18c25-aa72-11ec-9688-120ba98bd27c', NULL, NULL, NULL, NULL);
INSERT INTO `act_hi_identitylink` VALUES ('e61e8203-ac21-11ec-8da2-120ba98bd27c', NULL, 'assignee', 'admin', 'e61e33e2-ac21-11ec-8da2-120ba98bd27c', '2022-03-25 17:56:53.630', NULL, NULL, NULL, NULL, NULL);
INSERT INTO `act_hi_identitylink` VALUES ('e61ea914-ac21-11ec-8da2-120ba98bd27c', NULL, 'participant', 'admin', NULL, '2022-03-25 17:56:53.631', 'e60f3fb9-ac21-11ec-8da2-120ba98bd27c', NULL, NULL, NULL, NULL);
INSERT INTO `act_hi_identitylink` VALUES ('f40c7caf-ac21-11ec-8da2-120ba98bd27c', NULL, 'assignee', 'admin', 'f40c559e-ac21-11ec-8da2-120ba98bd27c', '2022-03-25 17:57:17.000', NULL, NULL, NULL, NULL, NULL);
INSERT INTO `act_hi_identitylink` VALUES ('f40c7cb0-ac21-11ec-8da2-120ba98bd27c', NULL, 'participant', 'admin', NULL, '2022-03-25 17:57:17.000', 'f40be065-ac21-11ec-8da2-120ba98bd27c', NULL, NULL, NULL, NULL);
INSERT INTO `act_hi_identitylink` VALUES ('fc9975e0-aa6f-11ec-9b90-120ba98bd27c', NULL, 'assignee', '71', 'fc98164f-aa6f-11ec-9b90-120ba98bd27c', '2022-03-23 14:10:49.765', NULL, NULL, NULL, NULL, NULL);
INSERT INTO `act_hi_identitylink` VALUES ('fc99c401-aa6f-11ec-9b90-120ba98bd27c', NULL, 'participant', '71', NULL, '2022-03-23 14:10:49.767', 'fc7db076-aa6f-11ec-9b90-120ba98bd27c', NULL, NULL, NULL, NULL);

-- ----------------------------
-- Table structure for act_hi_procinst
-- ----------------------------
DROP TABLE IF EXISTS `act_hi_procinst`;
CREATE TABLE `act_hi_procinst`  (
  `ID_` varchar(64) CHARACTER SET utf8 COLLATE utf8_bin NOT NULL,
  `REV_` int(11) DEFAULT 1,
  `PROC_INST_ID_` varchar(64) CHARACTER SET utf8 COLLATE utf8_bin NOT NULL,
  `BUSINESS_KEY_` varchar(255) CHARACTER SET utf8 COLLATE utf8_bin DEFAULT NULL,
  `PROC_DEF_ID_` varchar(64) CHARACTER SET utf8 COLLATE utf8_bin NOT NULL,
  `START_TIME_` datetime(3) NOT NULL,
  `END_TIME_` datetime(3) DEFAULT NULL,
  `DURATION_` bigint(20) DEFAULT NULL,
  `START_USER_ID_` varchar(255) CHARACTER SET utf8 COLLATE utf8_bin DEFAULT NULL,
  `START_ACT_ID_` varchar(255) CHARACTER SET utf8 COLLATE utf8_bin DEFAULT NULL,
  `END_ACT_ID_` varchar(255) CHARACTER SET utf8 COLLATE utf8_bin DEFAULT NULL,
  `SUPER_PROCESS_INSTANCE_ID_` varchar(64) CHARACTER SET utf8 COLLATE utf8_bin DEFAULT NULL,
  `DELETE_REASON_` varchar(4000) CHARACTER SET utf8 COLLATE utf8_bin DEFAULT NULL,
  `TENANT_ID_` varchar(255) CHARACTER SET utf8 COLLATE utf8_bin DEFAULT '',
  `NAME_` varchar(255) CHARACTER SET utf8 COLLATE utf8_bin DEFAULT NULL,
  `CALLBACK_ID_` varchar(255) CHARACTER SET utf8 COLLATE utf8_bin DEFAULT NULL,
  `CALLBACK_TYPE_` varchar(255) CHARACTER SET utf8 COLLATE utf8_bin DEFAULT NULL,
  `REFERENCE_ID_` varchar(255) CHARACTER SET utf8 COLLATE utf8_bin DEFAULT NULL,
  `REFERENCE_TYPE_` varchar(255) CHARACTER SET utf8 COLLATE utf8_bin DEFAULT NULL,
  `PROPAGATED_STAGE_INST_ID_` varchar(255) CHARACTER SET utf8 COLLATE utf8_bin DEFAULT NULL,
  PRIMARY KEY (`ID_`) USING BTREE,
  UNIQUE INDEX `PROC_INST_ID_`(`PROC_INST_ID_`) USING BTREE,
  INDEX `ACT_IDX_HI_PRO_INST_END`(`END_TIME_`) USING BTREE,
  INDEX `ACT_IDX_HI_PRO_I_BUSKEY`(`BUSINESS_KEY_`) USING BTREE
) ENGINE = InnoDB CHARACTER SET = utf8 COLLATE = utf8_bin ROW_FORMAT = Dynamic;

-- ----------------------------
-- Records of act_hi_procinst
-- ----------------------------
INSERT INTO `act_hi_procinst` VALUES ('05fd9cee-b648-11ec-bb8d-120ba98bd27c', 1, '05fd9cee-b648-11ec-bb8d-120ba98bd27c', NULL, 'Process_98:6:62a0a86d-b644-11ec-bb8d-120ba98bd27c', '2022-04-07 15:54:59.605', NULL, NULL, NULL, 'Event_1jx5j7s', NULL, NULL, NULL, '', NULL, NULL, NULL, NULL, NULL, NULL);
INSERT INTO `act_hi_procinst` VALUES ('0f1fffba-ab19-11ec-8eaa-120ba98bd27c', 2, '0f1fffba-ab19-11ec-8eaa-120ba98bd27c', NULL, 'Process_95:2:a40907c9-aa7a-11ec-94d9-120ba98bd27c', '2022-03-24 10:21:05.793', '2022-03-24 16:26:26.738', 21920945, NULL, 'Event_1vxhmby', NULL, NULL, 'process instance deleted', '', NULL, NULL, NULL, NULL, NULL, NULL);
INSERT INTO `act_hi_procinst` VALUES ('0f48df2b-ab50-11ec-9ff3-120ba98bd27c', 2, '0f48df2b-ab50-11ec-9ff3-120ba98bd27c', NULL, 'Process_98:1:03a1c74a-ab50-11ec-9ff3-120ba98bd27c', '2022-03-24 16:54:48.381', '2022-03-25 11:11:14.758', 65786377, NULL, 'Event_00w4x0x', NULL, NULL, 'process instance deleted', '', NULL, NULL, NULL, NULL, NULL, NULL);
INSERT INTO `act_hi_procinst` VALUES ('0fa877fa-aa74-11ec-94d9-120ba98bd27c', 2, '0fa877fa-aa74-11ec-94d9-120ba98bd27c', NULL, 'Process_95:1:eedb3dc5-aa6f-11ec-9b90-120ba98bd27c', '2022-03-23 14:39:59.727', '2022-03-24 10:21:22.961', 70883234, NULL, 'Event_1vxhmby', NULL, NULL, 'process instance deleted', '', NULL, NULL, NULL, NULL, NULL, NULL);
INSERT INTO `act_hi_procinst` VALUES ('1a241b15-ac1f-11ec-aa4c-120ba98bd27c', 2, '1a241b15-ac1f-11ec-aa4c-120ba98bd27c', NULL, 'Process_98:5:641f717e-abe7-11ec-aff9-120ba98bd27c', '2022-03-25 17:36:52.417', '2022-03-25 17:42:09.164', 316747, NULL, 'Event_1jx5j7s', NULL, NULL, '', '', NULL, NULL, NULL, NULL, NULL, NULL);
INSERT INTO `act_hi_procinst` VALUES ('3e2e2efd-abe4-11ec-8fbe-120ba98bd27c', 2, '3e2e2efd-abe4-11ec-8fbe-120ba98bd27c', NULL, 'Process_98:4:d397f631-abe3-11ec-b0a4-120ba98bd27c', '2022-03-25 10:35:32.575', '2022-03-25 11:11:26.073', 2153498, NULL, 'Event_1jx5j7s', NULL, NULL, 'process instance deleted', '', NULL, NULL, NULL, NULL, NULL, NULL);
INSERT INTO `act_hi_procinst` VALUES ('43080ce0-ab5a-11ec-b0a4-120ba98bd27c', 2, '43080ce0-ab5a-11ec-b0a4-120ba98bd27c', NULL, 'Process_98:1:03a1c74a-ab50-11ec-9ff3-120ba98bd27c', '2022-03-24 18:07:50.164', '2022-03-25 11:11:20.319', 61410155, NULL, 'Event_00w4x0x', NULL, NULL, 'process instance deleted', '', NULL, NULL, NULL, NULL, NULL, NULL);
INSERT INTO `act_hi_procinst` VALUES ('43d99989-abe4-11ec-8fbe-120ba98bd27c', 2, '43d99989-abe4-11ec-8fbe-120ba98bd27c', NULL, 'Process_98:4:d397f631-abe3-11ec-b0a4-120ba98bd27c', '2022-03-25 10:35:42.087', '2022-03-25 11:11:27.934', 2145847, NULL, 'Event_1jx5j7s', NULL, NULL, 'process instance deleted', '', NULL, NULL, NULL, NULL, NULL, NULL);
INSERT INTO `act_hi_procinst` VALUES ('55cb293a-abe9-11ec-a020-120ba98bd27c', 2, '55cb293a-abe9-11ec-a020-120ba98bd27c', NULL, 'Process_98:5:641f717e-abe7-11ec-aff9-120ba98bd27c', '2022-03-25 11:11:59.674', '2022-03-25 17:14:50.727', 21771053, NULL, 'Event_1jx5j7s', 'Event_1hvknpa', NULL, NULL, '', NULL, NULL, NULL, NULL, NULL, NULL);
INSERT INTO `act_hi_procinst` VALUES ('6c85b63f-abe7-11ec-aff9-120ba98bd27c', 2, '6c85b63f-abe7-11ec-aff9-120ba98bd27c', NULL, 'Process_98:5:641f717e-abe7-11ec-aff9-120ba98bd27c', '2022-03-25 10:58:18.814', '2022-03-25 11:11:30.873', 792059, NULL, 'Event_1jx5j7s', NULL, NULL, 'process instance deleted', '', NULL, NULL, NULL, NULL, NULL, NULL);
INSERT INTO `act_hi_procinst` VALUES ('875c1f76-abe3-11ec-b0a4-120ba98bd27c', 2, '875c1f76-abe3-11ec-b0a4-120ba98bd27c', NULL, 'Process_98:3:81ff7135-abe3-11ec-b0a4-120ba98bd27c', '2022-03-25 10:30:25.853', '2022-03-25 11:11:22.073', 2456220, NULL, 'Event_1jx5j7s', NULL, NULL, 'process instance deleted', '', NULL, NULL, NULL, NULL, NULL, NULL);
INSERT INTO `act_hi_procinst` VALUES ('a9067f0a-aa7a-11ec-94d9-120ba98bd27c', 2, 'a9067f0a-aa7a-11ec-94d9-120ba98bd27c', NULL, 'Process_95:2:a40907c9-aa7a-11ec-94d9-120ba98bd27c', '2022-03-23 15:27:14.015', '2022-03-24 10:21:24.921', 68050906, NULL, 'Event_1vxhmby', NULL, NULL, 'process instance deleted', '', NULL, NULL, NULL, NULL, NULL, NULL);
INSERT INTO `act_hi_procinst` VALUES ('b26b1dc0-ab15-11ec-bbcf-120ba98bd27c', 2, 'b26b1dc0-ab15-11ec-bbcf-120ba98bd27c', NULL, 'Process_95:2:a40907c9-aa7a-11ec-94d9-120ba98bd27c', '2022-03-24 09:57:01.765', '2022-03-24 10:21:27.016', 1465251, NULL, 'Event_1vxhmby', NULL, NULL, 'process instance deleted', '', NULL, NULL, NULL, NULL, NULL, NULL);
INSERT INTO `act_hi_procinst` VALUES ('bdc3b02a-ab59-11ec-bd70-120ba98bd27c', 2, 'bdc3b02a-ab59-11ec-bd70-120ba98bd27c', NULL, 'Process_98:1:03a1c74a-ab50-11ec-9ff3-120ba98bd27c', '2022-03-24 18:04:06.580', '2022-03-25 11:11:16.702', 61630122, NULL, 'Event_00w4x0x', NULL, NULL, 'process instance deleted', '', NULL, NULL, NULL, NULL, NULL, NULL);
INSERT INTO `act_hi_procinst` VALUES ('d9012792-abe3-11ec-b0a4-120ba98bd27c', 2, 'd9012792-abe3-11ec-b0a4-120ba98bd27c', NULL, 'Process_98:4:d397f631-abe3-11ec-b0a4-120ba98bd27c', '2022-03-25 10:32:42.830', '2022-03-25 11:11:24.136', 2321306, NULL, 'Event_1jx5j7s', NULL, NULL, 'process instance deleted', '', NULL, NULL, NULL, NULL, NULL, NULL);
INSERT INTO `act_hi_procinst` VALUES ('e1f18c25-aa72-11ec-9688-120ba98bd27c', 2, 'e1f18c25-aa72-11ec-9688-120ba98bd27c', NULL, 'Process_95:1:eedb3dc5-aa6f-11ec-9b90-120ba98bd27c', '2022-03-23 14:31:33.534', '2022-03-24 10:21:21.041', 71387507, NULL, 'Event_1vxhmby', NULL, NULL, 'process instance deleted', '', NULL, NULL, NULL, NULL, NULL, NULL);
INSERT INTO `act_hi_procinst` VALUES ('e60f3fb9-ac21-11ec-8da2-120ba98bd27c', 2, 'e60f3fb9-ac21-11ec-8da2-120ba98bd27c', NULL, 'Process_98:5:641f717e-abe7-11ec-aff9-120ba98bd27c', '2022-03-25 17:56:53.530', '2022-03-25 17:57:05.217', 11687, NULL, 'Event_1jx5j7s', NULL, NULL, '', '', NULL, NULL, NULL, NULL, NULL, NULL);
INSERT INTO `act_hi_procinst` VALUES ('f40be065-ac21-11ec-8da2-120ba98bd27c', 2, 'f40be065-ac21-11ec-8da2-120ba98bd27c', NULL, 'Process_98:5:641f717e-abe7-11ec-aff9-120ba98bd27c', '2022-03-25 17:57:16.996', '2022-03-25 17:57:57.596', 40600, NULL, 'Event_1jx5j7s', NULL, NULL, '', '', NULL, NULL, NULL, NULL, NULL, NULL);
INSERT INTO `act_hi_procinst` VALUES ('fc7db076-aa6f-11ec-9b90-120ba98bd27c', 2, 'fc7db076-aa6f-11ec-9b90-120ba98bd27c', NULL, 'Process_95:1:eedb3dc5-aa6f-11ec-9b90-120ba98bd27c', '2022-03-23 14:10:49.582', '2022-03-24 10:21:18.771', 72629189, NULL, 'Event_1vxhmby', NULL, NULL, 'process instance deleted', '', NULL, NULL, NULL, NULL, NULL, NULL);

-- ----------------------------
-- Table structure for act_hi_taskinst
-- ----------------------------
DROP TABLE IF EXISTS `act_hi_taskinst`;
CREATE TABLE `act_hi_taskinst`  (
  `ID_` varchar(64) CHARACTER SET utf8 COLLATE utf8_bin NOT NULL,
  `REV_` int(11) DEFAULT 1,
  `PROC_DEF_ID_` varchar(64) CHARACTER SET utf8 COLLATE utf8_bin DEFAULT NULL,
  `TASK_DEF_ID_` varchar(64) CHARACTER SET utf8 COLLATE utf8_bin DEFAULT NULL,
  `TASK_DEF_KEY_` varchar(255) CHARACTER SET utf8 COLLATE utf8_bin DEFAULT NULL,
  `PROC_INST_ID_` varchar(64) CHARACTER SET utf8 COLLATE utf8_bin DEFAULT NULL,
  `EXECUTION_ID_` varchar(64) CHARACTER SET utf8 COLLATE utf8_bin DEFAULT NULL,
  `SCOPE_ID_` varchar(255) CHARACTER SET utf8 COLLATE utf8_bin DEFAULT NULL,
  `SUB_SCOPE_ID_` varchar(255) CHARACTER SET utf8 COLLATE utf8_bin DEFAULT NULL,
  `SCOPE_TYPE_` varchar(255) CHARACTER SET utf8 COLLATE utf8_bin DEFAULT NULL,
  `SCOPE_DEFINITION_ID_` varchar(255) CHARACTER SET utf8 COLLATE utf8_bin DEFAULT NULL,
  `PROPAGATED_STAGE_INST_ID_` varchar(255) CHARACTER SET utf8 COLLATE utf8_bin DEFAULT NULL,
  `NAME_` varchar(255) CHARACTER SET utf8 COLLATE utf8_bin DEFAULT NULL,
  `PARENT_TASK_ID_` varchar(64) CHARACTER SET utf8 COLLATE utf8_bin DEFAULT NULL,
  `DESCRIPTION_` varchar(4000) CHARACTER SET utf8 COLLATE utf8_bin DEFAULT NULL,
  `OWNER_` varchar(255) CHARACTER SET utf8 COLLATE utf8_bin DEFAULT NULL,
  `ASSIGNEE_` varchar(255) CHARACTER SET utf8 COLLATE utf8_bin DEFAULT NULL,
  `START_TIME_` datetime(3) NOT NULL,
  `CLAIM_TIME_` datetime(3) DEFAULT NULL,
  `END_TIME_` datetime(3) DEFAULT NULL,
  `DURATION_` bigint(20) DEFAULT NULL,
  `DELETE_REASON_` varchar(4000) CHARACTER SET utf8 COLLATE utf8_bin DEFAULT NULL,
  `PRIORITY_` int(11) DEFAULT NULL,
  `DUE_DATE_` datetime(3) DEFAULT NULL,
  `FORM_KEY_` varchar(255) CHARACTER SET utf8 COLLATE utf8_bin DEFAULT NULL,
  `CATEGORY_` varchar(255) CHARACTER SET utf8 COLLATE utf8_bin DEFAULT NULL,
  `TENANT_ID_` varchar(255) CHARACTER SET utf8 COLLATE utf8_bin DEFAULT '',
  `LAST_UPDATED_TIME_` datetime(3) DEFAULT NULL,
  PRIMARY KEY (`ID_`) USING BTREE,
  INDEX `ACT_IDX_HI_TASK_SCOPE`(`SCOPE_ID_`, `SCOPE_TYPE_`) USING BTREE,
  INDEX `ACT_IDX_HI_TASK_SUB_SCOPE`(`SUB_SCOPE_ID_`, `SCOPE_TYPE_`) USING BTREE,
  INDEX `ACT_IDX_HI_TASK_SCOPE_DEF`(`SCOPE_DEFINITION_ID_`, `SCOPE_TYPE_`) USING BTREE,
  INDEX `ACT_IDX_HI_TASK_INST_PROCINST`(`PROC_INST_ID_`) USING BTREE
) ENGINE = InnoDB CHARACTER SET = utf8 COLLATE = utf8_bin ROW_FORMAT = Dynamic;

-- ----------------------------
-- Records of act_hi_taskinst
-- ----------------------------
INSERT INTO `act_hi_taskinst` VALUES ('061124f7-b648-11ec-bb8d-120ba98bd27c', 1, 'Process_98:6:62a0a86d-b644-11ec-bb8d-120ba98bd27c', NULL, 'Activity_1oxkv78', '05fd9cee-b648-11ec-bb8d-120ba98bd27c', '0604eff3-b648-11ec-bb8d-120ba98bd27c', NULL, NULL, NULL, NULL, NULL, '', NULL, NULL, NULL, 'admin', '2022-04-07 15:54:59.677', NULL, NULL, NULL, NULL, 50, NULL, NULL, NULL, '', '2022-04-07 15:54:59.739');
INSERT INTO `act_hi_taskinst` VALUES ('1a41671e-ac1f-11ec-aa4c-120ba98bd27c', 2, 'Process_98:5:641f717e-abe7-11ec-aff9-120ba98bd27c', NULL, 'Activity_1oxkv78', '1a241b15-ac1f-11ec-aa4c-120ba98bd27c', '1a2c0a5a-ac1f-11ec-aa4c-120ba98bd27c', NULL, NULL, NULL, NULL, NULL, '', NULL, NULL, NULL, 'admin', '2022-03-25 17:36:52.476', NULL, '2022-03-25 17:42:09.093', 316617, '', 50, NULL, NULL, NULL, '', '2022-03-25 17:42:09.093');
INSERT INTO `act_hi_taskinst` VALUES ('21007e94-ac0f-11ec-8fcd-120ba98bd27c', 2, 'Process_98:5:641f717e-abe7-11ec-aff9-120ba98bd27c', NULL, 'Activity_1o6p2j9', '55cb293a-abe9-11ec-a020-120ba98bd27c', '55ce0f6f-abe9-11ec-a020-120ba98bd27c', NULL, NULL, NULL, NULL, NULL, '', NULL, NULL, NULL, '13570913814', '2022-03-25 15:42:31.924', NULL, '2022-03-25 17:14:50.589', 5538665, NULL, 50, NULL, NULL, NULL, '', '2022-03-25 17:14:50.589');
INSERT INTO `act_hi_taskinst` VALUES ('55d5feb3-abe9-11ec-a020-120ba98bd27c', 2, 'Process_98:5:641f717e-abe7-11ec-aff9-120ba98bd27c', NULL, 'Activity_1oxkv78', '55cb293a-abe9-11ec-a020-120ba98bd27c', '55ce0f6f-abe9-11ec-a020-120ba98bd27c', NULL, NULL, NULL, NULL, NULL, '', NULL, NULL, NULL, 'admin', '2022-03-25 11:11:59.708', NULL, '2022-03-25 15:42:31.886', 16232178, NULL, 50, NULL, NULL, NULL, '', '2022-03-25 15:42:31.886');
INSERT INTO `act_hi_taskinst` VALUES ('e61e33e2-ac21-11ec-8da2-120ba98bd27c', 2, 'Process_98:5:641f717e-abe7-11ec-aff9-120ba98bd27c', NULL, 'Activity_1oxkv78', 'e60f3fb9-ac21-11ec-8da2-120ba98bd27c', 'e613104e-ac21-11ec-8da2-120ba98bd27c', NULL, NULL, NULL, NULL, NULL, '', NULL, NULL, NULL, 'admin', '2022-03-25 17:56:53.579', NULL, '2022-03-25 17:57:05.106', 11527, '', 50, NULL, NULL, NULL, '', '2022-03-25 17:57:05.106');
INSERT INTO `act_hi_taskinst` VALUES ('f40c559e-ac21-11ec-8da2-120ba98bd27c', 2, 'Process_98:5:641f717e-abe7-11ec-aff9-120ba98bd27c', NULL, 'Activity_1oxkv78', 'f40be065-ac21-11ec-8da2-120ba98bd27c', 'f40c2e8a-ac21-11ec-8da2-120ba98bd27c', NULL, NULL, NULL, NULL, NULL, '', NULL, NULL, NULL, 'admin', '2022-03-25 17:57:16.999', NULL, '2022-03-25 17:57:57.525', 40526, '', 50, NULL, NULL, NULL, '', '2022-03-25 17:57:57.525');

-- ----------------------------
-- Table structure for act_hi_tsk_log
-- ----------------------------
DROP TABLE IF EXISTS `act_hi_tsk_log`;
CREATE TABLE `act_hi_tsk_log`  (
  `ID_` bigint(20) NOT NULL AUTO_INCREMENT,
  `TYPE_` varchar(64) CHARACTER SET utf8 COLLATE utf8_bin DEFAULT NULL,
  `TASK_ID_` varchar(64) CHARACTER SET utf8 COLLATE utf8_bin NOT NULL,
  `TIME_STAMP_` timestamp(3) NOT NULL DEFAULT CURRENT_TIMESTAMP(3) ON UPDATE CURRENT_TIMESTAMP(3),
  `USER_ID_` varchar(255) CHARACTER SET utf8 COLLATE utf8_bin DEFAULT NULL,
  `DATA_` varchar(4000) CHARACTER SET utf8 COLLATE utf8_bin DEFAULT NULL,
  `EXECUTION_ID_` varchar(64) CHARACTER SET utf8 COLLATE utf8_bin DEFAULT NULL,
  `PROC_INST_ID_` varchar(64) CHARACTER SET utf8 COLLATE utf8_bin DEFAULT NULL,
  `PROC_DEF_ID_` varchar(64) CHARACTER SET utf8 COLLATE utf8_bin DEFAULT NULL,
  `SCOPE_ID_` varchar(255) CHARACTER SET utf8 COLLATE utf8_bin DEFAULT NULL,
  `SCOPE_DEFINITION_ID_` varchar(255) CHARACTER SET utf8 COLLATE utf8_bin DEFAULT NULL,
  `SUB_SCOPE_ID_` varchar(255) CHARACTER SET utf8 COLLATE utf8_bin DEFAULT NULL,
  `SCOPE_TYPE_` varchar(255) CHARACTER SET utf8 COLLATE utf8_bin DEFAULT NULL,
  `TENANT_ID_` varchar(255) CHARACTER SET utf8 COLLATE utf8_bin DEFAULT '',
  PRIMARY KEY (`ID_`) USING BTREE
) ENGINE = InnoDB AUTO_INCREMENT = 1 CHARACTER SET = utf8 COLLATE = utf8_bin ROW_FORMAT = Dynamic;

-- ----------------------------
-- Table structure for act_hi_varinst
-- ----------------------------
DROP TABLE IF EXISTS `act_hi_varinst`;
CREATE TABLE `act_hi_varinst`  (
  `ID_` varchar(64) CHARACTER SET utf8 COLLATE utf8_bin NOT NULL,
  `REV_` int(11) DEFAULT 1,
  `PROC_INST_ID_` varchar(64) CHARACTER SET utf8 COLLATE utf8_bin DEFAULT NULL,
  `EXECUTION_ID_` varchar(64) CHARACTER SET utf8 COLLATE utf8_bin DEFAULT NULL,
  `TASK_ID_` varchar(64) CHARACTER SET utf8 COLLATE utf8_bin DEFAULT NULL,
  `NAME_` varchar(255) CHARACTER SET utf8 COLLATE utf8_bin NOT NULL,
  `VAR_TYPE_` varchar(100) CHARACTER SET utf8 COLLATE utf8_bin DEFAULT NULL,
  `SCOPE_ID_` varchar(255) CHARACTER SET utf8 COLLATE utf8_bin DEFAULT NULL,
  `SUB_SCOPE_ID_` varchar(255) CHARACTER SET utf8 COLLATE utf8_bin DEFAULT NULL,
  `SCOPE_TYPE_` varchar(255) CHARACTER SET utf8 COLLATE utf8_bin DEFAULT NULL,
  `BYTEARRAY_ID_` varchar(64) CHARACTER SET utf8 COLLATE utf8_bin DEFAULT NULL,
  `DOUBLE_` double DEFAULT NULL,
  `LONG_` bigint(20) DEFAULT NULL,
  `TEXT_` varchar(4000) CHARACTER SET utf8 COLLATE utf8_bin DEFAULT NULL,
  `TEXT2_` varchar(4000) CHARACTER SET utf8 COLLATE utf8_bin DEFAULT NULL,
  `CREATE_TIME_` datetime(3) DEFAULT NULL,
  `LAST_UPDATED_TIME_` datetime(3) DEFAULT NULL,
  PRIMARY KEY (`ID_`) USING BTREE,
  INDEX `ACT_IDX_HI_PROCVAR_NAME_TYPE`(`NAME_`, `VAR_TYPE_`) USING BTREE,
  INDEX `ACT_IDX_HI_VAR_SCOPE_ID_TYPE`(`SCOPE_ID_`, `SCOPE_TYPE_`) USING BTREE,
  INDEX `ACT_IDX_HI_VAR_SUB_ID_TYPE`(`SUB_SCOPE_ID_`, `SCOPE_TYPE_`) USING BTREE,
  INDEX `ACT_IDX_HI_PROCVAR_PROC_INST`(`PROC_INST_ID_`) USING BTREE,
  INDEX `ACT_IDX_HI_PROCVAR_TASK_ID`(`TASK_ID_`) USING BTREE,
  INDEX `ACT_IDX_HI_PROCVAR_EXE`(`EXECUTION_ID_`) USING BTREE
) ENGINE = InnoDB CHARACTER SET = utf8 COLLATE = utf8_bin ROW_FORMAT = Dynamic;

-- ----------------------------
-- Records of act_hi_varinst
-- ----------------------------
INSERT INTO `act_hi_varinst` VALUES ('0603de80-b648-11ec-bb8d-120ba98bd27c', 0, '05fd9cee-b648-11ec-bb8d-120ba98bd27c', '05fd9cee-b648-11ec-bb8d-120ba98bd27c', NULL, 'gh81mehfdg78e', 'serializable', NULL, NULL, NULL, '0604c8e1-b648-11ec-bb8d-120ba98bd27c', NULL, NULL, NULL, NULL, '2022-04-07 15:54:59.651', '2022-04-07 15:54:59.651');
INSERT INTO `act_hi_varinst` VALUES ('0604eff2-b648-11ec-bb8d-120ba98bd27c', 0, '05fd9cee-b648-11ec-bb8d-120ba98bd27c', '05fd9cee-b648-11ec-bb8d-120ba98bd27c', NULL, 'ea31mehfcrg9b', 'string', NULL, NULL, NULL, NULL, NULL, NULL, '1', NULL, '2022-04-07 15:54:59.653', '2022-04-07 15:54:59.653');
INSERT INTO `act_hi_varinst` VALUES ('0f21ad6c-ab19-11ec-8eaa-120ba98bd27c', 0, '0f1fffba-ab19-11ec-8eaa-120ba98bd27c', '0f1fffba-ab19-11ec-8eaa-120ba98bd27c', NULL, 'gh81mehfdg78e', 'serializable', NULL, NULL, NULL, '0f22229d-ab19-11ec-8eaa-120ba98bd27c', NULL, NULL, NULL, NULL, '2022-03-24 10:21:05.807', '2022-03-24 10:21:05.807');
INSERT INTO `act_hi_varinst` VALUES ('0f22229e-ab19-11ec-8eaa-120ba98bd27c', 0, '0f1fffba-ab19-11ec-8eaa-120ba98bd27c', '0f1fffba-ab19-11ec-8eaa-120ba98bd27c', NULL, 'ea31mehfcrg9b', 'string', NULL, NULL, NULL, NULL, NULL, NULL, '1', NULL, '2022-03-24 10:21:05.807', '2022-03-24 10:21:05.807');
INSERT INTO `act_hi_varinst` VALUES ('0f4c137d-ab50-11ec-9ff3-120ba98bd27c', 0, '0f48df2b-ab50-11ec-9ff3-120ba98bd27c', '0f48df2b-ab50-11ec-9ff3-120ba98bd27c', NULL, 'gh81mehfdg78e', 'serializable', NULL, NULL, NULL, '0f4e0f4e-ab50-11ec-9ff3-120ba98bd27c', NULL, NULL, NULL, NULL, '2022-03-24 16:54:48.414', '2022-03-24 16:54:48.414');
INSERT INTO `act_hi_varinst` VALUES ('0f4e0f4f-ab50-11ec-9ff3-120ba98bd27c', 0, '0f48df2b-ab50-11ec-9ff3-120ba98bd27c', '0f48df2b-ab50-11ec-9ff3-120ba98bd27c', NULL, 'ea31mehfcrg9b', 'string', NULL, NULL, NULL, NULL, NULL, NULL, '1', NULL, '2022-03-24 16:54:48.415', '2022-03-24 16:54:48.415');
INSERT INTO `act_hi_varinst` VALUES ('0fa9fe9c-aa74-11ec-94d9-120ba98bd27c', 0, '0fa877fa-aa74-11ec-94d9-120ba98bd27c', '0fa877fa-aa74-11ec-94d9-120ba98bd27c', NULL, 'gh81mehfdg78e', 'serializable', NULL, NULL, NULL, '0faa73cd-aa74-11ec-94d9-120ba98bd27c', NULL, NULL, NULL, NULL, '2022-03-23 14:39:59.740', '2022-03-23 14:39:59.740');
INSERT INTO `act_hi_varinst` VALUES ('0faa9ade-aa74-11ec-94d9-120ba98bd27c', 0, '0fa877fa-aa74-11ec-94d9-120ba98bd27c', '0fa877fa-aa74-11ec-94d9-120ba98bd27c', NULL, 'ea31mehfcrg9b', 'string', NULL, NULL, NULL, NULL, NULL, NULL, '1', NULL, '2022-03-23 14:39:59.741', '2022-03-23 14:39:59.741');
INSERT INTO `act_hi_varinst` VALUES ('1a2aaac7-ac1f-11ec-aa4c-120ba98bd27c', 0, '1a241b15-ac1f-11ec-aa4c-120ba98bd27c', '1a241b15-ac1f-11ec-aa4c-120ba98bd27c', NULL, 'gh81mehfdg78e', 'serializable', NULL, NULL, NULL, '1a2be348-ac1f-11ec-aa4c-120ba98bd27c', NULL, NULL, NULL, NULL, '2022-03-25 17:36:52.468', '2022-03-25 17:36:52.468');
INSERT INTO `act_hi_varinst` VALUES ('1a2c0a59-ac1f-11ec-aa4c-120ba98bd27c', 0, '1a241b15-ac1f-11ec-aa4c-120ba98bd27c', '1a241b15-ac1f-11ec-aa4c-120ba98bd27c', NULL, 'ea31mehfcrg9b', 'string', NULL, NULL, NULL, NULL, NULL, NULL, '1', NULL, '2022-03-25 17:36:52.470', '2022-03-25 17:36:52.470');
INSERT INTO `act_hi_varinst` VALUES ('3e2f677f-abe4-11ec-8fbe-120ba98bd27c', 0, '3e2e2efd-abe4-11ec-8fbe-120ba98bd27c', '3e2e2efd-abe4-11ec-8fbe-120ba98bd27c', NULL, 'gh81mehfdg78e', 'serializable', NULL, NULL, NULL, '3e2fb5a0-abe4-11ec-8fbe-120ba98bd27c', NULL, NULL, NULL, NULL, '2022-03-25 10:35:32.585', '2022-03-25 10:35:32.585');
INSERT INTO `act_hi_varinst` VALUES ('3e2fdcb1-abe4-11ec-8fbe-120ba98bd27c', 0, '3e2e2efd-abe4-11ec-8fbe-120ba98bd27c', '3e2e2efd-abe4-11ec-8fbe-120ba98bd27c', NULL, 'ea31mehfcrg9b', 'string', NULL, NULL, NULL, NULL, NULL, NULL, '1', NULL, '2022-03-25 10:35:32.586', '2022-03-25 10:35:32.586');
INSERT INTO `act_hi_varinst` VALUES ('43080ce2-ab5a-11ec-b0a4-120ba98bd27c', 0, '43080ce0-ab5a-11ec-b0a4-120ba98bd27c', '43080ce0-ab5a-11ec-b0a4-120ba98bd27c', NULL, 'gh81mehfdg78e', 'serializable', NULL, NULL, NULL, '43080ce3-ab5a-11ec-b0a4-120ba98bd27c', NULL, NULL, NULL, NULL, '2022-03-24 18:07:50.165', '2022-03-24 18:07:50.165');
INSERT INTO `act_hi_varinst` VALUES ('43080ce4-ab5a-11ec-b0a4-120ba98bd27c', 0, '43080ce0-ab5a-11ec-b0a4-120ba98bd27c', '43080ce0-ab5a-11ec-b0a4-120ba98bd27c', NULL, 'ea31mehfcrg9b', 'string', NULL, NULL, NULL, NULL, NULL, NULL, '12', NULL, '2022-03-24 18:07:50.165', '2022-03-24 18:07:50.165');
INSERT INTO `act_hi_varinst` VALUES ('43d9c09b-abe4-11ec-8fbe-120ba98bd27c', 0, '43d99989-abe4-11ec-8fbe-120ba98bd27c', '43d99989-abe4-11ec-8fbe-120ba98bd27c', NULL, 'gh81mehfdg78e', 'serializable', NULL, NULL, NULL, '43d9c09c-abe4-11ec-8fbe-120ba98bd27c', NULL, NULL, NULL, NULL, '2022-03-25 10:35:42.088', '2022-03-25 10:35:42.088');
INSERT INTO `act_hi_varinst` VALUES ('43d9c09d-abe4-11ec-8fbe-120ba98bd27c', 0, '43d99989-abe4-11ec-8fbe-120ba98bd27c', '43d99989-abe4-11ec-8fbe-120ba98bd27c', NULL, 'ea31mehfcrg9b', 'string', NULL, NULL, NULL, NULL, NULL, NULL, '1', NULL, '2022-03-25 10:35:42.088', '2022-03-25 10:35:42.088');
INSERT INTO `act_hi_varinst` VALUES ('55cd250c-abe9-11ec-a020-120ba98bd27c', 0, '55cb293a-abe9-11ec-a020-120ba98bd27c', '55cb293a-abe9-11ec-a020-120ba98bd27c', NULL, 'gh81mehfdg78e', 'serializable', NULL, NULL, NULL, '55cde85d-abe9-11ec-a020-120ba98bd27c', NULL, NULL, NULL, NULL, '2022-03-25 11:11:59.693', '2022-03-25 11:11:59.693');
INSERT INTO `act_hi_varinst` VALUES ('55cde85e-abe9-11ec-a020-120ba98bd27c', 0, '55cb293a-abe9-11ec-a020-120ba98bd27c', '55cb293a-abe9-11ec-a020-120ba98bd27c', NULL, 'ea31mehfcrg9b', 'string', NULL, NULL, NULL, NULL, NULL, NULL, '1', NULL, '2022-03-25 11:11:59.693', '2022-03-25 11:11:59.693');
INSERT INTO `act_hi_varinst` VALUES ('6c889c71-abe7-11ec-aff9-120ba98bd27c', 0, '6c85b63f-abe7-11ec-aff9-120ba98bd27c', '6c85b63f-abe7-11ec-aff9-120ba98bd27c', NULL, 'gh81mehfdg78e', 'serializable', NULL, NULL, NULL, '6c8a9842-abe7-11ec-aff9-120ba98bd27c', NULL, NULL, NULL, NULL, '2022-03-25 10:58:18.846', '2022-03-25 10:58:18.846');
INSERT INTO `act_hi_varinst` VALUES ('6c8a9843-abe7-11ec-aff9-120ba98bd27c', 0, '6c85b63f-abe7-11ec-aff9-120ba98bd27c', '6c85b63f-abe7-11ec-aff9-120ba98bd27c', NULL, 'ea31mehfcrg9b', 'string', NULL, NULL, NULL, NULL, NULL, NULL, '1', NULL, '2022-03-25 10:58:18.847', '2022-03-25 10:58:18.847');
INSERT INTO `act_hi_varinst` VALUES ('a907de9c-aa7a-11ec-94d9-120ba98bd27c', 0, 'a9067f0a-aa7a-11ec-94d9-120ba98bd27c', 'a9067f0a-aa7a-11ec-94d9-120ba98bd27c', NULL, 'gh81mehfdg78e', 'serializable', NULL, NULL, NULL, 'a907de9d-aa7a-11ec-94d9-120ba98bd27c', NULL, NULL, NULL, NULL, '2022-03-23 15:27:14.024', '2022-03-23 15:27:14.024');
INSERT INTO `act_hi_varinst` VALUES ('a907de9e-aa7a-11ec-94d9-120ba98bd27c', 0, 'a9067f0a-aa7a-11ec-94d9-120ba98bd27c', 'a9067f0a-aa7a-11ec-94d9-120ba98bd27c', NULL, 'ea31mehfcrg9b', 'string', NULL, NULL, NULL, NULL, NULL, NULL, '1', NULL, '2022-03-23 15:27:14.024', '2022-03-23 15:27:14.024');
INSERT INTO `act_hi_varinst` VALUES ('b2730d02-ab15-11ec-bbcf-120ba98bd27c', 0, 'b26b1dc0-ab15-11ec-bbcf-120ba98bd27c', 'b26b1dc0-ab15-11ec-bbcf-120ba98bd27c', NULL, 'gh81mehfdg78e', 'serializable', NULL, NULL, NULL, 'b274bab3-ab15-11ec-bbcf-120ba98bd27c', NULL, NULL, NULL, NULL, '2022-03-24 09:57:01.827', '2022-03-24 09:57:01.827');
INSERT INTO `act_hi_varinst` VALUES ('b274e1c4-ab15-11ec-bbcf-120ba98bd27c', 0, 'b26b1dc0-ab15-11ec-bbcf-120ba98bd27c', 'b26b1dc0-ab15-11ec-bbcf-120ba98bd27c', NULL, 'ea31mehfcrg9b', 'string', NULL, NULL, NULL, NULL, NULL, NULL, '1', NULL, '2022-03-24 09:57:01.831', '2022-03-24 09:57:01.831');
INSERT INTO `act_hi_varinst` VALUES ('bdc536cc-ab59-11ec-bd70-120ba98bd27c', 0, 'bdc3b02a-ab59-11ec-bd70-120ba98bd27c', 'bdc3b02a-ab59-11ec-bd70-120ba98bd27c', NULL, 'gh81mehfdg78e', 'serializable', NULL, NULL, NULL, 'bdc5abfd-ab59-11ec-bd70-120ba98bd27c', NULL, NULL, NULL, NULL, '2022-03-24 18:04:06.593', '2022-03-24 18:04:06.593');
INSERT INTO `act_hi_varinst` VALUES ('bdc5d30e-ab59-11ec-bd70-120ba98bd27c', 0, 'bdc3b02a-ab59-11ec-bd70-120ba98bd27c', 'bdc3b02a-ab59-11ec-bd70-120ba98bd27c', NULL, 'ea31mehfcrg9b', 'string', NULL, NULL, NULL, NULL, NULL, NULL, '1', NULL, '2022-03-24 18:04:06.594', '2022-03-24 18:04:06.594');
INSERT INTO `act_hi_varinst` VALUES ('d90175b4-abe3-11ec-b0a4-120ba98bd27c', 0, 'd9012792-abe3-11ec-b0a4-120ba98bd27c', 'd9012792-abe3-11ec-b0a4-120ba98bd27c', NULL, 'gh81mehfdg78e', 'serializable', NULL, NULL, NULL, 'd901c3d5-abe3-11ec-b0a4-120ba98bd27c', NULL, NULL, NULL, NULL, '2022-03-25 10:32:42.833', '2022-03-25 10:32:42.833');
INSERT INTO `act_hi_varinst` VALUES ('d901c3d6-abe3-11ec-b0a4-120ba98bd27c', 0, 'd9012792-abe3-11ec-b0a4-120ba98bd27c', 'd9012792-abe3-11ec-b0a4-120ba98bd27c', NULL, 'ea31mehfcrg9b', 'string', NULL, NULL, NULL, NULL, NULL, NULL, '1', NULL, '2022-03-25 10:32:42.834', '2022-03-25 10:32:42.834');
INSERT INTO `act_hi_varinst` VALUES ('e1f2c4a7-aa72-11ec-9688-120ba98bd27c', 0, 'e1f18c25-aa72-11ec-9688-120ba98bd27c', 'e1f18c25-aa72-11ec-9688-120ba98bd27c', NULL, 'gh81mehfdg78e', 'serializable', NULL, NULL, NULL, 'e1f360e8-aa72-11ec-9688-120ba98bd27c', NULL, NULL, NULL, NULL, '2022-03-23 14:31:33.545', '2022-03-23 14:31:33.545');
INSERT INTO `act_hi_varinst` VALUES ('e1f360e9-aa72-11ec-9688-120ba98bd27c', 0, 'e1f18c25-aa72-11ec-9688-120ba98bd27c', 'e1f18c25-aa72-11ec-9688-120ba98bd27c', NULL, 'ea31mehfcrg9b', 'string', NULL, NULL, NULL, NULL, NULL, NULL, '1', NULL, '2022-03-23 14:31:33.546', '2022-03-23 14:31:33.546');
INSERT INTO `act_hi_varinst` VALUES ('e611fedb-ac21-11ec-8da2-120ba98bd27c', 0, 'e60f3fb9-ac21-11ec-8da2-120ba98bd27c', 'e60f3fb9-ac21-11ec-8da2-120ba98bd27c', NULL, 'gh81mehfdg78e', 'serializable', NULL, NULL, NULL, 'e612e93c-ac21-11ec-8da2-120ba98bd27c', NULL, NULL, NULL, NULL, '2022-03-25 17:56:53.553', '2022-03-25 17:56:53.553');
INSERT INTO `act_hi_varinst` VALUES ('e612e93d-ac21-11ec-8da2-120ba98bd27c', 0, 'e60f3fb9-ac21-11ec-8da2-120ba98bd27c', 'e60f3fb9-ac21-11ec-8da2-120ba98bd27c', NULL, 'ea31mehfcrg9b', 'string', NULL, NULL, NULL, NULL, NULL, NULL, '1', NULL, '2022-03-25 17:56:53.554', '2022-03-25 17:56:53.554');
INSERT INTO `act_hi_varinst` VALUES ('f40c0777-ac21-11ec-8da2-120ba98bd27c', 0, 'f40be065-ac21-11ec-8da2-120ba98bd27c', 'f40be065-ac21-11ec-8da2-120ba98bd27c', NULL, 'gh81mehfdg78e', 'serializable', NULL, NULL, NULL, 'f40c0778-ac21-11ec-8da2-120ba98bd27c', NULL, NULL, NULL, NULL, '2022-03-25 17:57:16.997', '2022-03-25 17:57:16.997');
INSERT INTO `act_hi_varinst` VALUES ('f40c2e89-ac21-11ec-8da2-120ba98bd27c', 0, 'f40be065-ac21-11ec-8da2-120ba98bd27c', 'f40be065-ac21-11ec-8da2-120ba98bd27c', NULL, 'ea31mehfcrg9b', 'string', NULL, NULL, NULL, NULL, NULL, NULL, '1', NULL, '2022-03-25 17:57:16.998', '2022-03-25 17:57:16.998');
INSERT INTO `act_hi_varinst` VALUES ('fc806f98-aa6f-11ec-9b90-120ba98bd27c', 0, 'fc7db076-aa6f-11ec-9b90-120ba98bd27c', 'fc7db076-aa6f-11ec-9b90-120ba98bd27c', NULL, 'gh81mehfdg78e', 'serializable', NULL, NULL, NULL, 'fc829279-aa6f-11ec-9b90-120ba98bd27c', NULL, NULL, NULL, NULL, '2022-03-23 14:10:49.615', '2022-03-23 14:10:49.615');
INSERT INTO `act_hi_varinst` VALUES ('fc82927a-aa6f-11ec-9b90-120ba98bd27c', 0, 'fc7db076-aa6f-11ec-9b90-120ba98bd27c', 'fc7db076-aa6f-11ec-9b90-120ba98bd27c', NULL, 'ea31mehfcrg9b', 'string', NULL, NULL, NULL, NULL, NULL, NULL, '1', NULL, '2022-03-23 14:10:49.615', '2022-03-23 14:10:49.615');

-- ----------------------------
-- Table structure for act_id_bytearray
-- ----------------------------
DROP TABLE IF EXISTS `act_id_bytearray`;
CREATE TABLE `act_id_bytearray`  (
  `ID_` varchar(64) CHARACTER SET utf8 COLLATE utf8_bin NOT NULL,
  `REV_` int(11) DEFAULT NULL,
  `NAME_` varchar(255) CHARACTER SET utf8 COLLATE utf8_bin DEFAULT NULL,
  `BYTES_` longblob,
  PRIMARY KEY (`ID_`) USING BTREE
) ENGINE = InnoDB CHARACTER SET = utf8 COLLATE = utf8_bin ROW_FORMAT = Dynamic;

-- ----------------------------
-- Table structure for act_id_group
-- ----------------------------
DROP TABLE IF EXISTS `act_id_group`;
CREATE TABLE `act_id_group`  (
  `ID_` varchar(64) CHARACTER SET utf8 COLLATE utf8_bin NOT NULL,
  `REV_` int(11) DEFAULT NULL,
  `NAME_` varchar(255) CHARACTER SET utf8 COLLATE utf8_bin DEFAULT NULL,
  `TYPE_` varchar(255) CHARACTER SET utf8 COLLATE utf8_bin DEFAULT NULL,
  PRIMARY KEY (`ID_`) USING BTREE
) ENGINE = InnoDB CHARACTER SET = utf8 COLLATE = utf8_bin ROW_FORMAT = Dynamic;

-- ----------------------------
-- Table structure for act_id_info
-- ----------------------------
DROP TABLE IF EXISTS `act_id_info`;
CREATE TABLE `act_id_info`  (
  `ID_` varchar(64) CHARACTER SET utf8 COLLATE utf8_bin NOT NULL,
  `REV_` int(11) DEFAULT NULL,
  `USER_ID_` varchar(64) CHARACTER SET utf8 COLLATE utf8_bin DEFAULT NULL,
  `TYPE_` varchar(64) CHARACTER SET utf8 COLLATE utf8_bin DEFAULT NULL,
  `KEY_` varchar(255) CHARACTER SET utf8 COLLATE utf8_bin DEFAULT NULL,
  `VALUE_` varchar(255) CHARACTER SET utf8 COLLATE utf8_bin DEFAULT NULL,
  `PASSWORD_` longblob,
  `PARENT_ID_` varchar(255) CHARACTER SET utf8 COLLATE utf8_bin DEFAULT NULL,
  PRIMARY KEY (`ID_`) USING BTREE
) ENGINE = InnoDB CHARACTER SET = utf8 COLLATE = utf8_bin ROW_FORMAT = Dynamic;

-- ----------------------------
-- Table structure for act_id_membership
-- ----------------------------
DROP TABLE IF EXISTS `act_id_membership`;
CREATE TABLE `act_id_membership`  (
  `USER_ID_` varchar(64) CHARACTER SET utf8 COLLATE utf8_bin NOT NULL,
  `GROUP_ID_` varchar(64) CHARACTER SET utf8 COLLATE utf8_bin NOT NULL,
  PRIMARY KEY (`USER_ID_`, `GROUP_ID_`) USING BTREE,
  INDEX `ACT_FK_MEMB_GROUP`(`GROUP_ID_`) USING BTREE,
  CONSTRAINT `ACT_FK_MEMB_GROUP` FOREIGN KEY (`GROUP_ID_`) REFERENCES `act_id_group` (`ID_`) ON DELETE RESTRICT ON UPDATE RESTRICT,
  CONSTRAINT `ACT_FK_MEMB_USER` FOREIGN KEY (`USER_ID_`) REFERENCES `act_id_user` (`ID_`) ON DELETE RESTRICT ON UPDATE RESTRICT
) ENGINE = InnoDB CHARACTER SET = utf8 COLLATE = utf8_bin ROW_FORMAT = Dynamic;

-- ----------------------------
-- Table structure for act_id_priv
-- ----------------------------
DROP TABLE IF EXISTS `act_id_priv`;
CREATE TABLE `act_id_priv`  (
  `ID_` varchar(64) CHARACTER SET utf8 COLLATE utf8_bin NOT NULL,
  `NAME_` varchar(255) CHARACTER SET utf8 COLLATE utf8_bin NOT NULL,
  PRIMARY KEY (`ID_`) USING BTREE,
  UNIQUE INDEX `ACT_UNIQ_PRIV_NAME`(`NAME_`) USING BTREE
) ENGINE = InnoDB CHARACTER SET = utf8 COLLATE = utf8_bin ROW_FORMAT = Dynamic;

-- ----------------------------
-- Table structure for act_id_priv_mapping
-- ----------------------------
DROP TABLE IF EXISTS `act_id_priv_mapping`;
CREATE TABLE `act_id_priv_mapping`  (
  `ID_` varchar(64) CHARACTER SET utf8 COLLATE utf8_bin NOT NULL,
  `PRIV_ID_` varchar(64) CHARACTER SET utf8 COLLATE utf8_bin NOT NULL,
  `USER_ID_` varchar(255) CHARACTER SET utf8 COLLATE utf8_bin DEFAULT NULL,
  `GROUP_ID_` varchar(255) CHARACTER SET utf8 COLLATE utf8_bin DEFAULT NULL,
  PRIMARY KEY (`ID_`) USING BTREE,
  INDEX `ACT_FK_PRIV_MAPPING`(`PRIV_ID_`) USING BTREE,
  INDEX `ACT_IDX_PRIV_USER`(`USER_ID_`) USING BTREE,
  INDEX `ACT_IDX_PRIV_GROUP`(`GROUP_ID_`) USING BTREE,
  CONSTRAINT `ACT_FK_PRIV_MAPPING` FOREIGN KEY (`PRIV_ID_`) REFERENCES `act_id_priv` (`ID_`) ON DELETE RESTRICT ON UPDATE RESTRICT
) ENGINE = InnoDB CHARACTER SET = utf8 COLLATE = utf8_bin ROW_FORMAT = Dynamic;

-- ----------------------------
-- Table structure for act_id_property
-- ----------------------------
DROP TABLE IF EXISTS `act_id_property`;
CREATE TABLE `act_id_property`  (
  `NAME_` varchar(64) CHARACTER SET utf8 COLLATE utf8_bin NOT NULL,
  `VALUE_` varchar(300) CHARACTER SET utf8 COLLATE utf8_bin DEFAULT NULL,
  `REV_` int(11) DEFAULT NULL,
  PRIMARY KEY (`NAME_`) USING BTREE
) ENGINE = InnoDB CHARACTER SET = utf8 COLLATE = utf8_bin ROW_FORMAT = Dynamic;

-- ----------------------------
-- Records of act_id_property
-- ----------------------------
INSERT INTO `act_id_property` VALUES ('schema.version', '6.7.0.0', 1);

-- ----------------------------
-- Table structure for act_id_token
-- ----------------------------
DROP TABLE IF EXISTS `act_id_token`;
CREATE TABLE `act_id_token`  (
  `ID_` varchar(64) CHARACTER SET utf8 COLLATE utf8_bin NOT NULL,
  `REV_` int(11) DEFAULT NULL,
  `TOKEN_VALUE_` varchar(255) CHARACTER SET utf8 COLLATE utf8_bin DEFAULT NULL,
  `TOKEN_DATE_` timestamp(3) NOT NULL DEFAULT CURRENT_TIMESTAMP(3) ON UPDATE CURRENT_TIMESTAMP(3),
  `IP_ADDRESS_` varchar(255) CHARACTER SET utf8 COLLATE utf8_bin DEFAULT NULL,
  `USER_AGENT_` varchar(255) CHARACTER SET utf8 COLLATE utf8_bin DEFAULT NULL,
  `USER_ID_` varchar(255) CHARACTER SET utf8 COLLATE utf8_bin DEFAULT NULL,
  `TOKEN_DATA_` varchar(2000) CHARACTER SET utf8 COLLATE utf8_bin DEFAULT NULL,
  PRIMARY KEY (`ID_`) USING BTREE
) ENGINE = InnoDB CHARACTER SET = utf8 COLLATE = utf8_bin ROW_FORMAT = Dynamic;

-- ----------------------------
-- Table structure for act_id_user
-- ----------------------------
DROP TABLE IF EXISTS `act_id_user`;
CREATE TABLE `act_id_user`  (
  `ID_` varchar(64) CHARACTER SET utf8 COLLATE utf8_bin NOT NULL,
  `REV_` int(11) DEFAULT NULL,
  `FIRST_` varchar(255) CHARACTER SET utf8 COLLATE utf8_bin DEFAULT NULL,
  `LAST_` varchar(255) CHARACTER SET utf8 COLLATE utf8_bin DEFAULT NULL,
  `DISPLAY_NAME_` varchar(255) CHARACTER SET utf8 COLLATE utf8_bin DEFAULT NULL,
  `EMAIL_` varchar(255) CHARACTER SET utf8 COLLATE utf8_bin DEFAULT NULL,
  `PWD_` varchar(255) CHARACTER SET utf8 COLLATE utf8_bin DEFAULT NULL,
  `PICTURE_ID_` varchar(64) CHARACTER SET utf8 COLLATE utf8_bin DEFAULT NULL,
  `TENANT_ID_` varchar(255) CHARACTER SET utf8 COLLATE utf8_bin DEFAULT '',
  PRIMARY KEY (`ID_`) USING BTREE
) ENGINE = InnoDB CHARACTER SET = utf8 COLLATE = utf8_bin ROW_FORMAT = Dynamic;

-- ----------------------------
-- Table structure for act_procdef_info
-- ----------------------------
DROP TABLE IF EXISTS `act_procdef_info`;
CREATE TABLE `act_procdef_info`  (
  `ID_` varchar(64) CHARACTER SET utf8 COLLATE utf8_bin NOT NULL,
  `PROC_DEF_ID_` varchar(64) CHARACTER SET utf8 COLLATE utf8_bin NOT NULL,
  `REV_` int(11) DEFAULT NULL,
  `INFO_JSON_ID_` varchar(64) CHARACTER SET utf8 COLLATE utf8_bin DEFAULT NULL,
  PRIMARY KEY (`ID_`) USING BTREE,
  UNIQUE INDEX `ACT_UNIQ_INFO_PROCDEF`(`PROC_DEF_ID_`) USING BTREE,
  INDEX `ACT_IDX_INFO_PROCDEF`(`PROC_DEF_ID_`) USING BTREE,
  INDEX `ACT_FK_INFO_JSON_BA`(`INFO_JSON_ID_`) USING BTREE,
  CONSTRAINT `ACT_FK_INFO_JSON_BA` FOREIGN KEY (`INFO_JSON_ID_`) REFERENCES `act_ge_bytearray` (`ID_`) ON DELETE RESTRICT ON UPDATE RESTRICT,
  CONSTRAINT `ACT_FK_INFO_PROCDEF` FOREIGN KEY (`PROC_DEF_ID_`) REFERENCES `act_re_procdef` (`ID_`) ON DELETE RESTRICT ON UPDATE RESTRICT
) ENGINE = InnoDB CHARACTER SET = utf8 COLLATE = utf8_bin ROW_FORMAT = Dynamic;

-- ----------------------------
-- Table structure for act_re_deployment
-- ----------------------------
DROP TABLE IF EXISTS `act_re_deployment`;
CREATE TABLE `act_re_deployment`  (
  `ID_` varchar(64) CHARACTER SET utf8 COLLATE utf8_bin NOT NULL,
  `NAME_` varchar(255) CHARACTER SET utf8 COLLATE utf8_bin DEFAULT NULL,
  `CATEGORY_` varchar(255) CHARACTER SET utf8 COLLATE utf8_bin DEFAULT NULL,
  `KEY_` varchar(255) CHARACTER SET utf8 COLLATE utf8_bin DEFAULT NULL,
  `TENANT_ID_` varchar(255) CHARACTER SET utf8 COLLATE utf8_bin DEFAULT '',
  `DEPLOY_TIME_` timestamp(3) DEFAULT NULL,
  `DERIVED_FROM_` varchar(64) CHARACTER SET utf8 COLLATE utf8_bin DEFAULT NULL,
  `DERIVED_FROM_ROOT_` varchar(64) CHARACTER SET utf8 COLLATE utf8_bin DEFAULT NULL,
  `PARENT_DEPLOYMENT_ID_` varchar(255) CHARACTER SET utf8 COLLATE utf8_bin DEFAULT NULL,
  `ENGINE_VERSION_` varchar(255) CHARACTER SET utf8 COLLATE utf8_bin DEFAULT NULL,
  PRIMARY KEY (`ID_`) USING BTREE
) ENGINE = InnoDB CHARACTER SET = utf8 COLLATE = utf8_bin ROW_FORMAT = Dynamic;

-- ----------------------------
-- Records of act_re_deployment
-- ----------------------------
INSERT INTO `act_re_deployment` VALUES ('02829ba7-ab50-11ec-9ff3-120ba98bd27c', NULL, NULL, NULL, '', '2022-03-24 16:54:26.949', NULL, NULL, '02829ba7-ab50-11ec-9ff3-120ba98bd27c', NULL);
INSERT INTO `act_re_deployment` VALUES ('6160874a-b644-11ec-bb8d-120ba98bd27c', NULL, NULL, NULL, '', '2022-04-07 15:28:54.937', NULL, NULL, '6160874a-b644-11ec-bb8d-120ba98bd27c', NULL);
INSERT INTO `act_re_deployment` VALUES ('632ecfeb-abe7-11ec-aff9-120ba98bd27c', NULL, NULL, NULL, '', '2022-03-25 10:58:03.145', NULL, NULL, '632ecfeb-abe7-11ec-aff9-120ba98bd27c', NULL);
INSERT INTO `act_re_deployment` VALUES ('751fc2ff-ab4d-11ec-bb42-120ba98bd27c', NULL, NULL, NULL, '', '2022-03-24 16:36:10.749', NULL, NULL, '751fc2ff-ab4d-11ec-bb42-120ba98bd27c', NULL);
INSERT INTO `act_re_deployment` VALUES ('772916ce-abe3-11ec-b0a4-120ba98bd27c', NULL, NULL, NULL, '', '2022-03-25 10:29:58.675', NULL, NULL, '772916ce-abe3-11ec-b0a4-120ba98bd27c', NULL);
INSERT INTO `act_re_deployment` VALUES ('8199d192-abe3-11ec-b0a4-120ba98bd27c', NULL, NULL, NULL, '', '2022-03-25 10:30:16.191', NULL, NULL, '8199d192-abe3-11ec-b0a4-120ba98bd27c', NULL);
INSERT INTO `act_re_deployment` VALUES ('89d630e3-ab4d-11ec-bb42-120ba98bd27c', NULL, NULL, NULL, '', '2022-03-24 16:36:45.499', NULL, NULL, '89d630e3-ab4d-11ec-bb42-120ba98bd27c', NULL);
INSERT INTO `act_re_deployment` VALUES ('a2bbee56-aa7a-11ec-94d9-120ba98bd27c', NULL, NULL, NULL, '', '2022-03-23 15:27:03.451', NULL, NULL, 'a2bbee56-aa7a-11ec-94d9-120ba98bd27c', NULL);
INSERT INTO `act_re_deployment` VALUES ('d346a1de-abe3-11ec-b0a4-120ba98bd27c', NULL, NULL, NULL, '', '2022-03-25 10:32:33.219', NULL, NULL, 'd346a1de-abe3-11ec-b0a4-120ba98bd27c', NULL);
INSERT INTO `act_re_deployment` VALUES ('edc783d2-aa6f-11ec-9b90-120ba98bd27c', NULL, NULL, NULL, '', '2022-03-23 14:10:24.900', NULL, NULL, 'edc783d2-aa6f-11ec-9b90-120ba98bd27c', NULL);

-- ----------------------------
-- Table structure for act_re_model
-- ----------------------------
DROP TABLE IF EXISTS `act_re_model`;
CREATE TABLE `act_re_model`  (
  `ID_` varchar(64) CHARACTER SET utf8 COLLATE utf8_bin NOT NULL,
  `REV_` int(11) DEFAULT NULL,
  `NAME_` varchar(255) CHARACTER SET utf8 COLLATE utf8_bin DEFAULT NULL,
  `KEY_` varchar(255) CHARACTER SET utf8 COLLATE utf8_bin DEFAULT NULL,
  `CATEGORY_` varchar(255) CHARACTER SET utf8 COLLATE utf8_bin DEFAULT NULL,
  `CREATE_TIME_` timestamp(3) DEFAULT NULL,
  `LAST_UPDATE_TIME_` timestamp(3) DEFAULT NULL,
  `VERSION_` int(11) DEFAULT NULL,
  `META_INFO_` varchar(4000) CHARACTER SET utf8 COLLATE utf8_bin DEFAULT NULL,
  `DEPLOYMENT_ID_` varchar(64) CHARACTER SET utf8 COLLATE utf8_bin DEFAULT NULL,
  `EDITOR_SOURCE_VALUE_ID_` varchar(64) CHARACTER SET utf8 COLLATE utf8_bin DEFAULT NULL,
  `EDITOR_SOURCE_EXTRA_VALUE_ID_` varchar(64) CHARACTER SET utf8 COLLATE utf8_bin DEFAULT NULL,
  `TENANT_ID_` varchar(255) CHARACTER SET utf8 COLLATE utf8_bin DEFAULT '',
  PRIMARY KEY (`ID_`) USING BTREE,
  INDEX `ACT_FK_MODEL_SOURCE`(`EDITOR_SOURCE_VALUE_ID_`) USING BTREE,
  INDEX `ACT_FK_MODEL_SOURCE_EXTRA`(`EDITOR_SOURCE_EXTRA_VALUE_ID_`) USING BTREE,
  INDEX `ACT_FK_MODEL_DEPLOYMENT`(`DEPLOYMENT_ID_`) USING BTREE,
  CONSTRAINT `ACT_FK_MODEL_DEPLOYMENT` FOREIGN KEY (`DEPLOYMENT_ID_`) REFERENCES `act_re_deployment` (`ID_`) ON DELETE RESTRICT ON UPDATE RESTRICT,
  CONSTRAINT `ACT_FK_MODEL_SOURCE` FOREIGN KEY (`EDITOR_SOURCE_VALUE_ID_`) REFERENCES `act_ge_bytearray` (`ID_`) ON DELETE RESTRICT ON UPDATE RESTRICT,
  CONSTRAINT `ACT_FK_MODEL_SOURCE_EXTRA` FOREIGN KEY (`EDITOR_SOURCE_EXTRA_VALUE_ID_`) REFERENCES `act_ge_bytearray` (`ID_`) ON DELETE RESTRICT ON UPDATE RESTRICT
) ENGINE = InnoDB CHARACTER SET = utf8 COLLATE = utf8_bin ROW_FORMAT = Dynamic;

-- ----------------------------
-- Table structure for act_re_procdef
-- ----------------------------
DROP TABLE IF EXISTS `act_re_procdef`;
CREATE TABLE `act_re_procdef`  (
  `ID_` varchar(64) CHARACTER SET utf8 COLLATE utf8_bin NOT NULL,
  `REV_` int(11) DEFAULT NULL,
  `CATEGORY_` varchar(255) CHARACTER SET utf8 COLLATE utf8_bin DEFAULT NULL,
  `NAME_` varchar(255) CHARACTER SET utf8 COLLATE utf8_bin DEFAULT NULL,
  `KEY_` varchar(255) CHARACTER SET utf8 COLLATE utf8_bin NOT NULL,
  `VERSION_` int(11) NOT NULL,
  `DEPLOYMENT_ID_` varchar(64) CHARACTER SET utf8 COLLATE utf8_bin DEFAULT NULL,
  `RESOURCE_NAME_` varchar(4000) CHARACTER SET utf8 COLLATE utf8_bin DEFAULT NULL,
  `DGRM_RESOURCE_NAME_` varchar(4000) CHARACTER SET utf8 COLLATE utf8_bin DEFAULT NULL,
  `DESCRIPTION_` varchar(4000) CHARACTER SET utf8 COLLATE utf8_bin DEFAULT NULL,
  `HAS_START_FORM_KEY_` tinyint(4) DEFAULT NULL,
  `HAS_GRAPHICAL_NOTATION_` tinyint(4) DEFAULT NULL,
  `SUSPENSION_STATE_` int(11) DEFAULT NULL,
  `TENANT_ID_` varchar(255) CHARACTER SET utf8 COLLATE utf8_bin DEFAULT '',
  `ENGINE_VERSION_` varchar(255) CHARACTER SET utf8 COLLATE utf8_bin DEFAULT NULL,
  `DERIVED_FROM_` varchar(64) CHARACTER SET utf8 COLLATE utf8_bin DEFAULT NULL,
  `DERIVED_FROM_ROOT_` varchar(64) CHARACTER SET utf8 COLLATE utf8_bin DEFAULT NULL,
  `DERIVED_VERSION_` int(11) NOT NULL DEFAULT 0,
  PRIMARY KEY (`ID_`) USING BTREE,
  UNIQUE INDEX `ACT_UNIQ_PROCDEF`(`KEY_`, `VERSION_`, `DERIVED_VERSION_`, `TENANT_ID_`) USING BTREE
) ENGINE = InnoDB CHARACTER SET = utf8 COLLATE = utf8_bin ROW_FORMAT = Dynamic;

-- ----------------------------
-- Records of act_re_procdef
-- ----------------------------
INSERT INTO `act_re_procdef` VALUES ('Process_1648110644871:1:763e7972-ab4d-11ec-bb42-120ba98bd27c', 2, 'http://flowable.org/bpmn', '_1648110644871', 'Process_1648110644871', 1, '751fc2ff-ab4d-11ec-bb42-120ba98bd27c', 'Process_96.bpmn20.xml', 'Process_96.Process_1648110644871.png', NULL, 0, 1, 2, '', NULL, NULL, NULL, 0);
INSERT INTO `act_re_procdef` VALUES ('Process_1648110644871:2:8a32cfd6-ab4d-11ec-bb42-120ba98bd27c', 1, 'http://flowable.org/bpmn', '_1648110644871', 'Process_1648110644871', 2, '89d630e3-ab4d-11ec-bb42-120ba98bd27c', 'Process_96.bpmn20.xml', 'Process_96.Process_1648110644871.png', NULL, 0, 1, 1, '', NULL, NULL, NULL, 0);
INSERT INTO `act_re_procdef` VALUES ('Process_95:1:eedb3dc5-aa6f-11ec-9b90-120ba98bd27c', 2, 'http://flowable.org/bpmn', '', 'Process_95', 1, 'edc783d2-aa6f-11ec-9b90-120ba98bd27c', 'Process_95.bpmn20.xml', 'Process_95.Process_95.png', NULL, 0, 1, 2, '', NULL, NULL, NULL, 0);
INSERT INTO `act_re_procdef` VALUES ('Process_95:2:a40907c9-aa7a-11ec-94d9-120ba98bd27c', 1, 'http://flowable.org/bpmn', '', 'Process_95', 2, 'a2bbee56-aa7a-11ec-94d9-120ba98bd27c', 'Process_95.bpmn20.xml', 'Process_95.Process_95.png', NULL, 0, 1, 1, '', NULL, NULL, NULL, 0);
INSERT INTO `act_re_procdef` VALUES ('Process_98:1:03a1c74a-ab50-11ec-9ff3-120ba98bd27c', 2, 'http://flowable.org/bpmn', '', 'Process_98', 1, '02829ba7-ab50-11ec-9ff3-120ba98bd27c', 'Process_98.bpmn20.xml', 'Process_98.Process_98.png', NULL, 0, 1, 2, '', NULL, NULL, NULL, 0);
INSERT INTO `act_re_procdef` VALUES ('Process_98:2:78492cd1-abe3-11ec-b0a4-120ba98bd27c', 2, 'http://flowable.org/bpmn', '', 'Process_98', 2, '772916ce-abe3-11ec-b0a4-120ba98bd27c', 'Process_98.bpmn20.xml', 'Process_98.Process_98.png', NULL, 0, 1, 2, '', NULL, NULL, NULL, 0);
INSERT INTO `act_re_procdef` VALUES ('Process_98:3:81ff7135-abe3-11ec-b0a4-120ba98bd27c', 2, 'http://flowable.org/bpmn', '', 'Process_98', 3, '8199d192-abe3-11ec-b0a4-120ba98bd27c', 'Process_98.bpmn20.xml', 'Process_98.Process_98.png', NULL, 0, 1, 2, '', NULL, NULL, NULL, 0);
INSERT INTO `act_re_procdef` VALUES ('Process_98:4:d397f631-abe3-11ec-b0a4-120ba98bd27c', 2, 'http://flowable.org/bpmn', '', 'Process_98', 4, 'd346a1de-abe3-11ec-b0a4-120ba98bd27c', 'Process_98.bpmn20.xml', 'Process_98.Process_98.png', NULL, 0, 1, 2, '', NULL, NULL, NULL, 0);
INSERT INTO `act_re_procdef` VALUES ('Process_98:5:641f717e-abe7-11ec-aff9-120ba98bd27c', 2, 'http://flowable.org/bpmn', '', 'Process_98', 5, '632ecfeb-abe7-11ec-aff9-120ba98bd27c', 'Process_98.bpmn20.xml', 'Process_98.Process_98.png', NULL, 0, 1, 2, '', NULL, NULL, NULL, 0);
INSERT INTO `act_re_procdef` VALUES ('Process_98:6:62a0a86d-b644-11ec-bb8d-120ba98bd27c', 1, 'http://flowable.org/bpmn', '', 'Process_98', 6, '6160874a-b644-11ec-bb8d-120ba98bd27c', 'Process_98.bpmn20.xml', 'Process_98.Process_98.png', NULL, 0, 1, 1, '', NULL, NULL, NULL, 0);

-- ----------------------------
-- Table structure for act_ru_actinst
-- ----------------------------
DROP TABLE IF EXISTS `act_ru_actinst`;
CREATE TABLE `act_ru_actinst`  (
  `ID_` varchar(64) CHARACTER SET utf8 COLLATE utf8_bin NOT NULL,
  `REV_` int(11) DEFAULT 1,
  `PROC_DEF_ID_` varchar(64) CHARACTER SET utf8 COLLATE utf8_bin NOT NULL,
  `PROC_INST_ID_` varchar(64) CHARACTER SET utf8 COLLATE utf8_bin NOT NULL,
  `EXECUTION_ID_` varchar(64) CHARACTER SET utf8 COLLATE utf8_bin NOT NULL,
  `ACT_ID_` varchar(255) CHARACTER SET utf8 COLLATE utf8_bin NOT NULL,
  `TASK_ID_` varchar(64) CHARACTER SET utf8 COLLATE utf8_bin DEFAULT NULL,
  `CALL_PROC_INST_ID_` varchar(64) CHARACTER SET utf8 COLLATE utf8_bin DEFAULT NULL,
  `ACT_NAME_` varchar(255) CHARACTER SET utf8 COLLATE utf8_bin DEFAULT NULL,
  `ACT_TYPE_` varchar(255) CHARACTER SET utf8 COLLATE utf8_bin NOT NULL,
  `ASSIGNEE_` varchar(255) CHARACTER SET utf8 COLLATE utf8_bin DEFAULT NULL,
  `START_TIME_` datetime(3) NOT NULL,
  `END_TIME_` datetime(3) DEFAULT NULL,
  `DURATION_` bigint(20) DEFAULT NULL,
  `TRANSACTION_ORDER_` int(11) DEFAULT NULL,
  `DELETE_REASON_` varchar(4000) CHARACTER SET utf8 COLLATE utf8_bin DEFAULT NULL,
  `TENANT_ID_` varchar(255) CHARACTER SET utf8 COLLATE utf8_bin DEFAULT '',
  PRIMARY KEY (`ID_`) USING BTREE,
  INDEX `ACT_IDX_RU_ACTI_START`(`START_TIME_`) USING BTREE,
  INDEX `ACT_IDX_RU_ACTI_END`(`END_TIME_`) USING BTREE,
  INDEX `ACT_IDX_RU_ACTI_PROC`(`PROC_INST_ID_`) USING BTREE,
  INDEX `ACT_IDX_RU_ACTI_PROC_ACT`(`PROC_INST_ID_`, `ACT_ID_`) USING BTREE,
  INDEX `ACT_IDX_RU_ACTI_EXEC`(`EXECUTION_ID_`) USING BTREE,
  INDEX `ACT_IDX_RU_ACTI_EXEC_ACT`(`EXECUTION_ID_`, `ACT_ID_`) USING BTREE,
  INDEX `ACT_IDX_RU_ACTI_TASK`(`TASK_ID_`) USING BTREE
) ENGINE = InnoDB CHARACTER SET = utf8 COLLATE = utf8_bin ROW_FORMAT = Dynamic;

-- ----------------------------
-- Records of act_ru_actinst
-- ----------------------------
INSERT INTO `act_ru_actinst` VALUES ('06051704-b648-11ec-bb8d-120ba98bd27c', 1, 'Process_98:6:62a0a86d-b644-11ec-bb8d-120ba98bd27c', '05fd9cee-b648-11ec-bb8d-120ba98bd27c', '0604eff3-b648-11ec-bb8d-120ba98bd27c', 'Event_1jx5j7s', NULL, NULL, NULL, 'startEvent', NULL, '2022-04-07 15:54:59.654', '2022-04-07 15:54:59.669', 15, 1, NULL, '');
INSERT INTO `act_ru_actinst` VALUES ('0607fd35-b648-11ec-bb8d-120ba98bd27c', 1, 'Process_98:6:62a0a86d-b644-11ec-bb8d-120ba98bd27c', '05fd9cee-b648-11ec-bb8d-120ba98bd27c', '0604eff3-b648-11ec-bb8d-120ba98bd27c', 'Flow_00wnvq7', NULL, NULL, NULL, 'sequenceFlow', NULL, '2022-04-07 15:54:59.673', '2022-04-07 15:54:59.673', 0, 2, NULL, '');
INSERT INTO `act_ru_actinst` VALUES ('06082446-b648-11ec-bb8d-120ba98bd27c', 1, 'Process_98:6:62a0a86d-b644-11ec-bb8d-120ba98bd27c', '05fd9cee-b648-11ec-bb8d-120ba98bd27c', '0604eff3-b648-11ec-bb8d-120ba98bd27c', 'Activity_1oxkv78', '061124f7-b648-11ec-bb8d-120ba98bd27c', NULL, '', 'userTask', 'admin', '2022-04-07 15:54:59.674', NULL, NULL, 3, NULL, '');

-- ----------------------------
-- Table structure for act_ru_deadletter_job
-- ----------------------------
DROP TABLE IF EXISTS `act_ru_deadletter_job`;
CREATE TABLE `act_ru_deadletter_job`  (
  `ID_` varchar(64) CHARACTER SET utf8 COLLATE utf8_bin NOT NULL,
  `REV_` int(11) DEFAULT NULL,
  `CATEGORY_` varchar(255) CHARACTER SET utf8 COLLATE utf8_bin DEFAULT NULL,
  `TYPE_` varchar(255) CHARACTER SET utf8 COLLATE utf8_bin NOT NULL,
  `EXCLUSIVE_` tinyint(1) DEFAULT NULL,
  `EXECUTION_ID_` varchar(64) CHARACTER SET utf8 COLLATE utf8_bin DEFAULT NULL,
  `PROCESS_INSTANCE_ID_` varchar(64) CHARACTER SET utf8 COLLATE utf8_bin DEFAULT NULL,
  `PROC_DEF_ID_` varchar(64) CHARACTER SET utf8 COLLATE utf8_bin DEFAULT NULL,
  `ELEMENT_ID_` varchar(255) CHARACTER SET utf8 COLLATE utf8_bin DEFAULT NULL,
  `ELEMENT_NAME_` varchar(255) CHARACTER SET utf8 COLLATE utf8_bin DEFAULT NULL,
  `SCOPE_ID_` varchar(255) CHARACTER SET utf8 COLLATE utf8_bin DEFAULT NULL,
  `SUB_SCOPE_ID_` varchar(255) CHARACTER SET utf8 COLLATE utf8_bin DEFAULT NULL,
  `SCOPE_TYPE_` varchar(255) CHARACTER SET utf8 COLLATE utf8_bin DEFAULT NULL,
  `SCOPE_DEFINITION_ID_` varchar(255) CHARACTER SET utf8 COLLATE utf8_bin DEFAULT NULL,
  `CORRELATION_ID_` varchar(255) CHARACTER SET utf8 COLLATE utf8_bin DEFAULT NULL,
  `EXCEPTION_STACK_ID_` varchar(64) CHARACTER SET utf8 COLLATE utf8_bin DEFAULT NULL,
  `EXCEPTION_MSG_` varchar(4000) CHARACTER SET utf8 COLLATE utf8_bin DEFAULT NULL,
  `DUEDATE_` timestamp(3) DEFAULT NULL,
  `REPEAT_` varchar(255) CHARACTER SET utf8 COLLATE utf8_bin DEFAULT NULL,
  `HANDLER_TYPE_` varchar(255) CHARACTER SET utf8 COLLATE utf8_bin DEFAULT NULL,
  `HANDLER_CFG_` varchar(4000) CHARACTER SET utf8 COLLATE utf8_bin DEFAULT NULL,
  `CUSTOM_VALUES_ID_` varchar(64) CHARACTER SET utf8 COLLATE utf8_bin DEFAULT NULL,
  `CREATE_TIME_` timestamp(3) DEFAULT NULL,
  `TENANT_ID_` varchar(255) CHARACTER SET utf8 COLLATE utf8_bin DEFAULT '',
  PRIMARY KEY (`ID_`) USING BTREE,
  INDEX `ACT_IDX_DEADLETTER_JOB_EXCEPTION_STACK_ID`(`EXCEPTION_STACK_ID_`) USING BTREE,
  INDEX `ACT_IDX_DEADLETTER_JOB_CUSTOM_VALUES_ID`(`CUSTOM_VALUES_ID_`) USING BTREE,
  INDEX `ACT_IDX_DEADLETTER_JOB_CORRELATION_ID`(`CORRELATION_ID_`) USING BTREE,
  INDEX `ACT_IDX_DJOB_SCOPE`(`SCOPE_ID_`, `SCOPE_TYPE_`) USING BTREE,
  INDEX `ACT_IDX_DJOB_SUB_SCOPE`(`SUB_SCOPE_ID_`, `SCOPE_TYPE_`) USING BTREE,
  INDEX `ACT_IDX_DJOB_SCOPE_DEF`(`SCOPE_DEFINITION_ID_`, `SCOPE_TYPE_`) USING BTREE,
  INDEX `ACT_FK_DEADLETTER_JOB_EXECUTION`(`EXECUTION_ID_`) USING BTREE,
  INDEX `ACT_FK_DEADLETTER_JOB_PROCESS_INSTANCE`(`PROCESS_INSTANCE_ID_`) USING BTREE,
  INDEX `ACT_FK_DEADLETTER_JOB_PROC_DEF`(`PROC_DEF_ID_`) USING BTREE,
  CONSTRAINT `ACT_FK_DEADLETTER_JOB_CUSTOM_VALUES` FOREIGN KEY (`CUSTOM_VALUES_ID_`) REFERENCES `act_ge_bytearray` (`ID_`) ON DELETE RESTRICT ON UPDATE RESTRICT,
  CONSTRAINT `ACT_FK_DEADLETTER_JOB_EXCEPTION` FOREIGN KEY (`EXCEPTION_STACK_ID_`) REFERENCES `act_ge_bytearray` (`ID_`) ON DELETE RESTRICT ON UPDATE RESTRICT,
  CONSTRAINT `ACT_FK_DEADLETTER_JOB_EXECUTION` FOREIGN KEY (`EXECUTION_ID_`) REFERENCES `act_ru_execution` (`ID_`) ON DELETE RESTRICT ON UPDATE RESTRICT,
  CONSTRAINT `ACT_FK_DEADLETTER_JOB_PROCESS_INSTANCE` FOREIGN KEY (`PROCESS_INSTANCE_ID_`) REFERENCES `act_ru_execution` (`ID_`) ON DELETE RESTRICT ON UPDATE RESTRICT,
  CONSTRAINT `ACT_FK_DEADLETTER_JOB_PROC_DEF` FOREIGN KEY (`PROC_DEF_ID_`) REFERENCES `act_re_procdef` (`ID_`) ON DELETE RESTRICT ON UPDATE RESTRICT
) ENGINE = InnoDB CHARACTER SET = utf8 COLLATE = utf8_bin ROW_FORMAT = Dynamic;

-- ----------------------------
-- Table structure for act_ru_entitylink
-- ----------------------------
DROP TABLE IF EXISTS `act_ru_entitylink`;
CREATE TABLE `act_ru_entitylink`  (
  `ID_` varchar(64) CHARACTER SET utf8 COLLATE utf8_bin NOT NULL,
  `REV_` int(11) DEFAULT NULL,
  `CREATE_TIME_` datetime(3) DEFAULT NULL,
  `LINK_TYPE_` varchar(255) CHARACTER SET utf8 COLLATE utf8_bin DEFAULT NULL,
  `SCOPE_ID_` varchar(255) CHARACTER SET utf8 COLLATE utf8_bin DEFAULT NULL,
  `SUB_SCOPE_ID_` varchar(255) CHARACTER SET utf8 COLLATE utf8_bin DEFAULT NULL,
  `SCOPE_TYPE_` varchar(255) CHARACTER SET utf8 COLLATE utf8_bin DEFAULT NULL,
  `SCOPE_DEFINITION_ID_` varchar(255) CHARACTER SET utf8 COLLATE utf8_bin DEFAULT NULL,
  `PARENT_ELEMENT_ID_` varchar(255) CHARACTER SET utf8 COLLATE utf8_bin DEFAULT NULL,
  `REF_SCOPE_ID_` varchar(255) CHARACTER SET utf8 COLLATE utf8_bin DEFAULT NULL,
  `REF_SCOPE_TYPE_` varchar(255) CHARACTER SET utf8 COLLATE utf8_bin DEFAULT NULL,
  `REF_SCOPE_DEFINITION_ID_` varchar(255) CHARACTER SET utf8 COLLATE utf8_bin DEFAULT NULL,
  `ROOT_SCOPE_ID_` varchar(255) CHARACTER SET utf8 COLLATE utf8_bin DEFAULT NULL,
  `ROOT_SCOPE_TYPE_` varchar(255) CHARACTER SET utf8 COLLATE utf8_bin DEFAULT NULL,
  `HIERARCHY_TYPE_` varchar(255) CHARACTER SET utf8 COLLATE utf8_bin DEFAULT NULL,
  PRIMARY KEY (`ID_`) USING BTREE,
  INDEX `ACT_IDX_ENT_LNK_SCOPE`(`SCOPE_ID_`, `SCOPE_TYPE_`, `LINK_TYPE_`) USING BTREE,
  INDEX `ACT_IDX_ENT_LNK_REF_SCOPE`(`REF_SCOPE_ID_`, `REF_SCOPE_TYPE_`, `LINK_TYPE_`) USING BTREE,
  INDEX `ACT_IDX_ENT_LNK_ROOT_SCOPE`(`ROOT_SCOPE_ID_`, `ROOT_SCOPE_TYPE_`, `LINK_TYPE_`) USING BTREE,
  INDEX `ACT_IDX_ENT_LNK_SCOPE_DEF`(`SCOPE_DEFINITION_ID_`, `SCOPE_TYPE_`, `LINK_TYPE_`) USING BTREE
) ENGINE = InnoDB CHARACTER SET = utf8 COLLATE = utf8_bin ROW_FORMAT = Dynamic;

-- ----------------------------
-- Table structure for act_ru_event_subscr
-- ----------------------------
DROP TABLE IF EXISTS `act_ru_event_subscr`;
CREATE TABLE `act_ru_event_subscr`  (
  `ID_` varchar(64) CHARACTER SET utf8 COLLATE utf8_bin NOT NULL,
  `REV_` int(11) DEFAULT NULL,
  `EVENT_TYPE_` varchar(255) CHARACTER SET utf8 COLLATE utf8_bin NOT NULL,
  `EVENT_NAME_` varchar(255) CHARACTER SET utf8 COLLATE utf8_bin DEFAULT NULL,
  `EXECUTION_ID_` varchar(64) CHARACTER SET utf8 COLLATE utf8_bin DEFAULT NULL,
  `PROC_INST_ID_` varchar(64) CHARACTER SET utf8 COLLATE utf8_bin DEFAULT NULL,
  `ACTIVITY_ID_` varchar(64) CHARACTER SET utf8 COLLATE utf8_bin DEFAULT NULL,
  `CONFIGURATION_` varchar(255) CHARACTER SET utf8 COLLATE utf8_bin DEFAULT NULL,
  `CREATED_` timestamp(3) NOT NULL DEFAULT CURRENT_TIMESTAMP(3),
  `PROC_DEF_ID_` varchar(64) CHARACTER SET utf8 COLLATE utf8_bin DEFAULT NULL,
  `SUB_SCOPE_ID_` varchar(64) CHARACTER SET utf8 COLLATE utf8_bin DEFAULT NULL,
  `SCOPE_ID_` varchar(64) CHARACTER SET utf8 COLLATE utf8_bin DEFAULT NULL,
  `SCOPE_DEFINITION_ID_` varchar(64) CHARACTER SET utf8 COLLATE utf8_bin DEFAULT NULL,
  `SCOPE_TYPE_` varchar(64) CHARACTER SET utf8 COLLATE utf8_bin DEFAULT NULL,
  `TENANT_ID_` varchar(255) CHARACTER SET utf8 COLLATE utf8_bin DEFAULT '',
  PRIMARY KEY (`ID_`) USING BTREE,
  INDEX `ACT_IDX_EVENT_SUBSCR_CONFIG_`(`CONFIGURATION_`) USING BTREE,
  INDEX `ACT_FK_EVENT_EXEC`(`EXECUTION_ID_`) USING BTREE,
  CONSTRAINT `ACT_FK_EVENT_EXEC` FOREIGN KEY (`EXECUTION_ID_`) REFERENCES `act_ru_execution` (`ID_`) ON DELETE RESTRICT ON UPDATE RESTRICT
) ENGINE = InnoDB CHARACTER SET = utf8 COLLATE = utf8_bin ROW_FORMAT = Dynamic;

-- ----------------------------
-- Table structure for act_ru_execution
-- ----------------------------
DROP TABLE IF EXISTS `act_ru_execution`;
CREATE TABLE `act_ru_execution`  (
  `ID_` varchar(64) CHARACTER SET utf8 COLLATE utf8_bin NOT NULL,
  `REV_` int(11) DEFAULT NULL,
  `PROC_INST_ID_` varchar(64) CHARACTER SET utf8 COLLATE utf8_bin DEFAULT NULL,
  `BUSINESS_KEY_` varchar(255) CHARACTER SET utf8 COLLATE utf8_bin DEFAULT NULL,
  `PARENT_ID_` varchar(64) CHARACTER SET utf8 COLLATE utf8_bin DEFAULT NULL,
  `PROC_DEF_ID_` varchar(64) CHARACTER SET utf8 COLLATE utf8_bin DEFAULT NULL,
  `SUPER_EXEC_` varchar(64) CHARACTER SET utf8 COLLATE utf8_bin DEFAULT NULL,
  `ROOT_PROC_INST_ID_` varchar(64) CHARACTER SET utf8 COLLATE utf8_bin DEFAULT NULL,
  `ACT_ID_` varchar(255) CHARACTER SET utf8 COLLATE utf8_bin DEFAULT NULL,
  `IS_ACTIVE_` tinyint(4) DEFAULT NULL,
  `IS_CONCURRENT_` tinyint(4) DEFAULT NULL,
  `IS_SCOPE_` tinyint(4) DEFAULT NULL,
  `IS_EVENT_SCOPE_` tinyint(4) DEFAULT NULL,
  `IS_MI_ROOT_` tinyint(4) DEFAULT NULL,
  `SUSPENSION_STATE_` int(11) DEFAULT NULL,
  `CACHED_ENT_STATE_` int(11) DEFAULT NULL,
  `TENANT_ID_` varchar(255) CHARACTER SET utf8 COLLATE utf8_bin DEFAULT '',
  `NAME_` varchar(255) CHARACTER SET utf8 COLLATE utf8_bin DEFAULT NULL,
  `START_ACT_ID_` varchar(255) CHARACTER SET utf8 COLLATE utf8_bin DEFAULT NULL,
  `START_TIME_` datetime(3) DEFAULT NULL,
  `START_USER_ID_` varchar(255) CHARACTER SET utf8 COLLATE utf8_bin DEFAULT NULL,
  `LOCK_TIME_` timestamp(3) DEFAULT NULL,
  `LOCK_OWNER_` varchar(255) CHARACTER SET utf8 COLLATE utf8_bin DEFAULT NULL,
  `IS_COUNT_ENABLED_` tinyint(4) DEFAULT NULL,
  `EVT_SUBSCR_COUNT_` int(11) DEFAULT NULL,
  `TASK_COUNT_` int(11) DEFAULT NULL,
  `JOB_COUNT_` int(11) DEFAULT NULL,
  `TIMER_JOB_COUNT_` int(11) DEFAULT NULL,
  `SUSP_JOB_COUNT_` int(11) DEFAULT NULL,
  `DEADLETTER_JOB_COUNT_` int(11) DEFAULT NULL,
  `EXTERNAL_WORKER_JOB_COUNT_` int(11) DEFAULT NULL,
  `VAR_COUNT_` int(11) DEFAULT NULL,
  `ID_LINK_COUNT_` int(11) DEFAULT NULL,
  `CALLBACK_ID_` varchar(255) CHARACTER SET utf8 COLLATE utf8_bin DEFAULT NULL,
  `CALLBACK_TYPE_` varchar(255) CHARACTER SET utf8 COLLATE utf8_bin DEFAULT NULL,
  `REFERENCE_ID_` varchar(255) CHARACTER SET utf8 COLLATE utf8_bin DEFAULT NULL,
  `REFERENCE_TYPE_` varchar(255) CHARACTER SET utf8 COLLATE utf8_bin DEFAULT NULL,
  `PROPAGATED_STAGE_INST_ID_` varchar(255) CHARACTER SET utf8 COLLATE utf8_bin DEFAULT NULL,
  PRIMARY KEY (`ID_`) USING BTREE,
  INDEX `ACT_IDX_EXEC_BUSKEY`(`BUSINESS_KEY_`) USING BTREE,
  INDEX `ACT_IDC_EXEC_ROOT`(`ROOT_PROC_INST_ID_`) USING BTREE,
  INDEX `ACT_IDX_EXEC_REF_ID_`(`REFERENCE_ID_`) USING BTREE,
  INDEX `ACT_FK_EXE_PROCINST`(`PROC_INST_ID_`) USING BTREE,
  INDEX `ACT_FK_EXE_PARENT`(`PARENT_ID_`) USING BTREE,
  INDEX `ACT_FK_EXE_SUPER`(`SUPER_EXEC_`) USING BTREE,
  INDEX `ACT_FK_EXE_PROCDEF`(`PROC_DEF_ID_`) USING BTREE,
  CONSTRAINT `ACT_FK_EXE_PARENT` FOREIGN KEY (`PARENT_ID_`) REFERENCES `act_ru_execution` (`ID_`) ON DELETE CASCADE ON UPDATE RESTRICT,
  CONSTRAINT `ACT_FK_EXE_PROCDEF` FOREIGN KEY (`PROC_DEF_ID_`) REFERENCES `act_re_procdef` (`ID_`) ON DELETE RESTRICT ON UPDATE RESTRICT,
  CONSTRAINT `ACT_FK_EXE_PROCINST` FOREIGN KEY (`PROC_INST_ID_`) REFERENCES `act_ru_execution` (`ID_`) ON DELETE CASCADE ON UPDATE CASCADE,
  CONSTRAINT `ACT_FK_EXE_SUPER` FOREIGN KEY (`SUPER_EXEC_`) REFERENCES `act_ru_execution` (`ID_`) ON DELETE CASCADE ON UPDATE RESTRICT
) ENGINE = InnoDB CHARACTER SET = utf8 COLLATE = utf8_bin ROW_FORMAT = Dynamic;

-- ----------------------------
-- Records of act_ru_execution
-- ----------------------------
INSERT INTO `act_ru_execution` VALUES ('05fd9cee-b648-11ec-bb8d-120ba98bd27c', 1, '05fd9cee-b648-11ec-bb8d-120ba98bd27c', NULL, NULL, 'Process_98:6:62a0a86d-b644-11ec-bb8d-120ba98bd27c', NULL, '05fd9cee-b648-11ec-bb8d-120ba98bd27c', NULL, 1, 0, 1, 0, 0, 1, NULL, '', NULL, 'Event_1jx5j7s', '2022-04-07 15:54:59.605', NULL, NULL, NULL, 1, 0, 0, 0, 0, 0, 0, 0, 0, 0, NULL, NULL, NULL, NULL, NULL);
INSERT INTO `act_ru_execution` VALUES ('0604eff3-b648-11ec-bb8d-120ba98bd27c', 1, '05fd9cee-b648-11ec-bb8d-120ba98bd27c', NULL, '05fd9cee-b648-11ec-bb8d-120ba98bd27c', 'Process_98:6:62a0a86d-b644-11ec-bb8d-120ba98bd27c', NULL, '05fd9cee-b648-11ec-bb8d-120ba98bd27c', 'Activity_1oxkv78', 1, 0, 0, 0, 0, 1, NULL, '', NULL, NULL, '2022-04-07 15:54:59.653', NULL, NULL, NULL, 1, 0, 1, 0, 0, 0, 0, 0, 0, 0, NULL, NULL, NULL, NULL, NULL);

-- ----------------------------
-- Table structure for act_ru_external_job
-- ----------------------------
DROP TABLE IF EXISTS `act_ru_external_job`;
CREATE TABLE `act_ru_external_job`  (
  `ID_` varchar(64) CHARACTER SET utf8 COLLATE utf8_bin NOT NULL,
  `REV_` int(11) DEFAULT NULL,
  `CATEGORY_` varchar(255) CHARACTER SET utf8 COLLATE utf8_bin DEFAULT NULL,
  `TYPE_` varchar(255) CHARACTER SET utf8 COLLATE utf8_bin NOT NULL,
  `LOCK_EXP_TIME_` timestamp(3) DEFAULT NULL,
  `LOCK_OWNER_` varchar(255) CHARACTER SET utf8 COLLATE utf8_bin DEFAULT NULL,
  `EXCLUSIVE_` tinyint(1) DEFAULT NULL,
  `EXECUTION_ID_` varchar(64) CHARACTER SET utf8 COLLATE utf8_bin DEFAULT NULL,
  `PROCESS_INSTANCE_ID_` varchar(64) CHARACTER SET utf8 COLLATE utf8_bin DEFAULT NULL,
  `PROC_DEF_ID_` varchar(64) CHARACTER SET utf8 COLLATE utf8_bin DEFAULT NULL,
  `ELEMENT_ID_` varchar(255) CHARACTER SET utf8 COLLATE utf8_bin DEFAULT NULL,
  `ELEMENT_NAME_` varchar(255) CHARACTER SET utf8 COLLATE utf8_bin DEFAULT NULL,
  `SCOPE_ID_` varchar(255) CHARACTER SET utf8 COLLATE utf8_bin DEFAULT NULL,
  `SUB_SCOPE_ID_` varchar(255) CHARACTER SET utf8 COLLATE utf8_bin DEFAULT NULL,
  `SCOPE_TYPE_` varchar(255) CHARACTER SET utf8 COLLATE utf8_bin DEFAULT NULL,
  `SCOPE_DEFINITION_ID_` varchar(255) CHARACTER SET utf8 COLLATE utf8_bin DEFAULT NULL,
  `CORRELATION_ID_` varchar(255) CHARACTER SET utf8 COLLATE utf8_bin DEFAULT NULL,
  `RETRIES_` int(11) DEFAULT NULL,
  `EXCEPTION_STACK_ID_` varchar(64) CHARACTER SET utf8 COLLATE utf8_bin DEFAULT NULL,
  `EXCEPTION_MSG_` varchar(4000) CHARACTER SET utf8 COLLATE utf8_bin DEFAULT NULL,
  `DUEDATE_` timestamp(3) DEFAULT NULL,
  `REPEAT_` varchar(255) CHARACTER SET utf8 COLLATE utf8_bin DEFAULT NULL,
  `HANDLER_TYPE_` varchar(255) CHARACTER SET utf8 COLLATE utf8_bin DEFAULT NULL,
  `HANDLER_CFG_` varchar(4000) CHARACTER SET utf8 COLLATE utf8_bin DEFAULT NULL,
  `CUSTOM_VALUES_ID_` varchar(64) CHARACTER SET utf8 COLLATE utf8_bin DEFAULT NULL,
  `CREATE_TIME_` timestamp(3) DEFAULT NULL,
  `TENANT_ID_` varchar(255) CHARACTER SET utf8 COLLATE utf8_bin DEFAULT '',
  PRIMARY KEY (`ID_`) USING BTREE,
  INDEX `ACT_IDX_EXTERNAL_JOB_EXCEPTION_STACK_ID`(`EXCEPTION_STACK_ID_`) USING BTREE,
  INDEX `ACT_IDX_EXTERNAL_JOB_CUSTOM_VALUES_ID`(`CUSTOM_VALUES_ID_`) USING BTREE,
  INDEX `ACT_IDX_EXTERNAL_JOB_CORRELATION_ID`(`CORRELATION_ID_`) USING BTREE,
  INDEX `ACT_IDX_EJOB_SCOPE`(`SCOPE_ID_`, `SCOPE_TYPE_`) USING BTREE,
  INDEX `ACT_IDX_EJOB_SUB_SCOPE`(`SUB_SCOPE_ID_`, `SCOPE_TYPE_`) USING BTREE,
  INDEX `ACT_IDX_EJOB_SCOPE_DEF`(`SCOPE_DEFINITION_ID_`, `SCOPE_TYPE_`) USING BTREE,
  CONSTRAINT `ACT_FK_EXTERNAL_JOB_CUSTOM_VALUES` FOREIGN KEY (`CUSTOM_VALUES_ID_`) REFERENCES `act_ge_bytearray` (`ID_`) ON DELETE RESTRICT ON UPDATE RESTRICT,
  CONSTRAINT `ACT_FK_EXTERNAL_JOB_EXCEPTION` FOREIGN KEY (`EXCEPTION_STACK_ID_`) REFERENCES `act_ge_bytearray` (`ID_`) ON DELETE RESTRICT ON UPDATE RESTRICT
) ENGINE = InnoDB CHARACTER SET = utf8 COLLATE = utf8_bin ROW_FORMAT = Dynamic;

-- ----------------------------
-- Table structure for act_ru_history_job
-- ----------------------------
DROP TABLE IF EXISTS `act_ru_history_job`;
CREATE TABLE `act_ru_history_job`  (
  `ID_` varchar(64) CHARACTER SET utf8 COLLATE utf8_bin NOT NULL,
  `REV_` int(11) DEFAULT NULL,
  `LOCK_EXP_TIME_` timestamp(3) DEFAULT NULL,
  `LOCK_OWNER_` varchar(255) CHARACTER SET utf8 COLLATE utf8_bin DEFAULT NULL,
  `RETRIES_` int(11) DEFAULT NULL,
  `EXCEPTION_STACK_ID_` varchar(64) CHARACTER SET utf8 COLLATE utf8_bin DEFAULT NULL,
  `EXCEPTION_MSG_` varchar(4000) CHARACTER SET utf8 COLLATE utf8_bin DEFAULT NULL,
  `HANDLER_TYPE_` varchar(255) CHARACTER SET utf8 COLLATE utf8_bin DEFAULT NULL,
  `HANDLER_CFG_` varchar(4000) CHARACTER SET utf8 COLLATE utf8_bin DEFAULT NULL,
  `CUSTOM_VALUES_ID_` varchar(64) CHARACTER SET utf8 COLLATE utf8_bin DEFAULT NULL,
  `ADV_HANDLER_CFG_ID_` varchar(64) CHARACTER SET utf8 COLLATE utf8_bin DEFAULT NULL,
  `CREATE_TIME_` timestamp(3) DEFAULT NULL,
  `SCOPE_TYPE_` varchar(255) CHARACTER SET utf8 COLLATE utf8_bin DEFAULT NULL,
  `TENANT_ID_` varchar(255) CHARACTER SET utf8 COLLATE utf8_bin DEFAULT '',
  PRIMARY KEY (`ID_`) USING BTREE
) ENGINE = InnoDB CHARACTER SET = utf8 COLLATE = utf8_bin ROW_FORMAT = Dynamic;

-- ----------------------------
-- Table structure for act_ru_identitylink
-- ----------------------------
DROP TABLE IF EXISTS `act_ru_identitylink`;
CREATE TABLE `act_ru_identitylink`  (
  `ID_` varchar(64) CHARACTER SET utf8 COLLATE utf8_bin NOT NULL,
  `REV_` int(11) DEFAULT NULL,
  `GROUP_ID_` varchar(255) CHARACTER SET utf8 COLLATE utf8_bin DEFAULT NULL,
  `TYPE_` varchar(255) CHARACTER SET utf8 COLLATE utf8_bin DEFAULT NULL,
  `USER_ID_` varchar(255) CHARACTER SET utf8 COLLATE utf8_bin DEFAULT NULL,
  `TASK_ID_` varchar(64) CHARACTER SET utf8 COLLATE utf8_bin DEFAULT NULL,
  `PROC_INST_ID_` varchar(64) CHARACTER SET utf8 COLLATE utf8_bin DEFAULT NULL,
  `PROC_DEF_ID_` varchar(64) CHARACTER SET utf8 COLLATE utf8_bin DEFAULT NULL,
  `SCOPE_ID_` varchar(255) CHARACTER SET utf8 COLLATE utf8_bin DEFAULT NULL,
  `SUB_SCOPE_ID_` varchar(255) CHARACTER SET utf8 COLLATE utf8_bin DEFAULT NULL,
  `SCOPE_TYPE_` varchar(255) CHARACTER SET utf8 COLLATE utf8_bin DEFAULT NULL,
  `SCOPE_DEFINITION_ID_` varchar(255) CHARACTER SET utf8 COLLATE utf8_bin DEFAULT NULL,
  PRIMARY KEY (`ID_`) USING BTREE,
  INDEX `ACT_IDX_IDENT_LNK_USER`(`USER_ID_`) USING BTREE,
  INDEX `ACT_IDX_IDENT_LNK_GROUP`(`GROUP_ID_`) USING BTREE,
  INDEX `ACT_IDX_IDENT_LNK_SCOPE`(`SCOPE_ID_`, `SCOPE_TYPE_`) USING BTREE,
  INDEX `ACT_IDX_IDENT_LNK_SUB_SCOPE`(`SUB_SCOPE_ID_`, `SCOPE_TYPE_`) USING BTREE,
  INDEX `ACT_IDX_IDENT_LNK_SCOPE_DEF`(`SCOPE_DEFINITION_ID_`, `SCOPE_TYPE_`) USING BTREE,
  INDEX `ACT_IDX_ATHRZ_PROCEDEF`(`PROC_DEF_ID_`) USING BTREE,
  INDEX `ACT_FK_TSKASS_TASK`(`TASK_ID_`) USING BTREE,
  INDEX `ACT_FK_IDL_PROCINST`(`PROC_INST_ID_`) USING BTREE,
  CONSTRAINT `ACT_FK_ATHRZ_PROCEDEF` FOREIGN KEY (`PROC_DEF_ID_`) REFERENCES `act_re_procdef` (`ID_`) ON DELETE RESTRICT ON UPDATE RESTRICT,
  CONSTRAINT `ACT_FK_IDL_PROCINST` FOREIGN KEY (`PROC_INST_ID_`) REFERENCES `act_ru_execution` (`ID_`) ON DELETE RESTRICT ON UPDATE RESTRICT,
  CONSTRAINT `ACT_FK_TSKASS_TASK` FOREIGN KEY (`TASK_ID_`) REFERENCES `act_ru_task` (`ID_`) ON DELETE RESTRICT ON UPDATE RESTRICT
) ENGINE = InnoDB CHARACTER SET = utf8 COLLATE = utf8_bin ROW_FORMAT = Dynamic;

-- ----------------------------
-- Records of act_ru_identitylink
-- ----------------------------
INSERT INTO `act_ru_identitylink` VALUES ('061320c9-b648-11ec-bb8d-120ba98bd27c', 1, NULL, 'participant', 'admin', NULL, '05fd9cee-b648-11ec-bb8d-120ba98bd27c', NULL, NULL, NULL, NULL, NULL);

-- ----------------------------
-- Table structure for act_ru_job
-- ----------------------------
DROP TABLE IF EXISTS `act_ru_job`;
CREATE TABLE `act_ru_job`  (
  `ID_` varchar(64) CHARACTER SET utf8 COLLATE utf8_bin NOT NULL,
  `REV_` int(11) DEFAULT NULL,
  `CATEGORY_` varchar(255) CHARACTER SET utf8 COLLATE utf8_bin DEFAULT NULL,
  `TYPE_` varchar(255) CHARACTER SET utf8 COLLATE utf8_bin NOT NULL,
  `LOCK_EXP_TIME_` timestamp(3) DEFAULT NULL,
  `LOCK_OWNER_` varchar(255) CHARACTER SET utf8 COLLATE utf8_bin DEFAULT NULL,
  `EXCLUSIVE_` tinyint(1) DEFAULT NULL,
  `EXECUTION_ID_` varchar(64) CHARACTER SET utf8 COLLATE utf8_bin DEFAULT NULL,
  `PROCESS_INSTANCE_ID_` varchar(64) CHARACTER SET utf8 COLLATE utf8_bin DEFAULT NULL,
  `PROC_DEF_ID_` varchar(64) CHARACTER SET utf8 COLLATE utf8_bin DEFAULT NULL,
  `ELEMENT_ID_` varchar(255) CHARACTER SET utf8 COLLATE utf8_bin DEFAULT NULL,
  `ELEMENT_NAME_` varchar(255) CHARACTER SET utf8 COLLATE utf8_bin DEFAULT NULL,
  `SCOPE_ID_` varchar(255) CHARACTER SET utf8 COLLATE utf8_bin DEFAULT NULL,
  `SUB_SCOPE_ID_` varchar(255) CHARACTER SET utf8 COLLATE utf8_bin DEFAULT NULL,
  `SCOPE_TYPE_` varchar(255) CHARACTER SET utf8 COLLATE utf8_bin DEFAULT NULL,
  `SCOPE_DEFINITION_ID_` varchar(255) CHARACTER SET utf8 COLLATE utf8_bin DEFAULT NULL,
  `CORRELATION_ID_` varchar(255) CHARACTER SET utf8 COLLATE utf8_bin DEFAULT NULL,
  `RETRIES_` int(11) DEFAULT NULL,
  `EXCEPTION_STACK_ID_` varchar(64) CHARACTER SET utf8 COLLATE utf8_bin DEFAULT NULL,
  `EXCEPTION_MSG_` varchar(4000) CHARACTER SET utf8 COLLATE utf8_bin DEFAULT NULL,
  `DUEDATE_` timestamp(3) DEFAULT NULL,
  `REPEAT_` varchar(255) CHARACTER SET utf8 COLLATE utf8_bin DEFAULT NULL,
  `HANDLER_TYPE_` varchar(255) CHARACTER SET utf8 COLLATE utf8_bin DEFAULT NULL,
  `HANDLER_CFG_` varchar(4000) CHARACTER SET utf8 COLLATE utf8_bin DEFAULT NULL,
  `CUSTOM_VALUES_ID_` varchar(64) CHARACTER SET utf8 COLLATE utf8_bin DEFAULT NULL,
  `CREATE_TIME_` timestamp(3) DEFAULT NULL,
  `TENANT_ID_` varchar(255) CHARACTER SET utf8 COLLATE utf8_bin DEFAULT '',
  PRIMARY KEY (`ID_`) USING BTREE,
  INDEX `ACT_IDX_JOB_EXCEPTION_STACK_ID`(`EXCEPTION_STACK_ID_`) USING BTREE,
  INDEX `ACT_IDX_JOB_CUSTOM_VALUES_ID`(`CUSTOM_VALUES_ID_`) USING BTREE,
  INDEX `ACT_IDX_JOB_CORRELATION_ID`(`CORRELATION_ID_`) USING BTREE,
  INDEX `ACT_IDX_JOB_SCOPE`(`SCOPE_ID_`, `SCOPE_TYPE_`) USING BTREE,
  INDEX `ACT_IDX_JOB_SUB_SCOPE`(`SUB_SCOPE_ID_`, `SCOPE_TYPE_`) USING BTREE,
  INDEX `ACT_IDX_JOB_SCOPE_DEF`(`SCOPE_DEFINITION_ID_`, `SCOPE_TYPE_`) USING BTREE,
  INDEX `ACT_FK_JOB_EXECUTION`(`EXECUTION_ID_`) USING BTREE,
  INDEX `ACT_FK_JOB_PROCESS_INSTANCE`(`PROCESS_INSTANCE_ID_`) USING BTREE,
  INDEX `ACT_FK_JOB_PROC_DEF`(`PROC_DEF_ID_`) USING BTREE,
  CONSTRAINT `ACT_FK_JOB_CUSTOM_VALUES` FOREIGN KEY (`CUSTOM_VALUES_ID_`) REFERENCES `act_ge_bytearray` (`ID_`) ON DELETE RESTRICT ON UPDATE RESTRICT,
  CONSTRAINT `ACT_FK_JOB_EXCEPTION` FOREIGN KEY (`EXCEPTION_STACK_ID_`) REFERENCES `act_ge_bytearray` (`ID_`) ON DELETE RESTRICT ON UPDATE RESTRICT,
  CONSTRAINT `ACT_FK_JOB_EXECUTION` FOREIGN KEY (`EXECUTION_ID_`) REFERENCES `act_ru_execution` (`ID_`) ON DELETE RESTRICT ON UPDATE RESTRICT,
  CONSTRAINT `ACT_FK_JOB_PROCESS_INSTANCE` FOREIGN KEY (`PROCESS_INSTANCE_ID_`) REFERENCES `act_ru_execution` (`ID_`) ON DELETE RESTRICT ON UPDATE RESTRICT,
  CONSTRAINT `ACT_FK_JOB_PROC_DEF` FOREIGN KEY (`PROC_DEF_ID_`) REFERENCES `act_re_procdef` (`ID_`) ON DELETE RESTRICT ON UPDATE RESTRICT
) ENGINE = InnoDB CHARACTER SET = utf8 COLLATE = utf8_bin ROW_FORMAT = Dynamic;

-- ----------------------------
-- Table structure for act_ru_suspended_job
-- ----------------------------
DROP TABLE IF EXISTS `act_ru_suspended_job`;
CREATE TABLE `act_ru_suspended_job`  (
  `ID_` varchar(64) CHARACTER SET utf8 COLLATE utf8_bin NOT NULL,
  `REV_` int(11) DEFAULT NULL,
  `CATEGORY_` varchar(255) CHARACTER SET utf8 COLLATE utf8_bin DEFAULT NULL,
  `TYPE_` varchar(255) CHARACTER SET utf8 COLLATE utf8_bin NOT NULL,
  `EXCLUSIVE_` tinyint(1) DEFAULT NULL,
  `EXECUTION_ID_` varchar(64) CHARACTER SET utf8 COLLATE utf8_bin DEFAULT NULL,
  `PROCESS_INSTANCE_ID_` varchar(64) CHARACTER SET utf8 COLLATE utf8_bin DEFAULT NULL,
  `PROC_DEF_ID_` varchar(64) CHARACTER SET utf8 COLLATE utf8_bin DEFAULT NULL,
  `ELEMENT_ID_` varchar(255) CHARACTER SET utf8 COLLATE utf8_bin DEFAULT NULL,
  `ELEMENT_NAME_` varchar(255) CHARACTER SET utf8 COLLATE utf8_bin DEFAULT NULL,
  `SCOPE_ID_` varchar(255) CHARACTER SET utf8 COLLATE utf8_bin DEFAULT NULL,
  `SUB_SCOPE_ID_` varchar(255) CHARACTER SET utf8 COLLATE utf8_bin DEFAULT NULL,
  `SCOPE_TYPE_` varchar(255) CHARACTER SET utf8 COLLATE utf8_bin DEFAULT NULL,
  `SCOPE_DEFINITION_ID_` varchar(255) CHARACTER SET utf8 COLLATE utf8_bin DEFAULT NULL,
  `CORRELATION_ID_` varchar(255) CHARACTER SET utf8 COLLATE utf8_bin DEFAULT NULL,
  `RETRIES_` int(11) DEFAULT NULL,
  `EXCEPTION_STACK_ID_` varchar(64) CHARACTER SET utf8 COLLATE utf8_bin DEFAULT NULL,
  `EXCEPTION_MSG_` varchar(4000) CHARACTER SET utf8 COLLATE utf8_bin DEFAULT NULL,
  `DUEDATE_` timestamp(3) DEFAULT NULL,
  `REPEAT_` varchar(255) CHARACTER SET utf8 COLLATE utf8_bin DEFAULT NULL,
  `HANDLER_TYPE_` varchar(255) CHARACTER SET utf8 COLLATE utf8_bin DEFAULT NULL,
  `HANDLER_CFG_` varchar(4000) CHARACTER SET utf8 COLLATE utf8_bin DEFAULT NULL,
  `CUSTOM_VALUES_ID_` varchar(64) CHARACTER SET utf8 COLLATE utf8_bin DEFAULT NULL,
  `CREATE_TIME_` timestamp(3) DEFAULT NULL,
  `TENANT_ID_` varchar(255) CHARACTER SET utf8 COLLATE utf8_bin DEFAULT '',
  PRIMARY KEY (`ID_`) USING BTREE,
  INDEX `ACT_IDX_SUSPENDED_JOB_EXCEPTION_STACK_ID`(`EXCEPTION_STACK_ID_`) USING BTREE,
  INDEX `ACT_IDX_SUSPENDED_JOB_CUSTOM_VALUES_ID`(`CUSTOM_VALUES_ID_`) USING BTREE,
  INDEX `ACT_IDX_SUSPENDED_JOB_CORRELATION_ID`(`CORRELATION_ID_`) USING BTREE,
  INDEX `ACT_IDX_SJOB_SCOPE`(`SCOPE_ID_`, `SCOPE_TYPE_`) USING BTREE,
  INDEX `ACT_IDX_SJOB_SUB_SCOPE`(`SUB_SCOPE_ID_`, `SCOPE_TYPE_`) USING BTREE,
  INDEX `ACT_IDX_SJOB_SCOPE_DEF`(`SCOPE_DEFINITION_ID_`, `SCOPE_TYPE_`) USING BTREE,
  INDEX `ACT_FK_SUSPENDED_JOB_EXECUTION`(`EXECUTION_ID_`) USING BTREE,
  INDEX `ACT_FK_SUSPENDED_JOB_PROCESS_INSTANCE`(`PROCESS_INSTANCE_ID_`) USING BTREE,
  INDEX `ACT_FK_SUSPENDED_JOB_PROC_DEF`(`PROC_DEF_ID_`) USING BTREE,
  CONSTRAINT `ACT_FK_SUSPENDED_JOB_CUSTOM_VALUES` FOREIGN KEY (`CUSTOM_VALUES_ID_`) REFERENCES `act_ge_bytearray` (`ID_`) ON DELETE RESTRICT ON UPDATE RESTRICT,
  CONSTRAINT `ACT_FK_SUSPENDED_JOB_EXCEPTION` FOREIGN KEY (`EXCEPTION_STACK_ID_`) REFERENCES `act_ge_bytearray` (`ID_`) ON DELETE RESTRICT ON UPDATE RESTRICT,
  CONSTRAINT `ACT_FK_SUSPENDED_JOB_EXECUTION` FOREIGN KEY (`EXECUTION_ID_`) REFERENCES `act_ru_execution` (`ID_`) ON DELETE RESTRICT ON UPDATE RESTRICT,
  CONSTRAINT `ACT_FK_SUSPENDED_JOB_PROCESS_INSTANCE` FOREIGN KEY (`PROCESS_INSTANCE_ID_`) REFERENCES `act_ru_execution` (`ID_`) ON DELETE RESTRICT ON UPDATE RESTRICT,
  CONSTRAINT `ACT_FK_SUSPENDED_JOB_PROC_DEF` FOREIGN KEY (`PROC_DEF_ID_`) REFERENCES `act_re_procdef` (`ID_`) ON DELETE RESTRICT ON UPDATE RESTRICT
) ENGINE = InnoDB CHARACTER SET = utf8 COLLATE = utf8_bin ROW_FORMAT = Dynamic;

-- ----------------------------
-- Table structure for act_ru_task
-- ----------------------------
DROP TABLE IF EXISTS `act_ru_task`;
CREATE TABLE `act_ru_task`  (
  `ID_` varchar(64) CHARACTER SET utf8 COLLATE utf8_bin NOT NULL,
  `REV_` int(11) DEFAULT NULL,
  `EXECUTION_ID_` varchar(64) CHARACTER SET utf8 COLLATE utf8_bin DEFAULT NULL,
  `PROC_INST_ID_` varchar(64) CHARACTER SET utf8 COLLATE utf8_bin DEFAULT NULL,
  `PROC_DEF_ID_` varchar(64) CHARACTER SET utf8 COLLATE utf8_bin DEFAULT NULL,
  `TASK_DEF_ID_` varchar(64) CHARACTER SET utf8 COLLATE utf8_bin DEFAULT NULL,
  `SCOPE_ID_` varchar(255) CHARACTER SET utf8 COLLATE utf8_bin DEFAULT NULL,
  `SUB_SCOPE_ID_` varchar(255) CHARACTER SET utf8 COLLATE utf8_bin DEFAULT NULL,
  `SCOPE_TYPE_` varchar(255) CHARACTER SET utf8 COLLATE utf8_bin DEFAULT NULL,
  `SCOPE_DEFINITION_ID_` varchar(255) CHARACTER SET utf8 COLLATE utf8_bin DEFAULT NULL,
  `PROPAGATED_STAGE_INST_ID_` varchar(255) CHARACTER SET utf8 COLLATE utf8_bin DEFAULT NULL,
  `NAME_` varchar(255) CHARACTER SET utf8 COLLATE utf8_bin DEFAULT NULL,
  `PARENT_TASK_ID_` varchar(64) CHARACTER SET utf8 COLLATE utf8_bin DEFAULT NULL,
  `DESCRIPTION_` varchar(4000) CHARACTER SET utf8 COLLATE utf8_bin DEFAULT NULL,
  `TASK_DEF_KEY_` varchar(255) CHARACTER SET utf8 COLLATE utf8_bin DEFAULT NULL,
  `OWNER_` varchar(255) CHARACTER SET utf8 COLLATE utf8_bin DEFAULT NULL,
  `ASSIGNEE_` varchar(255) CHARACTER SET utf8 COLLATE utf8_bin DEFAULT NULL,
  `DELEGATION_` varchar(64) CHARACTER SET utf8 COLLATE utf8_bin DEFAULT NULL,
  `PRIORITY_` int(11) DEFAULT NULL,
  `CREATE_TIME_` timestamp(3) DEFAULT NULL,
  `DUE_DATE_` datetime(3) DEFAULT NULL,
  `CATEGORY_` varchar(255) CHARACTER SET utf8 COLLATE utf8_bin DEFAULT NULL,
  `SUSPENSION_STATE_` int(11) DEFAULT NULL,
  `TENANT_ID_` varchar(255) CHARACTER SET utf8 COLLATE utf8_bin DEFAULT '',
  `FORM_KEY_` varchar(255) CHARACTER SET utf8 COLLATE utf8_bin DEFAULT NULL,
  `CLAIM_TIME_` datetime(3) DEFAULT NULL,
  `IS_COUNT_ENABLED_` tinyint(4) DEFAULT NULL,
  `VAR_COUNT_` int(11) DEFAULT NULL,
  `ID_LINK_COUNT_` int(11) DEFAULT NULL,
  `SUB_TASK_COUNT_` int(11) DEFAULT NULL,
  PRIMARY KEY (`ID_`) USING BTREE,
  INDEX `ACT_IDX_TASK_CREATE`(`CREATE_TIME_`) USING BTREE,
  INDEX `ACT_IDX_TASK_SCOPE`(`SCOPE_ID_`, `SCOPE_TYPE_`) USING BTREE,
  INDEX `ACT_IDX_TASK_SUB_SCOPE`(`SUB_SCOPE_ID_`, `SCOPE_TYPE_`) USING BTREE,
  INDEX `ACT_IDX_TASK_SCOPE_DEF`(`SCOPE_DEFINITION_ID_`, `SCOPE_TYPE_`) USING BTREE,
  INDEX `ACT_FK_TASK_EXE`(`EXECUTION_ID_`) USING BTREE,
  INDEX `ACT_FK_TASK_PROCINST`(`PROC_INST_ID_`) USING BTREE,
  INDEX `ACT_FK_TASK_PROCDEF`(`PROC_DEF_ID_`) USING BTREE,
  CONSTRAINT `ACT_FK_TASK_EXE` FOREIGN KEY (`EXECUTION_ID_`) REFERENCES `act_ru_execution` (`ID_`) ON DELETE RESTRICT ON UPDATE RESTRICT,
  CONSTRAINT `ACT_FK_TASK_PROCDEF` FOREIGN KEY (`PROC_DEF_ID_`) REFERENCES `act_re_procdef` (`ID_`) ON DELETE RESTRICT ON UPDATE RESTRICT,
  CONSTRAINT `ACT_FK_TASK_PROCINST` FOREIGN KEY (`PROC_INST_ID_`) REFERENCES `act_ru_execution` (`ID_`) ON DELETE RESTRICT ON UPDATE RESTRICT
) ENGINE = InnoDB CHARACTER SET = utf8 COLLATE = utf8_bin ROW_FORMAT = Dynamic;

-- ----------------------------
-- Records of act_ru_task
-- ----------------------------
INSERT INTO `act_ru_task` VALUES ('061124f7-b648-11ec-bb8d-120ba98bd27c', 1, '0604eff3-b648-11ec-bb8d-120ba98bd27c', '05fd9cee-b648-11ec-bb8d-120ba98bd27c', 'Process_98:6:62a0a86d-b644-11ec-bb8d-120ba98bd27c', NULL, NULL, NULL, NULL, NULL, NULL, '', NULL, NULL, 'Activity_1oxkv78', NULL, 'admin', NULL, 50, '2022-04-07 15:54:59.677', NULL, NULL, 1, '', NULL, NULL, 1, 0, 0, 0);

-- ----------------------------
-- Table structure for act_ru_timer_job
-- ----------------------------
DROP TABLE IF EXISTS `act_ru_timer_job`;
CREATE TABLE `act_ru_timer_job`  (
  `ID_` varchar(64) CHARACTER SET utf8 COLLATE utf8_bin NOT NULL,
  `REV_` int(11) DEFAULT NULL,
  `CATEGORY_` varchar(255) CHARACTER SET utf8 COLLATE utf8_bin DEFAULT NULL,
  `TYPE_` varchar(255) CHARACTER SET utf8 COLLATE utf8_bin NOT NULL,
  `LOCK_EXP_TIME_` timestamp(3) DEFAULT NULL,
  `LOCK_OWNER_` varchar(255) CHARACTER SET utf8 COLLATE utf8_bin DEFAULT NULL,
  `EXCLUSIVE_` tinyint(1) DEFAULT NULL,
  `EXECUTION_ID_` varchar(64) CHARACTER SET utf8 COLLATE utf8_bin DEFAULT NULL,
  `PROCESS_INSTANCE_ID_` varchar(64) CHARACTER SET utf8 COLLATE utf8_bin DEFAULT NULL,
  `PROC_DEF_ID_` varchar(64) CHARACTER SET utf8 COLLATE utf8_bin DEFAULT NULL,
  `ELEMENT_ID_` varchar(255) CHARACTER SET utf8 COLLATE utf8_bin DEFAULT NULL,
  `ELEMENT_NAME_` varchar(255) CHARACTER SET utf8 COLLATE utf8_bin DEFAULT NULL,
  `SCOPE_ID_` varchar(255) CHARACTER SET utf8 COLLATE utf8_bin DEFAULT NULL,
  `SUB_SCOPE_ID_` varchar(255) CHARACTER SET utf8 COLLATE utf8_bin DEFAULT NULL,
  `SCOPE_TYPE_` varchar(255) CHARACTER SET utf8 COLLATE utf8_bin DEFAULT NULL,
  `SCOPE_DEFINITION_ID_` varchar(255) CHARACTER SET utf8 COLLATE utf8_bin DEFAULT NULL,
  `CORRELATION_ID_` varchar(255) CHARACTER SET utf8 COLLATE utf8_bin DEFAULT NULL,
  `RETRIES_` int(11) DEFAULT NULL,
  `EXCEPTION_STACK_ID_` varchar(64) CHARACTER SET utf8 COLLATE utf8_bin DEFAULT NULL,
  `EXCEPTION_MSG_` varchar(4000) CHARACTER SET utf8 COLLATE utf8_bin DEFAULT NULL,
  `DUEDATE_` timestamp(3) DEFAULT NULL,
  `REPEAT_` varchar(255) CHARACTER SET utf8 COLLATE utf8_bin DEFAULT NULL,
  `HANDLER_TYPE_` varchar(255) CHARACTER SET utf8 COLLATE utf8_bin DEFAULT NULL,
  `HANDLER_CFG_` varchar(4000) CHARACTER SET utf8 COLLATE utf8_bin DEFAULT NULL,
  `CUSTOM_VALUES_ID_` varchar(64) CHARACTER SET utf8 COLLATE utf8_bin DEFAULT NULL,
  `CREATE_TIME_` timestamp(3) DEFAULT NULL,
  `TENANT_ID_` varchar(255) CHARACTER SET utf8 COLLATE utf8_bin DEFAULT '',
  PRIMARY KEY (`ID_`) USING BTREE,
  INDEX `ACT_IDX_TIMER_JOB_EXCEPTION_STACK_ID`(`EXCEPTION_STACK_ID_`) USING BTREE,
  INDEX `ACT_IDX_TIMER_JOB_CUSTOM_VALUES_ID`(`CUSTOM_VALUES_ID_`) USING BTREE,
  INDEX `ACT_IDX_TIMER_JOB_CORRELATION_ID`(`CORRELATION_ID_`) USING BTREE,
  INDEX `ACT_IDX_TIMER_JOB_DUEDATE`(`DUEDATE_`) USING BTREE,
  INDEX `ACT_IDX_TJOB_SCOPE`(`SCOPE_ID_`, `SCOPE_TYPE_`) USING BTREE,
  INDEX `ACT_IDX_TJOB_SUB_SCOPE`(`SUB_SCOPE_ID_`, `SCOPE_TYPE_`) USING BTREE,
  INDEX `ACT_IDX_TJOB_SCOPE_DEF`(`SCOPE_DEFINITION_ID_`, `SCOPE_TYPE_`) USING BTREE,
  INDEX `ACT_FK_TIMER_JOB_EXECUTION`(`EXECUTION_ID_`) USING BTREE,
  INDEX `ACT_FK_TIMER_JOB_PROCESS_INSTANCE`(`PROCESS_INSTANCE_ID_`) USING BTREE,
  INDEX `ACT_FK_TIMER_JOB_PROC_DEF`(`PROC_DEF_ID_`) USING BTREE,
  CONSTRAINT `ACT_FK_TIMER_JOB_CUSTOM_VALUES` FOREIGN KEY (`CUSTOM_VALUES_ID_`) REFERENCES `act_ge_bytearray` (`ID_`) ON DELETE RESTRICT ON UPDATE RESTRICT,
  CONSTRAINT `ACT_FK_TIMER_JOB_EXCEPTION` FOREIGN KEY (`EXCEPTION_STACK_ID_`) REFERENCES `act_ge_bytearray` (`ID_`) ON DELETE RESTRICT ON UPDATE RESTRICT,
  CONSTRAINT `ACT_FK_TIMER_JOB_EXECUTION` FOREIGN KEY (`EXECUTION_ID_`) REFERENCES `act_ru_execution` (`ID_`) ON DELETE RESTRICT ON UPDATE RESTRICT,
  CONSTRAINT `ACT_FK_TIMER_JOB_PROCESS_INSTANCE` FOREIGN KEY (`PROCESS_INSTANCE_ID_`) REFERENCES `act_ru_execution` (`ID_`) ON DELETE RESTRICT ON UPDATE RESTRICT,
  CONSTRAINT `ACT_FK_TIMER_JOB_PROC_DEF` FOREIGN KEY (`PROC_DEF_ID_`) REFERENCES `act_re_procdef` (`ID_`) ON DELETE RESTRICT ON UPDATE RESTRICT
) ENGINE = InnoDB CHARACTER SET = utf8 COLLATE = utf8_bin ROW_FORMAT = Dynamic;

-- ----------------------------
-- Table structure for act_ru_variable
-- ----------------------------
DROP TABLE IF EXISTS `act_ru_variable`;
CREATE TABLE `act_ru_variable`  (
  `ID_` varchar(64) CHARACTER SET utf8 COLLATE utf8_bin NOT NULL,
  `REV_` int(11) DEFAULT NULL,
  `TYPE_` varchar(255) CHARACTER SET utf8 COLLATE utf8_bin NOT NULL,
  `NAME_` varchar(255) CHARACTER SET utf8 COLLATE utf8_bin NOT NULL,
  `EXECUTION_ID_` varchar(64) CHARACTER SET utf8 COLLATE utf8_bin DEFAULT NULL,
  `PROC_INST_ID_` varchar(64) CHARACTER SET utf8 COLLATE utf8_bin DEFAULT NULL,
  `TASK_ID_` varchar(64) CHARACTER SET utf8 COLLATE utf8_bin DEFAULT NULL,
  `SCOPE_ID_` varchar(255) CHARACTER SET utf8 COLLATE utf8_bin DEFAULT NULL,
  `SUB_SCOPE_ID_` varchar(255) CHARACTER SET utf8 COLLATE utf8_bin DEFAULT NULL,
  `SCOPE_TYPE_` varchar(255) CHARACTER SET utf8 COLLATE utf8_bin DEFAULT NULL,
  `BYTEARRAY_ID_` varchar(64) CHARACTER SET utf8 COLLATE utf8_bin DEFAULT NULL,
  `DOUBLE_` double DEFAULT NULL,
  `LONG_` bigint(20) DEFAULT NULL,
  `TEXT_` varchar(4000) CHARACTER SET utf8 COLLATE utf8_bin DEFAULT NULL,
  `TEXT2_` varchar(4000) CHARACTER SET utf8 COLLATE utf8_bin DEFAULT NULL,
  PRIMARY KEY (`ID_`) USING BTREE,
  INDEX `ACT_IDX_RU_VAR_SCOPE_ID_TYPE`(`SCOPE_ID_`, `SCOPE_TYPE_`) USING BTREE,
  INDEX `ACT_IDX_RU_VAR_SUB_ID_TYPE`(`SUB_SCOPE_ID_`, `SCOPE_TYPE_`) USING BTREE,
  INDEX `ACT_FK_VAR_BYTEARRAY`(`BYTEARRAY_ID_`) USING BTREE,
  INDEX `ACT_IDX_VARIABLE_TASK_ID`(`TASK_ID_`) USING BTREE,
  INDEX `ACT_FK_VAR_EXE`(`EXECUTION_ID_`) USING BTREE,
  INDEX `ACT_FK_VAR_PROCINST`(`PROC_INST_ID_`) USING BTREE,
  CONSTRAINT `ACT_FK_VAR_BYTEARRAY` FOREIGN KEY (`BYTEARRAY_ID_`) REFERENCES `act_ge_bytearray` (`ID_`) ON DELETE RESTRICT ON UPDATE RESTRICT,
  CONSTRAINT `ACT_FK_VAR_EXE` FOREIGN KEY (`EXECUTION_ID_`) REFERENCES `act_ru_execution` (`ID_`) ON DELETE RESTRICT ON UPDATE RESTRICT,
  CONSTRAINT `ACT_FK_VAR_PROCINST` FOREIGN KEY (`PROC_INST_ID_`) REFERENCES `act_ru_execution` (`ID_`) ON DELETE RESTRICT ON UPDATE RESTRICT
) ENGINE = InnoDB CHARACTER SET = utf8 COLLATE = utf8_bin ROW_FORMAT = Dynamic;

-- ----------------------------
-- Records of act_ru_variable
-- ----------------------------
INSERT INTO `act_ru_variable` VALUES ('0603de80-b648-11ec-bb8d-120ba98bd27c', 1, 'serializable', 'gh81mehfdg78e', '05fd9cee-b648-11ec-bb8d-120ba98bd27c', '05fd9cee-b648-11ec-bb8d-120ba98bd27c', NULL, NULL, NULL, NULL, '060230cf-b648-11ec-bb8d-120ba98bd27c', NULL, NULL, NULL, NULL);
INSERT INTO `act_ru_variable` VALUES ('0604eff2-b648-11ec-bb8d-120ba98bd27c', 1, 'string', 'ea31mehfcrg9b', '05fd9cee-b648-11ec-bb8d-120ba98bd27c', '05fd9cee-b648-11ec-bb8d-120ba98bd27c', NULL, NULL, NULL, NULL, NULL, NULL, NULL, '1', NULL);

-- ----------------------------
-- Table structure for flow_custom_process_instance
-- ----------------------------
DROP TABLE IF EXISTS `flow_custom_process_instance`;
CREATE TABLE `flow_custom_process_instance`  (
  `id` int(11) NOT NULL AUTO_INCREMENT COMMENT 'id',
  `tenant_code` varchar(50) CHARACTER SET utf8mb4 COLLATE utf8mb4_unicode_ci DEFAULT '' COMMENT '',
  `start_user` varchar(50) CHARACTER SET utf8mb4 COLLATE utf8mb4_unicode_ci DEFAULT NULL COMMENT '',
  `start_user_name` varchar(50) CHARACTER SET utf8mb4 COLLATE utf8mb4_unicode_ci DEFAULT NULL COMMENT '',
  `name` varchar(64) CHARACTER SET utf8mb4 COLLATE utf8mb4_unicode_ci DEFAULT NULL COMMENT '',
  `model_info_id` int(11) DEFAULT NULL COMMENT 'id',
  `process_instance_id` varchar(64) CHARACTER SET utf8mb4 COLLATE utf8mb4_unicode_ci DEFAULT NULL COMMENT '',
  `process_definition_id` varchar(64) CHARACTER SET utf8mb4 COLLATE utf8mb4_unicode_ci DEFAULT NULL COMMENT '',
  `status` varchar(10) CHARACTER SET utf8mb4 COLLATE utf8mb4_unicode_ci DEFAULT NULL COMMENT '',
  `result` varchar(10) CHARACTER SET utf8mb4 COLLATE utf8mb4_unicode_ci DEFAULT NULL COMMENT '',
  `end_time` datetime(0) DEFAULT NULL COMMENT '',
  `form_variables` varchar(5000) CHARACTER SET utf8mb4 COLLATE utf8mb4_unicode_ci DEFAULT NULL COMMENT '',
  `create_id` int(11) DEFAULT NULL COMMENT '',
  `create_time` datetime(0) DEFAULT NULL COMMENT '',
  `modify_id` int(11) DEFAULT NULL COMMENT '',
  `modify_time` datetime(0) DEFAULT NULL COMMENT '',
  `conf` varchar(1000) CHARACTER SET utf8mb4 COLLATE utf8mb4_unicode_ci DEFAULT NULL COMMENT '',
  `fields` varchar(5000) CHARACTER SET utf8mb4 COLLATE utf8mb4_unicode_ci DEFAULT NULL COMMENT '',
  PRIMARY KEY (`id`) USING BTREE
) ENGINE = InnoDB AUTO_INCREMENT = 221 CHARACTER SET = utf8mb4 COLLATE = utf8mb4_unicode_ci COMMENT = '' ROW_FORMAT = Dynamic;

-- ----------------------------
-- Records of flow_custom_process_instance
-- ----------------------------
INSERT INTO `flow_custom_process_instance` VALUES (216, '', 'admin', '', '', 98, '55cb293a-abe9-11ec-a020-120ba98bd27c', 'Process_98:5:641f717e-abe7-11ec-aff9-120ba98bd27c', '', '', '2022-03-25 17:14:51', '{\"ea31mehfcrg9b\":\"1\",\"gh81mehfdg78e\":[\"1\"]}', 71, '2022-03-25 11:12:00', 72, '2022-03-25 17:14:51', '{\n  \"form\": {\n    \"inline\": false,\n    \"labelPosition\": \"right\",\n    \"size\": \"small\",\n    \"labelWidth\": \"125px\",\n    \"hideRequiredAsterisk\": false,\n    \"showMessage\": true,\n    \"inlineMessage\": false\n  }\n}', '[\n  {\n    \"type\": \"input\",\n    \"field\": \"ea31mehfcrg9b\",\n    \"title\": \"\",\n    \"info\": \"\",\n    \"props\": {\n      \"showWordLimit\": false,\n      \"rows\": 3,\n      \"type\": \"textarea\"\n    },\n    \"_fc_drag_tag\": \"input\",\n    \"hidden\": false,\n    \"display\": true\n  },\n  {\n    \"type\": \"checkbox\",\n    \"field\": \"gh81mehfdg78e\",\n    \"title\": \"\",\n    \"info\": \"\",\n    \"effect\": {\n      \"fetch\": \"\"\n    },\n    \"options\": [\n      {\n        \"value\": \"1\",\n        \"label\": \"1\"\n      },\n      {\n        \"value\": \"2\",\n        \"label\": \"2\"\n      }\n    ],\n    \"_fc_drag_tag\": \"checkbox\",\n    \"hidden\": false,\n    \"display\": true\n  }\n]');
INSERT INTO `flow_custom_process_instance` VALUES (217, '', 'admin', '', '', 98, '1a241b15-ac1f-11ec-aa4c-120ba98bd27c', 'Process_98:5:641f717e-abe7-11ec-aff9-120ba98bd27c', '', '', '2022-03-25 17:14:51', '{\"ea31mehfcrg9b\":\"1\",\"gh81mehfdg78e\":[\"1\"]}', 71, '2022-03-25 17:36:53', NULL, NULL, '{\n  \"form\": {\n    \"inline\": false,\n    \"labelPosition\": \"right\",\n    \"size\": \"small\",\n    \"labelWidth\": \"125px\",\n    \"hideRequiredAsterisk\": false,\n    \"showMessage\": true,\n    \"inlineMessage\": false\n  }\n}', '[\n  {\n    \"type\": \"input\",\n    \"field\": \"ea31mehfcrg9b\",\n    \"title\": \"\",\n    \"info\": \"\",\n    \"props\": {\n      \"showWordLimit\": false,\n      \"rows\": 3,\n      \"type\": \"textarea\"\n    },\n    \"_fc_drag_tag\": \"input\",\n    \"hidden\": false,\n    \"display\": true\n  },\n  {\n    \"type\": \"checkbox\",\n    \"field\": \"gh81mehfdg78e\",\n    \"title\": \"\",\n    \"info\": \"\",\n    \"effect\": {\n      \"fetch\": \"\"\n    },\n    \"options\": [\n      {\n        \"value\": \"1\",\n        \"label\": \"1\"\n      },\n      {\n        \"value\": \"2\",\n        \"label\": \"2\"\n      }\n    ],\n    \"_fc_drag_tag\": \"checkbox\",\n    \"hidden\": false,\n    \"display\": true\n  }\n]');
INSERT INTO `flow_custom_process_instance` VALUES (218, '', 'admin', '', '', 98, 'e60f3fb9-ac21-11ec-8da2-120ba98bd27c', 'Process_98:5:641f717e-abe7-11ec-aff9-120ba98bd27c', '', '', '2022-03-25 17:57:05', '{\"ea31mehfcrg9b\":\"1\",\"gh81mehfdg78e\":[\"1\"]}', 71, '2022-03-25 17:56:54', 71, '2022-03-25 17:57:05', '{\n  \"form\": {\n    \"inline\": false,\n    \"labelPosition\": \"right\",\n    \"size\": \"small\",\n    \"labelWidth\": \"125px\",\n    \"hideRequiredAsterisk\": false,\n    \"showMessage\": true,\n    \"inlineMessage\": false\n  }\n}', '[\n  {\n    \"type\": \"input\",\n    \"field\": \"ea31mehfcrg9b\",\n    \"title\": \"\",\n    \"info\": \"\",\n    \"props\": {\n      \"showWordLimit\": false,\n      \"rows\": 3,\n      \"type\": \"textarea\"\n    },\n    \"_fc_drag_tag\": \"input\",\n    \"hidden\": false,\n    \"display\": true\n  },\n  {\n    \"type\": \"checkbox\",\n    \"field\": \"gh81mehfdg78e\",\n    \"title\": \"\",\n    \"info\": \"\",\n    \"effect\": {\n      \"fetch\": \"\"\n    },\n    \"options\": [\n      {\n        \"value\": \"1\",\n        \"label\": \"1\"\n      },\n      {\n        \"value\": \"2\",\n        \"label\": \"2\"\n      }\n    ],\n    \"_fc_drag_tag\": \"checkbox\",\n    \"hidden\": false,\n    \"display\": true\n  }\n]');
INSERT INTO `flow_custom_process_instance` VALUES (219, '', 'admin', '', '', 98, 'f40be065-ac21-11ec-8da2-120ba98bd27c', 'Process_98:5:641f717e-abe7-11ec-aff9-120ba98bd27c', '', '', NULL, '{\"ea31mehfcrg9b\":\"1\",\"gh81mehfdg78e\":[\"1\"]}', 71, '2022-03-25 17:57:17', 71, '2022-03-25 17:57:58', '{\n  \"form\": {\n    \"inline\": false,\n    \"labelPosition\": \"right\",\n    \"size\": \"small\",\n    \"labelWidth\": \"125px\",\n    \"hideRequiredAsterisk\": false,\n    \"showMessage\": true,\n    \"inlineMessage\": false\n  }\n}', '[\n  {\n    \"type\": \"input\",\n    \"field\": \"ea31mehfcrg9b\",\n    \"title\": \"\",\n    \"info\": \"\",\n    \"props\": {\n      \"showWordLimit\": false,\n      \"rows\": 3,\n      \"type\": \"textarea\"\n    },\n    \"_fc_drag_tag\": \"input\",\n    \"hidden\": false,\n    \"display\": true\n  },\n  {\n    \"type\": \"checkbox\",\n    \"field\": \"gh81mehfdg78e\",\n    \"title\": \"\",\n    \"info\": \"\",\n    \"effect\": {\n      \"fetch\": \"\"\n    },\n    \"options\": [\n      {\n        \"value\": \"1\",\n        \"label\": \"1\"\n      },\n      {\n        \"value\": \"2\",\n        \"label\": \"2\"\n      }\n    ],\n    \"_fc_drag_tag\": \"checkbox\",\n    \"hidden\": false,\n    \"display\": true\n  }\n]');
INSERT INTO `flow_custom_process_instance` VALUES (220, '', 'admin', '', '', 98, '05fd9cee-b648-11ec-bb8d-120ba98bd27c', 'Process_98:6:62a0a86d-b644-11ec-bb8d-120ba98bd27c', '', '', NULL, '{\"ea31mehfcrg9b\":\"1\",\"gh81mehfdg78e\":[\"1\"]}', NULL, '2022-04-07 15:55:00', NULL, NULL, '{\n  \"form\": {\n    \"inline\": false,\n    \"labelPosition\": \"right\",\n    \"size\": \"small\",\n    \"labelWidth\": \"125px\",\n    \"hideRequiredAsterisk\": false,\n    \"showMessage\": true,\n    \"inlineMessage\": false\n  }\n}', '[\n  {\n    \"type\": \"input\",\n    \"field\": \"ea31mehfcrg9b\",\n    \"title\": \"\",\n    \"info\": \"\",\n    \"props\": {\n      \"showWordLimit\": false,\n      \"rows\": 3,\n      \"type\": \"textarea\"\n    },\n    \"_fc_drag_tag\": \"input\",\n    \"hidden\": false,\n    \"display\": true\n  },\n  {\n    \"type\": \"checkbox\",\n    \"field\": \"gh81mehfdg78e\",\n    \"title\": \"\",\n    \"info\": \"\",\n    \"effect\": {\n      \"fetch\": \"\"\n    },\n    \"options\": [\n      {\n        \"value\": \"1\",\n        \"label\": \"1\"\n      },\n      {\n        \"value\": \"2\",\n        \"label\": \"2\"\n      }\n    ],\n    \"_fc_drag_tag\": \"checkbox\",\n    \"hidden\": false,\n    \"display\": true\n  }\n]');

-- ----------------------------
-- Table structure for flow_custom_task
-- ----------------------------
DROP TABLE IF EXISTS `flow_custom_task`;
CREATE TABLE `flow_custom_task`  (
  `id` int(11) NOT NULL AUTO_INCREMENT COMMENT '',
  `assignee_user` varchar(50) CHARACTER SET utf8mb4 COLLATE utf8mb4_unicode_ci DEFAULT NULL COMMENT '',
  `assignee_user_name` varchar(50) CHARACTER SET utf8mb4 COLLATE utf8mb4_unicode_ci DEFAULT NULL COMMENT '',
  `name` varchar(64) CHARACTER SET utf8mb4 COLLATE utf8mb4_unicode_ci DEFAULT NULL COMMENT '',
  `task_id` varchar(64) CHARACTER SET utf8mb4 COLLATE utf8mb4_unicode_ci NOT NULL COMMENT '',
  `result` varchar(10) CHARACTER SET utf8mb4 COLLATE utf8mb4_unicode_ci NOT NULL COMMENT '',
  `comment` varchar(255) CHARACTER SET utf8mb4 COLLATE utf8mb4_unicode_ci DEFAULT NULL COMMENT '',
  `task_create_time` datetime(0) DEFAULT NULL COMMENT '',
  `end_time` datetime(0) DEFAULT NULL COMMENT '',
  `process_instance_id` varchar(64) CHARACTER SET utf8mb4 COLLATE utf8mb4_unicode_ci NOT NULL COMMENT '',
  `process_definition_id` varchar(64) CHARACTER SET utf8mb4 COLLATE utf8mb4_unicode_ci NOT NULL COMMENT '',
  `tenant_code` varchar(50) CHARACTER SET utf8mb4 COLLATE utf8mb4_unicode_ci DEFAULT '' COMMENT '',
  `create_id` int(11) DEFAULT NULL COMMENT '',
  `create_time` datetime(0) DEFAULT NULL COMMENT '',
  `modify_id` int(11) DEFAULT NULL COMMENT '',
  `modify_time` datetime(0) DEFAULT NULL COMMENT '',
  PRIMARY KEY (`id`) USING BTREE
) ENGINE = InnoDB AUTO_INCREMENT = 222 CHARACTER SET = utf8mb4 COLLATE = utf8mb4_unicode_ci COMMENT = '' ROW_FORMAT = Dynamic;

-- ----------------------------
-- Records of flow_custom_task
-- ----------------------------
INSERT INTO `flow_custom_task` VALUES (216, 'admin', '', '', '55d5feb3-abe9-11ec-a020-120ba98bd27c', '', NULL, '2022-03-25 11:12:00', '2022-03-25 15:42:32', '55cb293a-abe9-11ec-a020-120ba98bd27c', 'Process_98:5:641f717e-abe7-11ec-aff9-120ba98bd27c', '', 71, '2022-03-25 11:12:00', 71, '2022-03-25 15:42:32');
INSERT INTO `flow_custom_task` VALUES (217, '13570913814', '13570913814', '', '21007e94-ac0f-11ec-8fcd-120ba98bd27c', '', NULL, '2022-03-25 15:42:32', '2022-03-25 17:14:51', '55cb293a-abe9-11ec-a020-120ba98bd27c', 'Process_98:5:641f717e-abe7-11ec-aff9-120ba98bd27c', '', 71, '2022-03-25 15:42:32', 72, '2022-03-25 17:14:51');
INSERT INTO `flow_custom_task` VALUES (218, 'admin', '', '', '1a41671e-ac1f-11ec-aa4c-120ba98bd27c', '', NULL, '2022-03-25 17:36:52', '2022-03-25 17:55:37', '1a241b15-ac1f-11ec-aa4c-120ba98bd27c', 'Process_98:5:641f717e-abe7-11ec-aff9-120ba98bd27c', '', 71, '2022-03-25 17:36:53', NULL, NULL);
INSERT INTO `flow_custom_task` VALUES (219, 'admin', '', '', 'e61e33e2-ac21-11ec-8da2-120ba98bd27c', '', '', '2022-03-25 17:56:54', '2022-03-25 17:57:05', 'e60f3fb9-ac21-11ec-8da2-120ba98bd27c', 'Process_98:5:641f717e-abe7-11ec-aff9-120ba98bd27c', '', 71, '2022-03-25 17:56:54', 71, '2022-03-25 17:57:05');
INSERT INTO `flow_custom_task` VALUES (220, 'admin', '', '', 'f40c559e-ac21-11ec-8da2-120ba98bd27c', '', '', '2022-03-25 17:57:17', '2022-03-25 17:57:58', 'f40be065-ac21-11ec-8da2-120ba98bd27c', 'Process_98:5:641f717e-abe7-11ec-aff9-120ba98bd27c', '', 71, '2022-03-25 17:57:17', 71, '2022-03-25 17:57:58');
INSERT INTO `flow_custom_task` VALUES (221, 'admin', NULL, '', '061124f7-b648-11ec-bb8d-120ba98bd27c', '', NULL, '2022-04-07 15:55:00', NULL, '05fd9cee-b648-11ec-bb8d-120ba98bd27c', 'Process_98:6:62a0a86d-b644-11ec-bb8d-120ba98bd27c', '', NULL, '2022-04-07 15:55:00', NULL, NULL);

-- ----------------------------
-- Table structure for flow_form
-- ----------------------------
DROP TABLE IF EXISTS `flow_form`;
CREATE TABLE `flow_form`  (
  `id` int(11) NOT NULL AUTO_INCREMENT COMMENT 'id',
  `tenant_code` varchar(50) CHARACTER SET utf8mb4 COLLATE utf8mb4_unicode_ci DEFAULT '' COMMENT '',
  `conf` varchar(1000) CHARACTER SET utf8mb4 COLLATE utf8mb4_unicode_ci DEFAULT NULL COMMENT '',
  `fields` varchar(5000) CHARACTER SET utf8mb4 COLLATE utf8mb4_unicode_ci DEFAULT NULL COMMENT '',
  `description` varchar(255) CHARACTER SET utf8mb4 COLLATE utf8mb4_unicode_ci DEFAULT NULL COMMENT '',
  `create_id` int(11) DEFAULT NULL COMMENT '',
  `create_time` datetime(0) DEFAULT NULL COMMENT '',
  `modify_id` int(11) DEFAULT NULL COMMENT '',
  PRIMARY KEY (`id`) USING BTREE
) ENGINE = InnoDB AUTO_INCREMENT = 97 CHARACTER SET = utf8mb4 COLLATE = utf8mb4_unicode_ci COMMENT = '' ROW_FORMAT = Dynamic;

-- ----------------------------
-- Records of flow_form
-- ----------------------------
INSERT INTO `flow_form` VALUES (96, '', '{\n  \"form\": {\n    \"inline\": false,\n    \"labelPosition\": \"right\",\n    \"size\": \"small\",\n    \"labelWidth\": \"125px\",\n    \"hideRequiredAsterisk\": false,\n    \"showMessage\": true,\n    \"inlineMessage\": false\n  }\n}', '[\n  {\n    \"type\": \"input\",\n    \"field\": \"ea31mehfcrg9b\",\n    \"title\": \"\",\n    \"info\": \"\",\n    \"props\": {\n      \"showWordLimit\": false,\n      \"rows\": 3,\n      \"type\": \"textarea\"\n    },\n    \"_fc_drag_tag\": \"input\",\n    \"hidden\": false,\n    \"display\": true\n  },\n  {\n    \"type\": \"checkbox\",\n    \"field\": \"gh81mehfdg78e\",\n    \"title\": \"\",\n    \"info\": \"\",\n    \"effect\": {\n      \"fetch\": \"\"\n    },\n    \"options\": [\n      {\n        \"value\": \"1\",\n        \"label\": \"1\"\n      },\n      {\n        \"value\": \"2\",\n        \"label\": \"2\"\n      }\n    ],\n    \"_fc_drag_tag\": \"checkbox\",\n    \"hidden\": false,\n    \"display\": true\n  }\n]', '2', 71, '2022-03-18 10:23:33', 71);

-- ----------------------------
-- Table structure for flow_model_info
-- ----------------------------
DROP TABLE IF EXISTS `flow_model_info`;
CREATE TABLE `flow_model_info`  (
  `id` int(11) NOT NULL AUTO_INCREMENT COMMENT 'id',
  `tenant_code` varchar(50) CHARACTER SET utf8mb4 COLLATE utf8mb4_unicode_ci DEFAULT '' COMMENT '',
  `definition_id` varchar(64) CHARACTER SET utf8mb4 COLLATE utf8mb4_unicode_ci DEFAULT NULL COMMENT 'id',
  `model_key` varchar(64) CHARACTER SET utf8mb4 COLLATE utf8mb4_unicode_ci DEFAULT NULL COMMENT 'key',
  `name` varchar(64) CHARACTER SET utf8mb4 COLLATE utf8mb4_unicode_ci DEFAULT NULL COMMENT '',
  `description` varchar(255) CHARACTER SET utf8mb4 COLLATE utf8mb4_unicode_ci DEFAULT NULL COMMENT '',
  `form_type` varchar(16) CHARACTER SET utf8mb4 COLLATE utf8mb4_unicode_ci DEFAULT NULL COMMENT '',
  `form_id` int(11) DEFAULT NULL COMMENT '',
  `form_path` varchar(255) CHARACTER SET utf8mb4 COLLATE utf8mb4_unicode_ci DEFAULT NULL COMMENT '',
  `xml` text CHARACTER SET utf8mb4 COLLATE utf8mb4_unicode_ci COMMENT 'xml',
  `create_id` int(11) DEFAULT NULL COMMENT '',
  `create_time` datetime(0) DEFAULT NULL COMMENT '',
  `modify_id` int(11) DEFAULT NULL COMMENT '',
  `modify_time` datetime(0) DEFAULT NULL COMMENT '',
  `deploy_time` datetime(0) DEFAULT NULL COMMENT '',
  PRIMARY KEY (`id`) USING BTREE
) ENGINE = InnoDB AUTO_INCREMENT = 99 CHARACTER SET = utf8mb4 COLLATE = utf8mb4_unicode_ci COMMENT = 'Bpm' ROW_FORMAT = Dynamic;

-- ----------------------------
-- Records of flow_model_info
-- ----------------------------
INSERT INTO `flow_model_info` VALUES (98, '', 'Process_98:6:62a0a86d-b644-11ec-bb8d-120ba98bd27c', 'Process_98', '', NULL, '', 96, NULL, '<?xml version=\"1.0\" encoding=\"UTF-8\"?>\n<bpmn2:definitions xmlns:xsi=\"http://www.w3.org/2001/XMLSchema-instance\" xmlns:bpmn2=\"http://www.omg.org/spec/BPMN/20100524/MODEL\" xmlns:bpmndi=\"http://www.omg.org/spec/BPMN/20100524/DI\" xmlns:dc=\"http://www.omg.org/spec/DD/20100524/DC\" xmlns:di=\"http://www.omg.org/spec/DD/20100524/DI\" xmlns:flowable=\"http://flowable.org/bpmn\" id=\"diagram_Process_98\" targetNamespace=\"http://flowable.org/bpmn\"><bpmn2:process id=\"Process_98\" name=\"\" isExecutable=\"true\"><bpmn2:startEvent id=\"Event_1jx5j7s\"><bpmn2:outgoing>Flow_00wnvq7</bpmn2:outgoing></bpmn2:startEvent><bpmn2:userTask id=\"Activity_1oxkv78\" name=\"\" flowable:assignee=\"admin\" flowable:assigneeName=\"13570913814\"><bpmn2:extensionElements><flowable:properties><flowable:property name=\"a\" value=\"huangxj\" /></flowable:properties></bpmn2:extensionElements><bpmn2:incoming>Flow_00wnvq7</bpmn2:incoming><bpmn2:outgoing>Flow_1yjl460</bpmn2:outgoing></bpmn2:userTask><bpmn2:sequenceFlow id=\"Flow_00wnvq7\" sourceRef=\"Event_1jx5j7s\" targetRef=\"Activity_1oxkv78\" /><bpmn2:userTask id=\"Activity_1o6p2j9\" name=\"\" flowable:assignee=\"admin\"><bpmn2:incoming>Flow_1yjl460</bpmn2:incoming><bpmn2:outgoing>Flow_1wmu0w1</bpmn2:outgoing></bpmn2:userTask><bpmn2:sequenceFlow id=\"Flow_1yjl460\" sourceRef=\"Activity_1oxkv78\" targetRef=\"Activity_1o6p2j9\" /><bpmn2:endEvent id=\"Event_1hvknpa\"><bpmn2:incoming>Flow_1wmu0w1</bpmn2:incoming></bpmn2:endEvent><bpmn2:sequenceFlow id=\"Flow_1wmu0w1\" sourceRef=\"Activity_1o6p2j9\" targetRef=\"Event_1hvknpa\" /></bpmn2:process><bpmndi:BPMNDiagram id=\"BPMNDiagram_1\"><bpmndi:BPMNPlane id=\"BPMNPlane_1\" bpmnElement=\"Process_98\"><bpmndi:BPMNEdge id=\"Flow_1wmu0w1_di\" bpmnElement=\"Flow_1wmu0w1\"><di:waypoint x=\"690\" y=\"320\" /><di:waypoint x=\"762\" y=\"320\" /></bpmndi:BPMNEdge><bpmndi:BPMNEdge id=\"Flow_1yjl460_di\" bpmnElement=\"Flow_1yjl460\"><di:waypoint x=\"520\" y=\"320\" /><di:waypoint x=\"590\" y=\"320\" /></bpmndi:BPMNEdge><bpmndi:BPMNEdge id=\"Flow_00wnvq7_di\" bpmnElement=\"Flow_00wnvq7\"><di:waypoint x=\"368\" y=\"320\" /><di:waypoint x=\"420\" y=\"320\" /></bpmndi:BPMNEdge><bpmndi:BPMNShape id=\"Event_1jx5j7s_di\" bpmnElement=\"Event_1jx5j7s\"><dc:Bounds x=\"332\" y=\"302\" width=\"36\" height=\"36\" /></bpmndi:BPMNShape><bpmndi:BPMNShape id=\"Activity_1oxkv78_di\" bpmnElement=\"Activity_1oxkv78\"><dc:Bounds x=\"420\" y=\"280\" width=\"100\" height=\"80\" /><bpmndi:BPMNLabel /></bpmndi:BPMNShape><bpmndi:BPMNShape id=\"Activity_1o6p2j9_di\" bpmnElement=\"Activity_1o6p2j9\"><dc:Bounds x=\"590\" y=\"280\" width=\"100\" height=\"80\" /><bpmndi:BPMNLabel /></bpmndi:BPMNShape><bpmndi:BPMNShape id=\"Event_1hvknpa_di\" bpmnElement=\"Event_1hvknpa\"><dc:Bounds x=\"762\" y=\"302\" width=\"36\" height=\"36\" /></bpmndi:BPMNShape></bpmndi:BPMNPlane></bpmndi:BPMNDiagram></bpmn2:definitions>', 71, '2022-03-24 16:53:55', 71, '2022-04-07 15:52:47', '2022-04-07 15:28:57');

-- ----------------------------
-- Table structure for flw_channel_definition
-- ----------------------------
DROP TABLE IF EXISTS `flw_channel_definition`;
CREATE TABLE `flw_channel_definition`  (
  `ID_` varchar(255) CHARACTER SET utf8mb4 COLLATE utf8mb4_bin NOT NULL,
  `NAME_` varchar(255) CHARACTER SET utf8mb4 COLLATE utf8mb4_bin DEFAULT NULL,
  `VERSION_` int(11) DEFAULT NULL,
  `KEY_` varchar(255) CHARACTER SET utf8mb4 COLLATE utf8mb4_bin DEFAULT NULL,
  `CATEGORY_` varchar(255) CHARACTER SET utf8mb4 COLLATE utf8mb4_bin DEFAULT NULL,
  `DEPLOYMENT_ID_` varchar(255) CHARACTER SET utf8mb4 COLLATE utf8mb4_bin DEFAULT NULL,
  `CREATE_TIME_` datetime(3) DEFAULT NULL,
  `TENANT_ID_` varchar(255) CHARACTER SET utf8mb4 COLLATE utf8mb4_bin DEFAULT NULL,
  `RESOURCE_NAME_` varchar(255) CHARACTER SET utf8mb4 COLLATE utf8mb4_bin DEFAULT NULL,
  `DESCRIPTION_` varchar(255) CHARACTER SET utf8mb4 COLLATE utf8mb4_bin DEFAULT NULL,
  PRIMARY KEY (`ID_`) USING BTREE,
  UNIQUE INDEX `ACT_IDX_CHANNEL_DEF_UNIQ`(`KEY_`, `VERSION_`, `TENANT_ID_`) USING BTREE
) ENGINE = InnoDB CHARACTER SET = utf8mb4 COLLATE = utf8mb4_bin ROW_FORMAT = Dynamic;

-- ----------------------------
-- Table structure for flw_ev_databasechangelog
-- ----------------------------
DROP TABLE IF EXISTS `flw_ev_databasechangelog`;
CREATE TABLE `flw_ev_databasechangelog`  (
  `ID` varchar(255) CHARACTER SET utf8mb4 COLLATE utf8mb4_bin NOT NULL,
  `AUTHOR` varchar(255) CHARACTER SET utf8mb4 COLLATE utf8mb4_bin NOT NULL,
  `FILENAME` varchar(255) CHARACTER SET utf8mb4 COLLATE utf8mb4_bin NOT NULL,
  `DATEEXECUTED` datetime(0) NOT NULL,
  `ORDEREXECUTED` int(11) NOT NULL,
  `EXECTYPE` varchar(10) CHARACTER SET utf8mb4 COLLATE utf8mb4_bin NOT NULL,
  `MD5SUM` varchar(35) CHARACTER SET utf8mb4 COLLATE utf8mb4_bin DEFAULT NULL,
  `DESCRIPTION` varchar(255) CHARACTER SET utf8mb4 COLLATE utf8mb4_bin DEFAULT NULL,
  `COMMENTS` varchar(255) CHARACTER SET utf8mb4 COLLATE utf8mb4_bin DEFAULT NULL,
  `TAG` varchar(255) CHARACTER SET utf8mb4 COLLATE utf8mb4_bin DEFAULT NULL,
  `LIQUIBASE` varchar(20) CHARACTER SET utf8mb4 COLLATE utf8mb4_bin DEFAULT NULL,
  `CONTEXTS` varchar(255) CHARACTER SET utf8mb4 COLLATE utf8mb4_bin DEFAULT NULL,
  `LABELS` varchar(255) CHARACTER SET utf8mb4 COLLATE utf8mb4_bin DEFAULT NULL,
  `DEPLOYMENT_ID` varchar(10) CHARACTER SET utf8mb4 COLLATE utf8mb4_bin DEFAULT NULL
) ENGINE = InnoDB CHARACTER SET = utf8mb4 COLLATE = utf8mb4_bin ROW_FORMAT = Dynamic;

-- ----------------------------
-- Records of flw_ev_databasechangelog
-- ----------------------------
INSERT INTO `flw_ev_databasechangelog` VALUES ('1', 'flowable', 'org/flowable/eventregistry/db/liquibase/flowable-eventregistry-db-changelog.xml', '2022-03-23 14:05:07', 1, 'EXECUTED', '8:1b0c48c9cf7945be799d868a2626d687', 'createTable tableName=FLW_EVENT_DEPLOYMENT; createTable tableName=FLW_EVENT_RESOURCE; createTable tableName=FLW_EVENT_DEFINITION; createIndex indexName=ACT_IDX_EVENT_DEF_UNIQ, tableName=FLW_EVENT_DEFINITION; createTable tableName=FLW_CHANNEL_DEFIN...', '', NULL, '3.8.9', NULL, NULL, '8015507486');

-- ----------------------------
-- Table structure for flw_ev_databasechangeloglock
-- ----------------------------
DROP TABLE IF EXISTS `flw_ev_databasechangeloglock`;
CREATE TABLE `flw_ev_databasechangeloglock`  (
  `ID` int(11) NOT NULL,
  `LOCKED` bit(1) NOT NULL,
  `LOCKGRANTED` datetime(0) DEFAULT NULL,
  `LOCKEDBY` varchar(255) CHARACTER SET utf8mb4 COLLATE utf8mb4_bin DEFAULT NULL,
  PRIMARY KEY (`ID`) USING BTREE
) ENGINE = InnoDB CHARACTER SET = utf8mb4 COLLATE = utf8mb4_bin ROW_FORMAT = Dynamic;

-- ----------------------------
-- Records of flw_ev_databasechangeloglock
-- ----------------------------
INSERT INTO `flw_ev_databasechangeloglock` VALUES (1, b'0', NULL, NULL);

-- ----------------------------
-- Table structure for flw_event_definition
-- ----------------------------
DROP TABLE IF EXISTS `flw_event_definition`;
CREATE TABLE `flw_event_definition`  (
  `ID_` varchar(255) CHARACTER SET utf8mb4 COLLATE utf8mb4_bin NOT NULL,
  `NAME_` varchar(255) CHARACTER SET utf8mb4 COLLATE utf8mb4_bin DEFAULT NULL,
  `VERSION_` int(11) DEFAULT NULL,
  `KEY_` varchar(255) CHARACTER SET utf8mb4 COLLATE utf8mb4_bin DEFAULT NULL,
  `CATEGORY_` varchar(255) CHARACTER SET utf8mb4 COLLATE utf8mb4_bin DEFAULT NULL,
  `DEPLOYMENT_ID_` varchar(255) CHARACTER SET utf8mb4 COLLATE utf8mb4_bin DEFAULT NULL,
  `TENANT_ID_` varchar(255) CHARACTER SET utf8mb4 COLLATE utf8mb4_bin DEFAULT NULL,
  `RESOURCE_NAME_` varchar(255) CHARACTER SET utf8mb4 COLLATE utf8mb4_bin DEFAULT NULL,
  `DESCRIPTION_` varchar(255) CHARACTER SET utf8mb4 COLLATE utf8mb4_bin DEFAULT NULL,
  PRIMARY KEY (`ID_`) USING BTREE,
  UNIQUE INDEX `ACT_IDX_EVENT_DEF_UNIQ`(`KEY_`, `VERSION_`, `TENANT_ID_`) USING BTREE
) ENGINE = InnoDB CHARACTER SET = utf8mb4 COLLATE = utf8mb4_bin ROW_FORMAT = Dynamic;

-- ----------------------------
-- Table structure for flw_event_deployment
-- ----------------------------
DROP TABLE IF EXISTS `flw_event_deployment`;
CREATE TABLE `flw_event_deployment`  (
  `ID_` varchar(255) CHARACTER SET utf8mb4 COLLATE utf8mb4_bin NOT NULL,
  `NAME_` varchar(255) CHARACTER SET utf8mb4 COLLATE utf8mb4_bin DEFAULT NULL,
  `CATEGORY_` varchar(255) CHARACTER SET utf8mb4 COLLATE utf8mb4_bin DEFAULT NULL,
  `DEPLOY_TIME_` datetime(3) DEFAULT NULL,
  `TENANT_ID_` varchar(255) CHARACTER SET utf8mb4 COLLATE utf8mb4_bin DEFAULT NULL,
  `PARENT_DEPLOYMENT_ID_` varchar(255) CHARACTER SET utf8mb4 COLLATE utf8mb4_bin DEFAULT NULL,
  PRIMARY KEY (`ID_`) USING BTREE
) ENGINE = InnoDB CHARACTER SET = utf8mb4 COLLATE = utf8mb4_bin ROW_FORMAT = Dynamic;

-- ----------------------------
-- Table structure for flw_event_resource
-- ----------------------------
DROP TABLE IF EXISTS `flw_event_resource`;
CREATE TABLE `flw_event_resource`  (
  `ID_` varchar(255) CHARACTER SET utf8mb4 COLLATE utf8mb4_bin NOT NULL,
  `NAME_` varchar(255) CHARACTER SET utf8mb4 COLLATE utf8mb4_bin DEFAULT NULL,
  `DEPLOYMENT_ID_` varchar(255) CHARACTER SET utf8mb4 COLLATE utf8mb4_bin DEFAULT NULL,
  `RESOURCE_BYTES_` longblob,
  PRIMARY KEY (`ID_`) USING BTREE
) ENGINE = InnoDB CHARACTER SET = utf8mb4 COLLATE = utf8mb4_bin ROW_FORMAT = Dynamic;

-- ----------------------------
-- Table structure for flw_ru_batch
-- ----------------------------
DROP TABLE IF EXISTS `flw_ru_batch`;
CREATE TABLE `flw_ru_batch`  (
  `ID_` varchar(64) CHARACTER SET utf8 COLLATE utf8_bin NOT NULL,
  `REV_` int(11) DEFAULT NULL,
  `TYPE_` varchar(64) CHARACTER SET utf8 COLLATE utf8_bin NOT NULL,
  `SEARCH_KEY_` varchar(255) CHARACTER SET utf8 COLLATE utf8_bin DEFAULT NULL,
  `SEARCH_KEY2_` varchar(255) CHARACTER SET utf8 COLLATE utf8_bin DEFAULT NULL,
  `CREATE_TIME_` datetime(3) NOT NULL,
  `COMPLETE_TIME_` datetime(3) DEFAULT NULL,
  `STATUS_` varchar(255) CHARACTER SET utf8 COLLATE utf8_bin DEFAULT NULL,
  `BATCH_DOC_ID_` varchar(64) CHARACTER SET utf8 COLLATE utf8_bin DEFAULT NULL,
  `TENANT_ID_` varchar(255) CHARACTER SET utf8 COLLATE utf8_bin DEFAULT '',
  PRIMARY KEY (`ID_`) USING BTREE
) ENGINE = InnoDB CHARACTER SET = utf8 COLLATE = utf8_bin ROW_FORMAT = Dynamic;

-- ----------------------------
-- Table structure for flw_ru_batch_part
-- ----------------------------
DROP TABLE IF EXISTS `flw_ru_batch_part`;
CREATE TABLE `flw_ru_batch_part`  (
  `ID_` varchar(64) CHARACTER SET utf8 COLLATE utf8_bin NOT NULL,
  `REV_` int(11) DEFAULT NULL,
  `BATCH_ID_` varchar(64) CHARACTER SET utf8 COLLATE utf8_bin DEFAULT NULL,
  `TYPE_` varchar(64) CHARACTER SET utf8 COLLATE utf8_bin NOT NULL,
  `SCOPE_ID_` varchar(64) CHARACTER SET utf8 COLLATE utf8_bin DEFAULT NULL,
  `SUB_SCOPE_ID_` varchar(64) CHARACTER SET utf8 COLLATE utf8_bin DEFAULT NULL,
  `SCOPE_TYPE_` varchar(64) CHARACTER SET utf8 COLLATE utf8_bin DEFAULT NULL,
  `SEARCH_KEY_` varchar(255) CHARACTER SET utf8 COLLATE utf8_bin DEFAULT NULL,
  `SEARCH_KEY2_` varchar(255) CHARACTER SET utf8 COLLATE utf8_bin DEFAULT NULL,
  `CREATE_TIME_` datetime(3) NOT NULL,
  `COMPLETE_TIME_` datetime(3) DEFAULT NULL,
  `STATUS_` varchar(255) CHARACTER SET utf8 COLLATE utf8_bin DEFAULT NULL,
  `RESULT_DOC_ID_` varchar(64) CHARACTER SET utf8 COLLATE utf8_bin DEFAULT NULL,
  `TENANT_ID_` varchar(255) CHARACTER SET utf8 COLLATE utf8_bin DEFAULT '',
  PRIMARY KEY (`ID_`) USING BTREE,
  INDEX `FLW_IDX_BATCH_PART`(`BATCH_ID_`) USING BTREE,
  CONSTRAINT `FLW_FK_BATCH_PART_PARENT` FOREIGN KEY (`BATCH_ID_`) REFERENCES `flw_ru_batch` (`ID_`) ON DELETE RESTRICT ON UPDATE RESTRICT
) ENGINE = InnoDB CHARACTER SET = utf8 COLLATE = utf8_bin ROW_FORMAT = Dynamic;

-- ----------------------------
-- View structure for view_alarm_record_day
-- ----------------------------
DROP VIEW IF EXISTS `view_alarm_record_day`;
CREATE ALGORITHM = UNDEFINED DEFINER = `root`@`%` SQL SECURITY DEFINER VIEW `view_alarm_record_day` AS select `a`.`cal_date` AS `alarm_date`,`b`.`id` AS `id`,`b`.`device_id` AS `device_id`,`b`.`group_code` AS `group_code`,`b`.`module` AS `module`,`b`.`com` AS `com`,`b`.`channel` AS `channel`,`b`.`alarm_event` AS `alarm_event`,`b`.`alarm_time` AS `alarm_time`,`b`.`alarm_type` AS `alarm_type`,`b`.`recovery_time` AS `recovery_time`,`b`.`recovery_type` AS `recovery_type`,timestampdiff(SECOND,if((`a`.`start_time` > `b`.`alarm_time`),`a`.`start_time`,`b`.`alarm_time`),if((`a`.`end_time` > `b`.`modify_time`),`b`.`modify_time`,`a`.`end_time`)) AS `duration` from (`sys_date` `a` left join `alm_alarm_record` `b` on(((`a`.`start_time` >= date_format(`b`.`alarm_time`,'%Y-%m-%d')) and ((`a`.`cal_date` <= date_format(`b`.`recovery_time`,'%Y-%m-%d')) or isnull(`b`.`recovery_time`)) and (`b`.`modify_time` > `a`.`start_time`))));

SET FOREIGN_KEY_CHECKS = 1;
